"txn_id","posting_date","account_code","cost_centre","customer_id","currency_code","amount","description","source_system"
"1","2026-03-21","41007","CC002","1062","JPY","16212.95","GL posting 1","ERP"
"2","2026-03-07","41042","CC008","1119","GBP","16135.38","GL posting 2","ERP"
"3","2026-05-30","41009","CC017","1014","GBP","-368.95","GL posting 3","ERP"
"4","2026-04-05","41012","CC008","1010","EUR","6314.45","GL posting 4","ERP"
"5","2026-06-25","41021","CC016","1029","JPY","20281.32","GL posting 5","ERP"
"6","2026-05-19","41040","CC014","1106","EUR","48754.48","GL posting 6","ERP"
"7","2026-07-15","41005","CC013","1138","GBP","37191.04","GL posting 7","ERP"
"8","2026-01-14","41042","CC003","1084","EUR","32490.24","GL posting 8","ERP"
"9","2026-06-15","41045","CC005","1160","EUR","3170.09","GL posting 9","ERP"
"10","2026-01-31","41043","CC007","1122","EUR","38667.55","GL posting 10","ERP"
"11","2026-06-30","41029","CC005","1148","GBP","41535.63","GL posting 11","ERP"
"12","2026-05-04","41003","CC010","1109","EUR","17579.7","GL posting 12","ERP"
"13","2026-01-15","41025","CC019","1135","JPY","11011.67","GL posting 13","ERP"
"14","2026-04-28","41040","CC006","1047","USD","437.11","GL posting 14","ERP"
"15","2026-06-17","41015","CC019","1118","GBP","31172.58","GL posting 15","ERP"
"16","2026-07-09","41041","CC001","1184","GBP","2523.25","GL posting 16","ERP"
"17","2026-03-23","41002","CC014","1080","USD","44107.92","GL posting 17","ERP"
"18","2026-03-03","41006","CC020","1106","EUR","-1700.4","GL posting 18","ERP"
"19","2026-04-02","41040","CC018","1151","USD","20625.13","GL posting 19","ERP"
"20","2026-07-15","41038","CC007","1094","USD","43543.09","GL posting 20","ERP"
"21","2026-06-15","41019","CC005","1106","JPY","31942.46","GL posting 21","ERP"
"22","2026-06-22","41043","CC013","1003","EUR","47438.34","GL posting 22","ERP"
"23","2026-04-15","41027","CC020","1002","USD","20808.48","GL posting 23","ERP"
"24","2026-07-10","41039","CC013","1112","GBP","39936","GL posting 24","ERP"
"25","2026-03-24","41015","CC020","1148","EUR","16682.2","GL posting 25","ERP"
"26","2026-05-19","41046","CC014","1199","USD","12040.79","GL posting 26","ERP"
"27","2026-01-01","41043","CC001","1087","CHF","-638.52","GL posting 27","ERP"
"28","2026-06-19","41019","CC003","1042","CHF","7176.53","GL posting 28","ERP"
"29","2026-05-05","41011","CC013","1136","EUR","41960.26","GL posting 29","ERP"
"30","2026-04-27","41032","CC019","1179","CHF","4624.23","GL posting 30","ERP"
"31","2026-01-22","41026","CC015","1014","CHF","36585.36","GL posting 31","ERP"
"32","2026-05-17","41037","CC004","1124","CHF","6294.21","GL posting 32","ERP"
"33","2026-04-10","41039","CC017","1168","GBP","7870.17","GL posting 33","ERP"
"34","2026-05-13","41042","CC014","1145","EUR","7286.4","GL posting 34","ERP"
"35","2026-04-20","41018","CC012","1055","USD","30601.44","GL posting 35","ERP"
"36","2026-06-11","41020","CC005","1005","JPY","22803.93","GL posting 36","ERP"
"37","2026-07-02","41033","CC013","1026","EUR","6626.8","GL posting 37","ERP"
"38","2026-03-09","41025","CC020","1021","USD","11756.46","GL posting 38","ERP"
"39","2026-04-02","41027","CC007","1013","EUR","-2264.01","GL posting 39","ERP"
"40","2026-07-04","41016","CC020","1168","JPY","29338.45","GL posting 40","ERP"
"41","2026-07-07","41022","CC009","1020","EUR","6368.09","GL posting 41","ERP"
"42","2026-01-27","41013","CC014","1122","CHF","15272.15","GL posting 42","ERP"
"43","2026-04-15","41009","CC014","1033","CHF","26739.59","GL posting 43","ERP"
"44","2026-01-25","41049","CC005","1008","GBP","-1743.77","GL posting 44","ERP"
"45","2026-07-05","41039","CC004","1196","GBP","8438.17","GL posting 45","ERP"
"46","2026-02-13","41047","CC015","1196","JPY","7429.4","GL posting 46","ERP"
"47","2026-02-23","41019","CC013","1099","GBP","-4544.68","GL posting 47","ERP"
"48","2026-01-01","41017","CC010","1073","USD","35618.84","GL posting 48","ERP"
"49","2026-04-21","41021","CC006","1001","CHF","49356.51","GL posting 49","ERP"
"50","2026-01-28","41023","CC017","1012","JPY","4522.99","GL posting 50","ERP"
"51","2026-02-13","41011","CC015","1030","EUR","35182.77","GL posting 51","ERP"
"52","2026-05-25","41022","CC020","1163","EUR","10441.24","GL posting 52","ERP"
"53","2026-06-12","41035","CC020","1084","CHF","41072.18","GL posting 53","ERP"
"54","2026-05-03","41021","CC005","1142","GBP","2588.63","GL posting 54","ERP"
"55","2026-04-01","41038","CC017","1183","JPY","-2783.88","GL posting 55","ERP"
"56","2026-04-29","41000","CC008","1149","JPY","2138.09","GL posting 56","ERP"
"57","2026-02-15","41049","CC008","1047","GBP","-700.42","GL posting 57","ERP"
"58","2026-07-10","41029","CC005","1145","CHF","21995.68","GL posting 58","ERP"
"59","2026-01-31","41046","CC020","1019","GBP","35042.05","GL posting 59","ERP"
"60","2026-02-25","41042","CC003","1013","USD","16852.85","GL posting 60","ERP"
"61","2026-01-19","41007","CC014","1016","USD","5475.96","GL posting 61","ERP"
"62","2026-01-27","41015","CC017","1153","EUR","6459.7","GL posting 62","ERP"
"63","2026-04-14","41032","CC002","1013","GBP","28133.38","GL posting 63","ERP"
"64","2026-06-21","41049","CC010","1043","USD","33220.83","GL posting 64","ERP"
"65","2026-05-05","41002","CC001","1029","GBP","39160.36","GL posting 65","ERP"
"66","2026-07-06","41039","CC019","1001","USD","25830.06","GL posting 66","ERP"
"67","2026-07-04","41027","CC012","1190","JPY","44525.46","GL posting 67","ERP"
"68","2026-03-11","41049","CC019","1138","GBP","39415.03","GL posting 68","ERP"
"69","2026-02-03","41001","CC010","1117","GBP","26522.77","GL posting 69","ERP"
"70","2026-04-15","41026","CC007","1020","USD","34734.77","GL posting 70","ERP"
"71","2026-06-04","41027","CC006","1124","USD","32847.62","GL posting 71","ERP"
"72","2026-02-22","41010","CC014","1106","CHF","39413.15","GL posting 72","ERP"
"73","2026-05-18","41018","CC016","1053","CHF","48537.5","GL posting 73","ERP"
"74","2026-02-13","41043","CC004","1129","JPY","44815.64","GL posting 74","ERP"
"75","2026-07-28","41012","CC018","1096","EUR","19230.17","GL posting 75","ERP"
"76","2026-02-21","41033","CC018","1114","JPY","32782.81","GL posting 76","ERP"
"77","2026-01-20","41018","CC020","1030","USD","45473.67","GL posting 77","ERP"
"78","2026-01-02","41018","CC007","1196","GBP","26498.75","GL posting 78","ERP"
"79","2026-06-05","41011","CC006","1016","USD","-1315.37","GL posting 79","ERP"
"80","2026-06-08","41004","CC009","1112","JPY","-2738.17","GL posting 80","ERP"
"81","2026-07-25","41013","CC008","1195","USD","2266.78","GL posting 81","ERP"
"82","2026-02-15","41014","CC012","1016","USD","28501.34","GL posting 82","ERP"
"83","2026-03-07","41039","CC009","1052","USD","45782.63","GL posting 83","ERP"
"84","2026-01-04","41046","CC005","1009","JPY","7569.56","GL posting 84","ERP"
"85","2026-06-08","41009","CC003","1000","CHF","28605.82","GL posting 85","ERP"
"86","2026-07-10","41033","CC007","1000","CHF","8131.37","GL posting 86","ERP"
"87","2026-05-26","41023","CC014","1088","USD","6786.26","GL posting 87","ERP"
"88","2026-01-17","41007","CC002","1104","CHF","29226.34","GL posting 88","ERP"
"89","2026-01-03","41047","CC011","1057","USD","2540.44","GL posting 89","ERP"
"90","2026-07-17","41008","CC003","1018","EUR","-3559.39","GL posting 90","ERP"
"91","2026-02-05","41000","CC007","1023","GBP","46137.43","GL posting 91","ERP"
"92","2026-06-30","41024","CC019","1099","EUR","4512.6","GL posting 92","ERP"
"93","2026-01-08","41010","CC009","1157","USD","25878.18","GL posting 93","ERP"
"94","2026-04-14","41031","CC012","1071","EUR","10283.32","GL posting 94","ERP"
"95","2026-02-19","41006","CC003","1161","EUR","12743.16","GL posting 95","ERP"
"96","2026-03-09","41016","CC005","1053","GBP","9245.71","GL posting 96","ERP"
"97","2026-02-14","41029","CC002","1188","EUR","14796.24","GL posting 97","ERP"
"98","2026-02-16","41001","CC001","1160","USD","22374.2","GL posting 98","ERP"
"99","2026-07-04","41029","CC011","1157","GBP","29597.14","GL posting 99","ERP"
"100","2026-04-14","41008","CC001","1017","EUR","44229.8","GL posting 100","ERP"
"101","2026-06-25","41011","CC012","1049","EUR","10217.16","GL posting 101","ERP"
"102","2026-06-16","41030","CC001","1171","GBP","31531.14","GL posting 102","ERP"
"103","2026-05-06","41030","CC002","1199","GBP","21886.57","GL posting 103","ERP"
"104","2026-01-10","41009","CC007","1179","JPY","22980.82","GL posting 104","ERP"
"105","2026-02-22","41036","CC020","1031","EUR","14686.63","GL posting 105","ERP"
"106","2026-05-09","41044","CC007","1190","USD","-2558.43","GL posting 106","ERP"
"107","2026-01-17","41027","CC014","1168","JPY","24984.7","GL posting 107","ERP"
"108","2026-03-09","41004","CC017","1165","JPY","748.71","GL posting 108","ERP"
"109","2026-04-28","41034","CC015","1192","EUR","32309.1","GL posting 109","ERP"
"110","2026-01-26","41000","CC006","1081","CHF","33459.88","GL posting 110","ERP"
"111","2026-04-01","41038","CC002","1158","EUR","22181.05","GL posting 111","ERP"
"112","2026-01-26","41042","CC013","1198","EUR","13837.46","GL posting 112","ERP"
"113","2026-06-08","41031","CC006","1032","GBP","37183.2","GL posting 113","ERP"
"114","2026-03-05","41047","CC015","1195","CHF","45945.07","GL posting 114","ERP"
"115","2026-02-18","41015","CC011","1157","JPY","8654.39","GL posting 115","ERP"
"116","2026-01-28","41019","CC006","1152","JPY","11899.11","GL posting 116","ERP"
"117","2026-04-15","41025","CC001","1027","EUR","27147.49","GL posting 117","ERP"
"118","2026-02-13","41007","CC014","1161","JPY","-1117.43","GL posting 118","ERP"
"119","2026-02-05","41018","CC019","1101","EUR","10991.98","GL posting 119","ERP"
"120","2026-03-26","41048","CC017","1158","GBP","27871.76","GL posting 120","ERP"
"121","2026-03-15","41005","CC006","1083","GBP","6592.09","GL posting 121","ERP"
"122","2026-05-13","41022","CC011","1021","JPY","13959.24","GL posting 122","ERP"
"123","2026-05-24","41049","CC020","1121","EUR","14018.83","GL posting 123","ERP"
"124","2026-04-18","41021","CC009","1031","GBP","34479.35","GL posting 124","ERP"
"125","2026-06-10","41023","CC004","1164","ZZZ","38207.05","GL posting 125","ERP"
"126","2026-07-13","41029","CC004","1086","EUR","10576.81","GL posting 126","ERP"
"127","2026-02-14","41024","CC015","1111","USD","32232.01","GL posting 127","ERP"
"128","2026-04-25","41028","CC012","1015","EUR","23760.61","GL posting 128","ERP"
"129","2026-04-07","41038","CC017","1071","EUR","14494.26","GL posting 129","ERP"
"130","2026-04-16","41034","CC005","1010","EUR","-1694.02","GL posting 130","ERP"
"131","2026-03-07","41036","CC013","1115","JPY","527.58","GL posting 131","ERP"
"132","2026-03-30","41031","CC018","1110","EUR","23529.27","GL posting 132","ERP"
"133","2026-03-02","41040","CC002","1186","GBP","9916.13","GL posting 133","ERP"
"134","2026-05-17","41033","CC012","1093","EUR","43289.39","GL posting 134","ERP"
"135","2026-01-17","41024","CC001","1153","CHF","23625.84","GL posting 135","ERP"
"136","2026-04-01","41016","CC012","1153","GBP","24164.14","GL posting 136","ERP"
"137","2026-07-08","41048","CC006","1187","EUR","14567.4","GL posting 137","ERP"
"138","2026-05-10","41036","CC019","1172","CHF","4545.64","GL posting 138","ERP"
"139","2026-06-13","41018","CC017","1173","USD","46579.26","GL posting 139","ERP"
"140","2026-07-28","41028","CC001","1104","GBP","24265.02","GL posting 140","ERP"
"141","2026-05-15","41011","CC018","1046","EUR","34182.54","GL posting 141","ERP"
"142","2026-07-23","41043","CC003","","GBP","-2559.62","GL posting 142","ERP"
"143","2026-06-20","41031","CC004","1063","CHF","41608.43","GL posting 143","ERP"
"144","2026-06-06","41037","CC018","1016","GBP","41472.76","GL posting 144","ERP"
"145","2026-03-04","41009","CC005","1071","CHF","18536.46","GL posting 145","ERP"
"146","2026-06-12","41040","CC012","1025","JPY","37236.71","GL posting 146","ERP"
"147","2026-03-23","41009","CC009","1044","CHF","-3884.96","GL posting 147","ERP"
"148","2026-07-23","41001","CC006","1185","GBP","1025.29","GL posting 148","ERP"
"149","2026-02-24","41035","CC001","1088","GBP","30707.94","GL posting 149","ERP"
"150","2026-07-09","41019","CC007","1131","JPY","11866.24","GL posting 150","ERP"
"151","2026-01-15","41042","CC020","1057","CHF","40302.39","GL posting 151","ERP"
"152","2026-04-30","41005","CC004","1163","CHF","46881.02","GL posting 152","ERP"
"153","2026-06-09","41045","CC020","1137","USD","23873.42","GL posting 153","ERP"
"154","2026-01-10","41006","CC001","1035","CHF","13020.39","GL posting 154","ERP"
"155","2026-01-17","41023","CC008","1128","GBP","45312.02","GL posting 155","ERP"
"156","2026-03-09","41003","CC002","1057","USD","25853.51","GL posting 156","ERP"
"157","2026-06-10","41039","CC011","1126","CHF","27629.27","GL posting 157","ERP"
"158","2026-05-02","41032","CC016","1010","GBP","-3009.36","GL posting 158","ERP"
"159","2026-07-25","41012","CC013","1153","JPY","7133.46","GL posting 159","ERP"
"160","2026-01-31","41019","CC018","1152","CHF","23395.08","GL posting 160","ERP"
"161","2026-01-06","41021","CC018","1165","CHF","27188.58","GL posting 161","ERP"
"162","2026-04-24","41016","CC015","1051","CHF","11737.09","GL posting 162","ERP"
"163","2026-02-06","41043","CC014","","EUR","25567.22","GL posting 163","ERP"
"164","2026-04-24","41000","CC019","1129","CHF","17258.14","GL posting 164","ERP"
"165","2026-02-13","41008","CC015","1138","CHF","45683.64","GL posting 165","ERP"
"166","2026-03-31","41014","CC005","1049","CHF","42972.95","GL posting 166","ERP"
"167","2026-04-19","41015","CC013","1120","JPY","2425.25","GL posting 167","ERP"
"168","2026-06-12","41023","CC015","1016","CHF","32888.36","GL posting 168","ERP"
"169","2026-02-21","41039","CC009","1162","GBP","18353.41","GL posting 169","ERP"
"170","2026-04-08","41039","CC005","1060","USD","23709.48","GL posting 170","ERP"
"171","2026-07-26","41038","CC004","1113","GBP","45561.96","GL posting 171","ERP"
"172","2026-04-06","41002","CC010","1123","EUR","17553.85","GL posting 172","ERP"
"173","2026-07-12","41039","CC008","1080","CHF","10340.26","GL posting 173","ERP"
"174","2026-05-13","41006","CC013","1171","GBP","42975.64","GL posting 174","ERP"
"175","2026-06-01","41039","CC017","1040","EUR","33565.08","GL posting 175","ERP"
"176","2026-07-01","41000","CC017","1083","CHF","7852.97","GL posting 176","ERP"
"177","2026-01-22","41047","CC014","1047","GBP","42359.81","GL posting 177","ERP"
"178","2026-07-13","41015","CC020","1065","JPY","7610.62","GL posting 178","ERP"
"179","2026-04-11","41038","CC014","1068","USD","10825.29","GL posting 179","ERP"
"180","2026-06-26","41005","CC020","1027","JPY","2243.36","GL posting 180","ERP"
"181","2026-04-24","41037","CC002","1034","CHF","14109.11","GL posting 181","ERP"
"182","2026-01-15","41030","CC010","1128","EUR","38748.03","GL posting 182","ERP"
"183","2026-02-09","41027","CC016","1134","JPY","1946.71","GL posting 183","ERP"
"184","2026-05-14","41026","CC010","1077","EUR","40728.02","GL posting 184","ERP"
"185","2026-05-06","41032","CC017","1120","CHF","10953.12","GL posting 185","ERP"
"186","2026-06-17","41044","CC002","1128","JPY","7432.47","GL posting 186","ERP"
"187","2026-02-28","41043","CC020","1033","JPY","6570.65","GL posting 187","ERP"
"188","2026-05-21","41013","CC001","1068","CHF","-215.79","GL posting 188","ERP"
"189","2026-02-27","41010","CC002","1199","JPY","22945.27","GL posting 189","ERP"
"190","2026-06-15","41026","CC012","1030","CHF","49281.24","GL posting 190","ERP"
"191","2026-02-08","41013","CC007","1141","USD","49191.73","GL posting 191","ERP"
"192","2026-07-07","41035","CC020","1012","EUR","9625.58","GL posting 192","ERP"
"193","2026-01-05","41028","CC018","1074","GBP","17121.18","GL posting 193","ERP"
"194","2026-03-20","41000","CC012","1113","EUR","-875.29","GL posting 194","ERP"
"195","2026-02-13","41001","CC017","1066","JPY","35657.07","GL posting 195","ERP"
"196","2026-06-15","41040","CC006","1096","GBP","9961.55","GL posting 196","ERP"
"197","2026-01-15","41009","CC014","1021","USD","49597.94","GL posting 197","ERP"
"198","2026-07-08","41012","CC014","1164","GBP","49238.79","GL posting 198","ERP"
"199","2026-01-02","41011","CC004","1115","EUR","40540.5","GL posting 199","ERP"
"200","2026-05-13","41031","CC016","1034","CHF","6905.86","GL posting 200","ERP"
"201","2026-02-13","41028","CC006","1153","CHF","8706.55","GL posting 201","ERP"
"202","2026-05-09","41041","CC012","1109","USD","34231.36","GL posting 202","ERP"
"203","2026-02-28","41021","CC002","1166","GBP","32701.97","GL posting 203","ERP"
"204","2026-07-01","41023","CC004","1010","CHF","-807.6","GL posting 204","ERP"
"205","2026-03-26","41022","CC008","1081","JPY","28390.77","GL posting 205","ERP"
"206","2026-04-21","41022","CC012","1177","CHF","1356.04","GL posting 206","ERP"
"207","2026-06-18","41004","CC010","1031","EUR","9366.8","GL posting 207","ERP"
"208","2026-04-27","41009","CC014","1099","GBP","26663.01","GL posting 208","ERP"
"209","2026-06-12","41049","CC009","1185","ZZZ","47284.37","GL posting 209","ERP"
"210","2026-07-29","41049","CC010","1136","CHF","10468.5","GL posting 210","ERP"
"211","2026-03-18","41046","CC013","1103","GBP","14168.94","GL posting 211","ERP"
"212","2026-02-02","41039","CC007","1124","GBP","25220.89","GL posting 212","ERP"
"213","2026-04-05","41030","CC008","1130","USD","6629.24","GL posting 213","ERP"
"214","2026-02-21","41010","CC011","1084","GBP","41463.92","GL posting 214","ERP"
"215","2026-04-19","41016","CC012","1040","USD","33129.75","GL posting 215","ERP"
"216","2026-04-29","41043","CC011","1155","JPY","5818.09","GL posting 216","ERP"
"217","2026-05-01","41013","CC002","1041","JPY","19984.52","GL posting 217","ERP"
"218","2026-05-21","41038","CC008","1091","EUR","46455.38","GL posting 218","ERP"
"219","2026-03-01","41031","CC003","1194","GBP","15930.64","GL posting 219","ERP"
"220","2026-06-26","41009","CC018","1197","CHF","-1557.07","GL posting 220","ERP"
"221","2026-02-19","41002","CC013","1042","CHF","-2725.96","GL posting 221","ERP"
"222","2026-01-15","41031","CC003","1023","JPY","9128.46","GL posting 222","ERP"
"223","2026-05-29","41007","CC019","1190","GBP","13407.5","GL posting 223","ERP"
"224","2026-06-10","41000","CC013","1198","GBP","45984.77","GL posting 224","ERP"
"225","2026-04-24","41016","CC015","1054","USD","28316.14","GL posting 225","ERP"
"226","2026-03-28","41043","CC019","1003","EUR","7292.32","GL posting 226","ERP"
"227","2026-01-14","41026","CC011","1072","EUR","-4210.72","GL posting 227","ERP"
"228","2026-05-02","41035","CC008","1154","GBP","8329.11","GL posting 228","ERP"
"229","2026-05-05","41025","CC009","1141","EUR","-4043","GL posting 229","ERP"
"230","2026-04-09","41034","CC012","1137","GBP","30341.81","GL posting 230","ERP"
"231","2026-07-22","41030","CC005","1038","GBP","5571.8","GL posting 231","ERP"
"232","2026-03-17","41024","CC009","1174","EUR","11347.11","GL posting 232","ERP"
"233","2026-01-04","41044","CC016","1179","JPY","19582.71","GL posting 233","ERP"
"234","2026-06-16","41043","CC006","1006","GBP","47154.17","GL posting 234","ERP"
"235","2026-03-08","41008","CC015","1088","JPY","19838.53","GL posting 235","ERP"
"236","2026-01-07","41005","CC007","1167","JPY","12573.37","GL posting 236","ERP"
"237","2026-07-13","41006","CC004","1120","JPY","22157.33","GL posting 237","ERP"
"238","2026-05-25","41012","CC002","1039","USD","27366.8","GL posting 238","ERP"
"239","2026-03-12","41049","CC012","1137","CHF","26438.98","GL posting 239","ERP"
"240","2026-03-30","41022","CC001","1107","USD","-4050.48","GL posting 240","ERP"
"241","2026-07-15","41040","CC011","1009","GBP","46237.7","GL posting 241","ERP"
"242","2026-01-28","41007","CC003","1107","JPY","47454.93","GL posting 242","ERP"
"243","2026-04-11","41037","CC006","1100","CHF","49849.72","GL posting 243","ERP"
"244","2026-04-03","41007","CC016","1136","USD","47485.73","GL posting 244","ERP"
"245","2026-07-27","41007","CC016","1182","USD","14295.79","GL posting 245","ERP"
"246","2026-07-09","41031","CC009","1034","EUR","15278.41","GL posting 246","ERP"
"247","2026-01-22","41000","CC012","1013","CHF","29229.51","GL posting 247","ERP"
"248","2026-04-24","41028","CC002","1057","GBP","23381.76","GL posting 248","ERP"
"249","2026-05-10","41039","CC011","1091","GBP","2852.55","GL posting 249","ERP"
"250","2026-06-18","41044","CC016","1155","GBP","15622.45","GL posting 250","ERP"
"251","2026-01-12","41007","CC017","1132","GBP","8521.95","GL posting 251","ERP"
"252","2026-04-15","41011","CC013","1070","EUR","15893.01","GL posting 252","ERP"
"253","2026-01-06","41013","CC010","1190","GBP","33289.46","GL posting 253","ERP"
"254","2026-04-20","41009","CC010","1002","JPY","45915.67","GL posting 254","ERP"
"255","2026-03-31","41042","CC008","","CHF","13395.62","GL posting 255","ERP"
"256","2026-04-18","41006","CC006","1005","USD","14014.11","GL posting 256","ERP"
"257","2026-06-01","41004","CC013","1161","EUR","10894.91","GL posting 257","ERP"
"258","2026-05-02","41043","CC017","1150","JPY","34794.9","GL posting 258","ERP"
"259","2026-06-04","41015","CC011","1044","JPY","22116.33","GL posting 259","ERP"
"260","2026-04-24","41005","CC011","1031","GBP","37812.13","GL posting 260","ERP"
"261","2026-06-25","41010","CC009","1107","GBP","48608.24","GL posting 261","ERP"
"262","2026-02-28","41033","CC010","1146","USD","10921.35","GL posting 262","ERP"
"263","2026-05-02","41039","CC002","1105","EUR","15792.16","GL posting 263","ERP"
"264","2026-06-17","41042","CC005","1048","GBP","25568.98","GL posting 264","ERP"
"265","2026-04-14","41042","CC008","1127","JPY","38605.69","GL posting 265","ERP"
"266","2026-05-31","41011","CC018","1115","JPY","47796.7","GL posting 266","ERP"
"267","2026-04-25","41006","CC020","1087","JPY","-3575.86","GL posting 267","ERP"
"268","2026-01-05","41044","CC019","1056","JPY","28712.35","GL posting 268","ERP"
"269","2026-01-03","41033","CC001","1105","EUR","8009.96","GL posting 269","ERP"
"270","2026-05-20","41005","CC011","1112","GBP","35432.98","GL posting 270","ERP"
"271","2026-04-14","41009","CC002","1160","USD","-4472.85","GL posting 271","ERP"
"272","2026-07-12","41038","CC012","1102","GBP","13944.5","GL posting 272","ERP"
"273","2026-05-02","41032","CC009","1160","CHF","36057.22","GL posting 273","ERP"
"274","2026-04-02","41011","CC013","1009","JPY","24744.63","GL posting 274","ERP"
"275","2026-01-09","41046","CC001","1119","JPY","9771.88","GL posting 275","ERP"
"276","2026-05-02","41034","CC013","1075","CHF","29396.66","GL posting 276","ERP"
"277","2026-05-31","41039","CC005","1068","EUR","-1519.49","GL posting 277","ERP"
"278","2026-02-28","41027","CC002","1139","USD","32384.21","GL posting 278","ERP"
"279","2026-04-17","41014","CC016","1173","JPY","36583.25","GL posting 279","ERP"
"280","2026-04-14","41039","CC010","1196","EUR","18056.18","GL posting 280","ERP"
"281","2026-03-24","41027","CC018","1012","GBP","24086.69","GL posting 281","ERP"
"282","2026-05-22","41017","CC002","1167","CHF","7890.06","GL posting 282","ERP"
"283","2026-07-22","41044","CC017","1065","GBP","-583.81","GL posting 283","ERP"
"284","2026-07-13","41040","CC005","1032","GBP","32407.71","GL posting 284","ERP"
"285","2026-04-07","41027","CC010","1107","USD","33641.25","GL posting 285","ERP"
"286","2026-03-15","41025","CC007","1042","JPY","45354.9","GL posting 286","ERP"
"287","2026-07-18","41019","CC003","1041","CHF","5436.37","GL posting 287","ERP"
"288","2026-01-12","41010","CC019","1053","JPY","24225.58","GL posting 288","ERP"
"289","2026-06-27","41019","CC018","1024","USD","20631.4","GL posting 289","ERP"
"290","2026-01-14","41046","CC017","1106","CHF","-1770.15","GL posting 290","ERP"
"291","2026-04-09","41000","CC012","1127","EUR","14849.64","GL posting 291","ERP"
"292","2026-02-05","41046","CC004","1190","GBP","23620.59","GL posting 292","ERP"
"293","2026-05-12","41042","CC008","1083","CHF","46770.65","GL posting 293","ERP"
"294","2026-07-15","41002","CC005","1108","JPY","10945.16","GL posting 294","ERP"
"295","2026-04-07","41027","CC014","1164","GBP","36372.63","GL posting 295","ERP"
"296","2026-04-01","41017","CC008","1073","CHF","26797.61","GL posting 296","ERP"
"297","2026-03-23","41043","CC001","1180","EUR","14439.44","GL posting 297","ERP"
"298","2026-05-20","41015","CC001","1143","CHF","30611.19","GL posting 298","ERP"
"299","2026-07-22","41020","CC020","1010","GBP","17908.84","GL posting 299","ERP"
"300","2026-04-11","41039","CC003","1084","GBP","31537.7","GL posting 300","ERP"
"301","2026-07-24","41042","CC009","1066","EUR","42698.31","GL posting 301","ERP"
"302","2026-07-06","41000","CC015","1049","JPY","8584.42","GL posting 302","ERP"
"303","2026-07-20","41047","CC019","1100","CHF","10163.11","GL posting 303","ERP"
"304","2026-06-06","41017","CC005","1016","GBP","6825.22","GL posting 304","ERP"
"305","2026-04-18","41007","CC002","1028","GBP","5472.04","GL posting 305","ERP"
"306","2026-05-05","41035","CC011","1041","JPY","32622.56","GL posting 306","ERP"
"307","2026-02-26","41041","CC008","1008","EUR","3362.53","GL posting 307","ERP"
"308","2026-04-27","41010","CC011","1102","EUR","11613.58","GL posting 308","ERP"
"309","2026-06-23","41025","CC020","1079","GBP","23944.06","GL posting 309","ERP"
"310","2026-02-26","41012","CC010","1157","USD","38464.96","GL posting 310","ERP"
"311","2026-05-11","41004","CC018","1078","GBP","822.88","GL posting 311","ERP"
"312","2026-03-23","41039","CC014","1052","CHF","38090.69","GL posting 312","ERP"
"313","2026-04-29","41000","CC005","1102","JPY","44985.99","GL posting 313","ERP"
"314","2026-03-01","41029","CC005","1190","JPY","47281.65","GL posting 314","ERP"
"315","2026-04-08","41019","CC016","1055","USD","10983.96","GL posting 315","ERP"
"316","2026-07-01","41010","CC008","1191","CHF","2278.71","GL posting 316","ERP"
"317","2026-05-09","41029","CC017","1091","JPY","49149.16","GL posting 317","ERP"
"318","2026-02-05","41046","CC020","1021","GBP","31469.3","GL posting 318","ERP"
"319","2026-05-09","41018","CC001","1076","EUR","-4745.84","GL posting 319","ERP"
"320","2026-04-08","41004","CC002","1051","EUR","31879.09","GL posting 320","ERP"
"321","2026-04-07","41012","CC014","1086","EUR","8171.68","GL posting 321","ERP"
"322","2026-07-17","41005","CC016","1129","EUR","30791.11","GL posting 322","ERP"
"323","2026-05-20","41019","CC017","1177","CHF","20508.59","GL posting 323","ERP"
"324","2026-04-12","41007","CC014","1058","CHF","44766.51","GL posting 324","ERP"
"325","2026-05-14","41036","CC019","1188","JPY","33494.75","GL posting 325","ERP"
"326","2026-01-23","41019","CC007","1037","JPY","24330.74","GL posting 326","ERP"
"327","2026-03-27","41031","CC016","1078","CHF","10390.88","GL posting 327","ERP"
"328","2026-06-14","41038","CC004","","JPY","26425.87","GL posting 328","ERP"
"329","2026-01-03","41004","CC005","1079","EUR","44161.22","GL posting 329","ERP"
"330","2026-07-18","41015","CC004","1034","USD","35897.76","GL posting 330","ERP"
"331","2026-03-26","41018","CC011","1120","EUR","8780.09","GL posting 331","ERP"
"332","2026-04-15","41017","CC009","1019","USD","29497.24","GL posting 332","ERP"
"333","2026-04-10","41021","CC008","1194","JPY","37998.3","GL posting 333","ERP"
"334","2026-07-07","41001","CC005","1168","CHF","44509.21","GL posting 334","ERP"
"335","2026-06-14","41045","CC020","1062","CHF","32895.59","GL posting 335","ERP"
"336","2026-01-01","41030","CC014","1009","JPY","-782.67","GL posting 336","ERP"
"337","2026-02-12","41019","CC003","1181","GBP","43396.76","GL posting 337","ERP"
"338","2026-03-15","41031","CC005","1026","JPY","39583.65","GL posting 338","ERP"
"339","2026-03-14","41035","CC004","1047","JPY","41585.33","GL posting 339","ERP"
"340","2026-06-19","41015","CC017","1168","GBP","30028.07","GL posting 340","ERP"
"341","2026-01-07","41017","CC003","1073","CHF","811.69","GL posting 341","ERP"
"342","2026-05-17","41009","CC015","1085","EUR","29309.21","GL posting 342","ERP"
"343","2026-06-22","41041","CC012","1033","JPY","7725.95","GL posting 343","ERP"
"344","2026-03-29","41024","CC007","1076","EUR","2386.83","GL posting 344","ERP"
"345","2026-06-25","41005","CC005","1082","USD","7083.26","GL posting 345","ERP"
"346","2026-06-06","41028","CC004","1070","JPY","20511.9","GL posting 346","ERP"
"347","2026-07-16","41030","CC011","1176","USD","17540.33","GL posting 347","ERP"
"348","2026-04-24","41048","CC001","1015","EUR","42890.95","GL posting 348","ERP"
"349","2026-03-02","41024","CC007","1005","EUR","35629.88","GL posting 349","ERP"
"350","2026-04-17","41004","CC013","1103","GBP","18861.17","GL posting 350","ERP"
"351","2026-04-11","41046","CC010","1006","CHF","27643.27","GL posting 351","ERP"
"352","2026-05-07","41016","CC017","1145","USD","17149.86","GL posting 352","ERP"
"353","2026-02-24","41022","CC012","1139","USD","4082.75","GL posting 353","ERP"
"354","2026-01-08","41005","CC012","1177","EUR","44419.8","GL posting 354","ERP"
"355","2026-02-12","41020","CC012","1095","JPY","27276.71","GL posting 355","ERP"
"356","2026-06-26","41046","CC019","1126","GBP","20486.16","GL posting 356","ERP"
"357","2026-02-07","41023","CC016","1172","USD","6060.27","GL posting 357","ERP"
"358","2026-05-29","41029","CC014","1105","USD","48233.37","GL posting 358","ERP"
"359","2026-04-03","41011","CC010","1049","USD","1220.17","GL posting 359","ERP"
"360","2026-01-15","41006","CC001","1192","JPY","31963.35","GL posting 360","ERP"
"361","2026-01-11","41018","CC006","1110","EUR","3614.81","GL posting 361","ERP"
"362","2026-03-06","41029","CC019","1062","JPY","11912.67","GL posting 362","ERP"
"363","2026-03-09","41040","CC009","1103","CHF","30712.63","GL posting 363","ERP"
"364","2026-03-27","41005","CC010","1199","USD","43631.58","GL posting 364","ERP"
"365","2026-07-10","41026","CC004","1047","CHF","13027.38","GL posting 365","ERP"
"366","2026-07-31","41009","CC014","1175","CHF","-1556.09","GL posting 366","ERP"
"367","2026-07-12","41019","CC005","1032","USD","46436.66","GL posting 367","ERP"
"368","2026-07-15","41020","CC019","1158","CHF","46920.69","GL posting 368","ERP"
"369","2026-02-13","41029","CC013","1122","CHF","35486.33","GL posting 369","ERP"
"370","2026-03-26","41017","CC020","1075","CHF","-4541.93","GL posting 370","ERP"
"371","2026-03-11","41025","CC007","1041","EUR","41573.85","GL posting 371","ERP"
"372","2026-06-11","41012","CC019","1090","USD","5978.51","GL posting 372","ERP"
"373","2026-06-02","41045","CC020","1096","EUR","-4787.63","GL posting 373","ERP"
"374","2026-05-15","41010","CC008","1155","CHF","25771.01","GL posting 374","ERP"
"375","2026-07-09","41002","CC006","1121","JPY","29803.46","GL posting 375","ERP"
"376","2026-02-17","41020","CC013","1081","JPY","28605.45","GL posting 376","ERP"
"377","2026-02-14","41049","CC010","1139","USD","28016.55","GL posting 377","ERP"
"378","2026-04-22","41038","CC017","1109","USD","46126.48","GL posting 378","ERP"
"379","2026-06-11","41015","CC012","1024","USD","5784.07","GL posting 379","ERP"
"380","2026-04-21","41017","CC011","1069","EUR","33798.71","GL posting 380","ERP"
"381","2026-05-11","41039","CC008","1105","JPY","14258.27","GL posting 381","ERP"
"382","2026-02-02","41017","CC018","1146","GBP","3036.67","GL posting 382","ERP"
"383","2026-07-16","41020","CC019","1182","USD","19853.23","GL posting 383","ERP"
"384","2026-05-18","41039","CC001","1017","JPY","20891.67","GL posting 384","ERP"
"385","2026-05-09","41023","CC011","1199","USD","7154.65","GL posting 385","ERP"
"386","2026-01-04","41021","CC004","1085","USD","39757.05","GL posting 386","ERP"
"387","2026-07-20","41004","CC012","1035","CHF","8521.82","GL posting 387","ERP"
"388","2026-05-30","41045","CC002","1075","USD","14601.35","GL posting 388","ERP"
"389","2026-02-13","41032","CC006","1060","CHF","37247.25","GL posting 389","ERP"
"390","2026-03-05","41005","CC002","1150","JPY","3754.85","GL posting 390","ERP"
"391","2026-03-01","41038","CC001","1053","GBP","6790.35","GL posting 391","ERP"
"392","2026-06-22","41007","CC015","1022","JPY","24286.13","GL posting 392","ERP"
"393","2026-04-15","41021","CC020","1093","JPY","33556.42","GL posting 393","ERP"
"394","2026-01-06","41021","CC002","1041","GBP","48249.69","GL posting 394","ERP"
"395","2026-03-07","41043","CC001","1052","GBP","39185.07","GL posting 395","ERP"
"396","2026-06-21","41038","CC019","1030","USD","18976.65","GL posting 396","ERP"
"397","2026-02-18","41018","CC016","1124","USD","21242.3","GL posting 397","ERP"
"398","2026-03-04","41003","CC002","1128","CHF","23568.05","GL posting 398","ERP"
"399","2026-07-02","41045","CC004","1070","JPY","18762.36","GL posting 399","ERP"
"400","2026-04-05","41026","CC008","1167","CHF","31254.42","GL posting 400","ERP"
"401","2026-07-25","41029","CC001","1076","CHF","18152.91","GL posting 401","ERP"
"402","2026-06-16","41024","CC018","1128","JPY","44975.42","GL posting 402","ERP"
"403","2026-02-19","41024","CC016","1040","JPY","7076.08","GL posting 403","ERP"
"404","2026-07-19","41005","CC004","1069","EUR","22220.04","GL posting 404","ERP"
"405","2026-03-19","41033","CC008","1080","GBP","18814.93","GL posting 405","ERP"
"406","2026-01-10","41012","CC001","1019","EUR","6260.87","GL posting 406","ERP"
"407","2026-06-18","41008","CC003","1060","CHF","39754.86","GL posting 407","ERP"
"408","2026-07-15","41026","CC014","1067","GBP","13412.54","GL posting 408","ERP"
"409","2026-06-21","41021","CC017","1100","EUR","149.23","GL posting 409","ERP"
"410","2026-05-23","41027","CC006","1017","USD","13815.17","GL posting 410","ERP"
"411","2026-02-13","41018","CC013","1041","EUR","34032.51","GL posting 411","ERP"
"412","2026-05-27","41002","CC004","1167","EUR","49908.7","GL posting 412","ERP"
"413","2026-03-14","41047","CC010","1005","GBP","26711.68","GL posting 413","ERP"
"414","2026-04-20","41040","CC014","1091","USD","3302.53","GL posting 414","ERP"
"415","2026-07-14","41049","CC006","1111","GBP","25104.21","GL posting 415","ERP"
"416","2026-01-21","41041","CC008","1016","CHF","19907.73","GL posting 416","ERP"
"417","2026-06-21","41036","CC018","1041","EUR","14076.81","GL posting 417","ERP"
"418","2026-06-23","41022","CC007","1129","CHF","15825.58","GL posting 418","ERP"
"419","2026-03-05","41031","CC003","1150","JPY","45832.37","GL posting 419","ERP"
"420","2026-03-27","41001","CC008","1042","GBP","9681.86","GL posting 420","ERP"
"421","2026-05-20","41015","CC015","1112","EUR","43841.29","GL posting 421","ERP"
"422","2026-05-23","41045","CC006","1069","CHF","36445.67","GL posting 422","ERP"
"423","2026-07-11","41023","CC019","1081","JPY","12603.1","GL posting 423","ERP"
"424","2026-01-02","41029","CC005","1168","EUR","2960.03","GL posting 424","ERP"
"425","2026-06-13","41021","CC002","1170","CHF","20448.11","GL posting 425","ERP"
"426","2026-07-24","41017","CC011","1078","GBP","5904.84","GL posting 426","ERP"
"427","2026-03-02","41001","CC014","1024","EUR","28085.37","GL posting 427","ERP"
"428","2026-07-31","41029","CC007","1194","EUR","34621.39","GL posting 428","ERP"
"429","2026-07-24","41040","CC013","1063","CHF","45468.8","GL posting 429","ERP"
"430","2026-04-06","41035","CC018","1069","JPY","12503.83","GL posting 430","ERP"
"431","2026-01-20","41031","CC012","1032","EUR","33240.77","GL posting 431","ERP"
"432","2026-01-12","41018","CC008","1154","GBP","45578.45","GL posting 432","ERP"
"433","2026-03-28","41030","CC004","1087","USD","2893.8","GL posting 433","ERP"
"434","2026-06-09","41016","CC011","1121","JPY","45505.91","GL posting 434","ERP"
"435","2026-07-01","41032","CC005","1149","CHF","39498.73","GL posting 435","ERP"
"436","2026-06-16","41035","CC006","1046","USD","49066.63","GL posting 436","ERP"
"437","2026-03-21","41036","CC016","1071","CHF","36027.08","GL posting 437","ERP"
"438","2026-06-09","41032","CC001","1157","GBP","46547.27","GL posting 438","ERP"
"439","2026-01-10","41028","CC012","1154","EUR","41564.57","GL posting 439","ERP"
"440","2026-06-20","41008","CC017","1122","EUR","7374.76","GL posting 440","ERP"
"441","2026-02-26","41038","CC008","1194","CHF","44231.24","GL posting 441","ERP"
"442","2026-05-13","41014","CC010","1051","EUR","34155.95","GL posting 442","ERP"
"443","2026-06-14","41022","CC007","1125","GBP","23318.25","GL posting 443","ERP"
"444","2026-06-29","41026","CC020","1080","USD","10219.72","GL posting 444","ERP"
"445","2026-05-29","41006","CC010","1174","USD","6969.99","GL posting 445","ERP"
"446","2026-06-20","41043","CC020","1142","CHF","22806","GL posting 446","ERP"
"447","2026-05-20","41014","CC004","1041","JPY","36172.04","GL posting 447","ERP"
"448","2026-04-18","41004","CC009","1084","USD","39107","GL posting 448","ERP"
"449","2026-02-14","41013","CC019","1186","EUR","26415.78","GL posting 449","ERP"
"450","2026-01-11","41040","CC012","1009","EUR","-26.73","GL posting 450","ERP"
"451","2026-04-10","41011","CC005","1083","EUR","27248.91","GL posting 451","ERP"
"452","2026-04-17","41034","CC004","1006","CHF","3859.73","GL posting 452","ERP"
"453","2026-04-13","41020","CC020","1165","USD","44352.73","GL posting 453","ERP"
"454","2026-05-27","41004","CC008","","USD","42035.66","GL posting 454","ERP"
"455","2026-04-02","41041","CC010","1085","CHF","19847.67","GL posting 455","ERP"
"456","2026-02-27","41037","CC011","1066","JPY","25545.6","GL posting 456","ERP"
"457","2026-07-01","41034","CC019","1173","JPY","26944.52","GL posting 457","ERP"
"458","2026-01-08","41017","CC007","1015","GBP","20407.64","GL posting 458","ERP"
"459","2026-03-22","41037","CC008","1155","USD","11316.46","GL posting 459","ERP"
"460","2026-05-30","41022","CC002","1091","GBP","2193.79","GL posting 460","ERP"
"461","2026-03-02","41039","CC012","1116","EUR","44452.88","GL posting 461","ERP"
"462","2026-05-02","41049","CC006","1050","USD","1774.64","GL posting 462","ERP"
"463","2026-04-26","41012","CC010","1071","GBP","33800.32","GL posting 463","ERP"
"464","2026-04-17","41039","CC008","1173","EUR","8334.39","GL posting 464","ERP"
"465","2026-01-22","41022","CC010","1124","USD","33755.89","GL posting 465","ERP"
"466","2026-03-17","41013","CC018","1100","CHF","2457.52","GL posting 466","ERP"
"467","2026-02-06","41018","CC001","1005","USD","37118.4","GL posting 467","ERP"
"468","2026-02-17","41016","CC015","1043","CHF","45825.68","GL posting 468","ERP"
"469","2026-07-30","41029","CC006","1096","CHF","44759.14","GL posting 469","ERP"
"470","2026-02-18","41017","CC011","1115","EUR","26804.45","GL posting 470","ERP"
"471","2026-05-25","41030","CC009","1028","EUR","31612.32","GL posting 471","ERP"
"472","2026-07-20","41027","CC006","1171","JPY","33923.35","GL posting 472","ERP"
"473","2026-03-19","41048","CC001","1135","USD","26867.73","GL posting 473","ERP"
"474","2026-05-22","41022","CC020","1147","EUR","16898.13","GL posting 474","ERP"
"475","2026-03-27","41003","CC017","1101","CHF","32936.85","GL posting 475","ERP"
"476","2026-06-05","41027","CC013","1053","USD","6710.2","GL posting 476","ERP"
"477","2026-01-18","41046","CC016","1180","EUR","32960.87","GL posting 477","ERP"
"478","2026-03-04","41002","CC004","1101","EUR","2321.54","GL posting 478","ERP"
"479","2026-01-25","41029","CC006","1036","JPY","27339.49","GL posting 479","ERP"
"480","2026-05-30","41041","CC020","","JPY","12649.11","GL posting 480","ERP"
"481","2026-01-21","41014","CC009","1006","CHF","29911.21","GL posting 481","ERP"
"482","2026-07-31","41033","CC020","1194","EUR","6766.68","GL posting 482","ERP"
"483","2026-06-04","41001","CC016","1056","CHF","16153.15","GL posting 483","ERP"
"484","2026-05-23","41022","CC016","1185","JPY","-538.03","GL posting 484","ERP"
"485","2026-02-01","41027","CC002","1137","GBP","43183.56","GL posting 485","ERP"
"486","2026-03-25","41002","CC003","1100","ZZZ","4623.26","GL posting 486","ERP"
"487","2026-03-27","41030","CC007","1014","GBP","28896.64","GL posting 487","ERP"
"488","2026-03-15","41017","CC006","1177","JPY","43508.47","GL posting 488","ERP"
"489","2026-04-07","41004","CC003","1027","GBP","47088.29","GL posting 489","ERP"
"490","2026-01-08","41030","CC011","1063","GBP","43092.51","GL posting 490","ERP"
"491","2026-07-30","41009","CC006","1143","GBP","33439.7","GL posting 491","ERP"
"492","2026-05-24","41009","CC003","1117","JPY","4204.78","GL posting 492","ERP"
"493","2026-01-08","41009","CC013","1118","EUR","43561.04","GL posting 493","ERP"
"494","2026-02-02","41021","CC017","1188","CHF","21187.62","GL posting 494","ERP"
"495","2026-03-03","41029","CC003","1007","EUR","20530.1","GL posting 495","ERP"
"496","2026-07-01","41048","CC013","1194","USD","1614.79","GL posting 496","ERP"
"497","2026-05-02","41031","CC014","1163","JPY","4306.22","GL posting 497","ERP"
"498","2026-05-02","41040","CC009","1176","USD","41915.23","GL posting 498","ERP"
"499","2026-03-24","41034","CC006","1063","EUR","23428.56","GL posting 499","ERP"
"500","2026-07-30","41024","CC002","1195","JPY","27625.51","GL posting 500","ERP"
"501","2026-01-26","41033","CC010","1178","EUR","10655.5","GL posting 501","ERP"
"502","2026-06-06","41014","CC008","1166","EUR","4580.2","GL posting 502","ERP"
"503","2026-02-23","41006","CC009","1087","GBP","31099.64","GL posting 503","ERP"
"504","2026-07-29","41004","CC018","1018","EUR","22437.19","GL posting 504","ERP"
"505","2026-01-22","41007","CC004","1155","GBP","37659.49","GL posting 505","ERP"
"506","2026-04-13","41006","CC005","1164","JPY","19882.4","GL posting 506","ERP"
"507","2026-07-03","41021","CC013","1088","JPY","736.11","GL posting 507","ERP"
"508","2026-02-19","41048","CC017","1076","USD","37571.9","GL posting 508","ERP"
"509","2026-07-18","41030","CC007","1081","GBP","37392.98","GL posting 509","ERP"
"510","2026-01-20","41048","CC013","1176","JPY","15349","GL posting 510","ERP"
"511","2026-04-18","41038","CC019","","GBP","37547.85","GL posting 511","ERP"
"512","2026-04-02","41021","CC012","1124","USD","21972.89","GL posting 512","ERP"
"513","2026-07-29","41022","CC011","1155","GBP","-2045.81","GL posting 513","ERP"
"514","2026-04-17","41013","CC006","1015","CHF","-2212.88","GL posting 514","ERP"
"515","2026-02-02","41002","CC018","1082","GBP","7396.53","GL posting 515","ERP"
"516","2026-02-15","41042","CC009","1056","EUR","48142.46","GL posting 516","ERP"
"517","2026-05-02","41027","CC010","1055","USD","20376.12","GL posting 517","ERP"
"518","2026-03-19","41042","CC003","1133","EUR","39219.95","GL posting 518","ERP"
"519","2026-06-11","41017","CC013","1015","JPY","4533.72","GL posting 519","ERP"
"520","2026-01-06","41026","CC018","1005","JPY","20678.21","GL posting 520","ERP"
"521","2026-07-19","41041","CC017","1008","USD","14449.35","GL posting 521","ERP"
"522","2026-02-05","41004","CC019","1091","JPY","17779.16","GL posting 522","ERP"
"523","2026-03-17","41013","CC011","1137","EUR","7398.83","GL posting 523","ERP"
"524","2026-01-06","41000","CC013","1176","EUR","20271.62","GL posting 524","ERP"
"525","2026-01-07","41038","CC003","1196","CHF","7820.13","GL posting 525","ERP"
"526","2026-05-16","41010","CC017","1172","GBP","36990.64","GL posting 526","ERP"
"527","2026-02-22","41031","CC014","1128","GBP","32001.87","GL posting 527","ERP"
"528","2026-01-21","41018","CC009","1198","JPY","29038.08","GL posting 528","ERP"
"529","2026-04-26","41034","CC013","1159","USD","12697.53","GL posting 529","ERP"
"530","2026-07-08","41037","CC005","1129","USD","12955.12","GL posting 530","ERP"
"531","2026-07-18","41048","CC015","1065","EUR","5065.23","GL posting 531","ERP"
"532","2026-07-18","41025","CC016","1048","GBP","-285.5","GL posting 532","ERP"
"533","2026-05-22","41025","CC002","1156","JPY","44009.18","GL posting 533","ERP"
"534","2026-04-30","41017","CC002","1104","GBP","39915.29","GL posting 534","ERP"
"535","2026-01-25","41012","CC018","1176","JPY","-4722.23","GL posting 535","ERP"
"536","2026-01-15","41028","CC015","1081","GBP","48888.69","GL posting 536","ERP"
"537","2026-03-16","41017","CC014","1141","JPY","11246.12","GL posting 537","ERP"
"538","2026-04-17","41045","CC014","1010","GBP","23429.36","GL posting 538","ERP"
"539","2026-03-26","41037","CC014","1162","EUR","19072.78","GL posting 539","ERP"
"540","2026-03-14","41005","CC009","1072","JPY","15343.31","GL posting 540","ERP"
"541","2026-05-15","41039","CC011","1128","JPY","9266.55","GL posting 541","ERP"
"542","2026-02-24","41016","CC019","1074","CHF","15314.36","GL posting 542","ERP"
"543","2026-02-09","41013","CC007","1023","JPY","13127.25","GL posting 543","ERP"
"544","2026-04-12","41014","CC014","1187","JPY","14811.25","GL posting 544","ERP"
"545","2026-06-12","41020","CC004","1179","USD","36098.05","GL posting 545","ERP"
"546","2026-06-08","41014","CC003","","USD","9986.37","GL posting 546","ERP"
"547","2026-05-08","41005","CC009","1081","GBP","49223.23","GL posting 547","ERP"
"548","2026-02-21","41007","CC018","1090","EUR","9955.12","GL posting 548","ERP"
"549","2026-04-24","41007","CC008","1111","EUR","44950.92","GL posting 549","ERP"
"550","2026-05-23","41001","CC004","1040","GBP","5072.22","GL posting 550","ERP"
"551","2026-04-24","41033","CC006","1072","USD","35097.7","GL posting 551","ERP"
"552","2026-06-20","41044","CC009","1037","CHF","25600.96","GL posting 552","ERP"
"553","2026-02-16","41009","CC018","1012","GBP","29663.73","GL posting 553","ERP"
"554","2026-01-02","41013","CC016","1188","USD","37223.97","GL posting 554","ERP"
"555","2026-07-08","41008","CC001","1085","GBP","235.65","GL posting 555","ERP"
"556","2026-07-02","41039","CC008","1162","CHF","4853.67","GL posting 556","ERP"
"557","2026-02-18","41027","CC003","1059","EUR","29660.33","GL posting 557","ERP"
"558","2026-07-04","41025","CC004","1014","USD","49074.1","GL posting 558","ERP"
"559","2026-07-07","41016","CC004","1128","EUR","25154.44","GL posting 559","ERP"
"560","2026-02-09","41034","CC002","1191","GBP","13588.04","GL posting 560","ERP"
"561","2026-02-11","41007","CC004","1121","GBP","47718.27","GL posting 561","ERP"
"562","2026-06-26","41001","CC019","1096","GBP","25501.43","GL posting 562","ERP"
"563","2026-02-26","41042","CC009","1063","JPY","49735.64","GL posting 563","ERP"
"564","2026-06-09","41039","CC018","1015","CHF","7956.21","GL posting 564","ERP"
"565","2026-02-03","41011","CC009","1118","USD","15396.89","GL posting 565","ERP"
"566","2026-04-20","41030","CC003","1087","JPY","47110.89","GL posting 566","ERP"
"567","2026-01-20","41003","CC007","1199","GBP","40001.97","GL posting 567","ERP"
"568","2026-04-25","41048","CC015","1063","GBP","-990.94","GL posting 568","ERP"
"569","2026-02-14","41028","CC004","1064","GBP","497.16","GL posting 569","ERP"
"570","2026-03-30","41023","CC012","1097","CHF","6821.91","GL posting 570","ERP"
"571","2026-02-04","41003","CC010","1052","GBP","9591.71","GL posting 571","ERP"
"572","2026-01-30","41018","CC018","1037","USD","42993.11","GL posting 572","ERP"
"573","2026-03-10","41000","CC016","1143","USD","10581.03","GL posting 573","ERP"
"574","2026-06-09","41006","CC018","1099","USD","45947.13","GL posting 574","ERP"
"575","2026-06-16","41022","CC004","1127","JPY","45657.43","GL posting 575","ERP"
"576","2026-03-02","41014","CC007","1199","JPY","33599","GL posting 576","ERP"
"577","2026-05-01","41013","CC019","1112","USD","11879.02","GL posting 577","ERP"
"578","2026-02-06","41028","CC009","1198","CHF","-4470.48","GL posting 578","ERP"
"579","2026-03-05","41048","CC019","1055","JPY","12413.23","GL posting 579","ERP"
"580","2026-03-08","41003","CC005","1175","CHF","6774.2","GL posting 580","ERP"
"581","2026-02-19","41029","CC002","1009","CHF","2727.13","GL posting 581","ERP"
"582","2026-04-22","41007","CC017","1090","CHF","568.54","GL posting 582","ERP"
"583","2026-01-29","41001","CC006","1034","JPY","29814.11","GL posting 583","ERP"
"584","2026-06-05","41036","CC014","1059","JPY","31673.28","GL posting 584","ERP"
"585","2026-07-13","41014","CC001","1154","EUR","40871","GL posting 585","ERP"
"586","2026-07-09","41041","CC007","1004","EUR","6737.92","GL posting 586","ERP"
"587","2026-07-28","41028","CC019","1163","GBP","43737.23","GL posting 587","ERP"
"588","2026-02-20","41019","CC015","1158","GBP","6871.98","GL posting 588","ERP"
"589","2026-07-21","41049","CC006","1033","EUR","30175.75","GL posting 589","ERP"
"590","2026-05-07","41002","CC009","1079","USD","19068.51","GL posting 590","ERP"
"591","2026-02-09","41039","CC016","1173","JPY","14817.29","GL posting 591","ERP"
"592","2026-06-26","41041","CC016","1180","CHF","25383.22","GL posting 592","ERP"
"593","2026-02-11","41035","CC018","1040","CHF","26696.81","GL posting 593","ERP"
"594","2026-04-24","41023","CC004","1020","GBP","45326.12","GL posting 594","ERP"
"595","2026-06-21","41017","CC020","1008","CHF","33094.37","GL posting 595","ERP"
"596","2026-02-19","41035","CC012","1128","EUR","24552.78","GL posting 596","ERP"
"597","2026-02-22","41041","CC014","1112","USD","13190.53","GL posting 597","ERP"
"598","2026-03-01","41043","CC008","1195","JPY","-2470.6","GL posting 598","ERP"
"599","2026-03-02","41004","CC008","1100","USD","8257.07","GL posting 599","ERP"
"600","2026-01-09","41016","CC018","1126","USD","20417.43","GL posting 600","ERP"
"601","2026-01-04","41042","CC016","1081","EUR","33168.31","GL posting 601","ERP"
"602","2026-01-23","41046","CC008","1025","CHF","13223.48","GL posting 602","ERP"
"603","2026-01-24","41015","CC006","1136","USD","23869.66","GL posting 603","ERP"
"604","2026-06-17","41010","CC019","1040","EUR","-385.97","GL posting 604","ERP"
"605","2026-02-20","41033","CC010","1073","JPY","13785.37","GL posting 605","ERP"
"606","2026-01-18","41002","CC011","1072","CHF","33883.69","GL posting 606","ERP"
"607","2026-01-02","41017","CC006","1072","CHF","42705.55","GL posting 607","ERP"
"608","2026-06-23","41035","CC007","1054","JPY","5237.52","GL posting 608","ERP"
"609","2026-04-10","41000","CC009","1147","JPY","9245.24","GL posting 609","ERP"
"610","2026-01-01","41028","CC003","1143","JPY","30339.53","GL posting 610","ERP"
"611","2026-01-25","41003","CC008","1080","USD","18371.23","GL posting 611","ERP"
"612","2026-04-01","41014","CC011","1053","EUR","39490.43","GL posting 612","ERP"
"613","2026-03-13","41012","CC018","1040","GBP","19227.04","GL posting 613","ERP"
"614","2026-06-04","41032","CC006","1161","CHF","-2320.99","GL posting 614","ERP"
"615","2026-04-04","41045","CC013","1019","USD","2243.11","GL posting 615","ERP"
"616","2026-03-12","41031","CC006","1118","USD","10321.25","GL posting 616","ERP"
"617","2026-04-18","41033","CC002","1080","EUR","18191.78","GL posting 617","ERP"
"618","2026-07-08","41015","CC011","1011","JPY","35724.22","GL posting 618","ERP"
"619","2026-03-31","41020","CC016","1183","CHF","27030.24","GL posting 619","ERP"
"620","2026-04-29","41030","CC010","1043","CHF","43563.17","GL posting 620","ERP"
"621","2026-01-29","41042","CC012","1060","GBP","12289.11","GL posting 621","ERP"
"622","2026-03-30","41043","CC014","1128","JPY","48035.56","GL posting 622","ERP"
"623","2026-01-28","41035","CC020","1196","CHF","36495.17","GL posting 623","ERP"
"624","2026-04-20","41008","CC011","1000","JPY","-3099.56","GL posting 624","ERP"
"625","2026-05-24","41011","CC016","1038","GBP","1178.12","GL posting 625","ERP"
"626","2026-01-17","41039","CC016","1016","CHF","28438.26","GL posting 626","ERP"
"627","2026-02-24","41035","CC004","1019","JPY","37140.2","GL posting 627","ERP"
"628","2026-03-25","41027","CC003","1077","JPY","41108.05","GL posting 628","ERP"
"629","2026-02-16","41029","CC006","1121","USD","6893.12","GL posting 629","ERP"
"630","2026-07-11","41018","CC019","1140","GBP","9966.91","GL posting 630","ERP"
"631","2026-02-14","41036","CC019","1174","EUR","13395.48","GL posting 631","ERP"
"632","2026-04-30","41046","CC014","1060","GBP","-2753.78","GL posting 632","ERP"
"633","2026-06-28","41029","CC018","1088","JPY","46448.46","GL posting 633","ERP"
"634","2026-07-21","41044","CC010","1038","CHF","49399.95","GL posting 634","ERP"
"635","2026-03-04","41039","CC008","1085","JPY","-2904.18","GL posting 635","ERP"
"636","2026-02-27","41012","CC003","1116","USD","47414.74","GL posting 636","ERP"
"637","2026-01-17","41049","CC001","1015","EUR","33775.86","GL posting 637","ERP"
"638","2026-07-28","41047","CC007","1184","EUR","46634","GL posting 638","ERP"
"639","2026-05-07","41032","CC003","1027","JPY","37297.97","GL posting 639","ERP"
"640","2026-03-26","41046","CC019","1193","CHF","5041.77","GL posting 640","ERP"
"641","2026-03-19","41038","CC007","1126","GBP","29377.98","GL posting 641","ERP"
"642","2026-03-13","41022","CC012","1146","JPY","7403.71","GL posting 642","ERP"
"643","2026-07-16","41017","CC010","1053","USD","15711.57","GL posting 643","ERP"
"644","2026-02-25","41041","CC011","1186","GBP","14798.37","GL posting 644","ERP"
"645","2026-04-23","41036","CC016","1111","GBP","12132.71","GL posting 645","ERP"
"646","2026-01-20","41045","CC013","1001","EUR","4204.47","GL posting 646","ERP"
"647","2026-06-10","41027","CC015","1071","GBP","14566.79","GL posting 647","ERP"
"648","2026-07-06","41049","CC010","1158","GBP","38371.93","GL posting 648","ERP"
"649","2026-05-20","41014","CC015","1188","CHF","23255","GL posting 649","ERP"
"650","2026-03-19","41015","CC017","1117","USD","12607.3","GL posting 650","ERP"
"651","2026-07-24","41007","CC016","1052","CHF","39085.91","GL posting 651","ERP"
"652","2026-03-01","41049","CC003","1122","GBP","-2930.93","GL posting 652","ERP"
"653","2026-06-28","41005","CC014","1112","GBP","-533.04","GL posting 653","ERP"
"654","2026-05-31","41019","CC009","1169","JPY","27995.12","GL posting 654","ERP"
"655","2026-06-08","41032","CC020","1176","JPY","13321.3","GL posting 655","ERP"
"656","2026-02-04","41034","CC007","1153","USD","30585.82","GL posting 656","ERP"
"657","2026-01-14","41037","CC009","1057","GBP","11674.21","GL posting 657","ERP"
"658","2026-01-16","41009","CC018","1170","CHF","32002.89","GL posting 658","ERP"
"659","2026-02-02","41039","CC017","1149","EUR","74","GL posting 659","ERP"
"660","2026-06-01","41002","CC014","1098","GBP","15310.3","GL posting 660","ERP"
"661","2026-02-13","41005","CC017","1005","CHF","19004.17","GL posting 661","ERP"
"662","2026-05-04","41014","CC014","1185","JPY","14095.29","GL posting 662","ERP"
"663","2026-03-10","41010","CC003","1004","EUR","45144.93","GL posting 663","ERP"
"664","2026-07-07","41002","CC003","1045","EUR","26334.6","GL posting 664","ERP"
"665","2026-05-12","41022","CC011","1161","JPY","9700.85","GL posting 665","ERP"
"666","2026-03-08","41023","CC019","1095","EUR","3892.77","GL posting 666","ERP"
"667","2026-07-30","41038","CC015","1160","CHF","-1498.94","GL posting 667","ERP"
"668","2026-07-11","41011","CC001","1156","JPY","23598.26","GL posting 668","ERP"
"669","2026-05-10","41021","CC009","1145","CHF","24452.95","GL posting 669","ERP"
"670","2026-07-08","41048","CC019","1025","GBP","42643.75","GL posting 670","ERP"
"671","2026-02-25","41003","CC017","1001","JPY","-2667.79","GL posting 671","ERP"
"672","2026-04-14","41000","CC012","1194","USD","10055.68","GL posting 672","ERP"
"673","2026-06-27","41018","CC004","1040","EUR","29645.29","GL posting 673","ERP"
"674","2026-03-04","41041","CC018","1078","EUR","17658.53","GL posting 674","ERP"
"675","2026-04-12","41049","CC010","1141","EUR","21887.44","GL posting 675","ERP"
"676","2026-06-24","41006","CC013","1160","CHF","33485.15","GL posting 676","ERP"
"677","2026-05-22","41014","CC004","1020","GBP","10587.16","GL posting 677","ERP"
"678","2026-01-26","41019","CC014","1083","USD","27685.63","GL posting 678","ERP"
"679","2026-02-28","41004","CC015","1101","GBP","23999.11","GL posting 679","ERP"
"680","2026-02-07","41024","CC012","1087","GBP","4859.06","GL posting 680","ERP"
"681","2026-03-26","41030","CC001","1062","GBP","-3847.05","GL posting 681","ERP"
"682","2026-03-23","41043","CC014","1030","JPY","505.15","GL posting 682","ERP"
"683","2026-03-03","41005","CC017","1097","CHF","46254.85","GL posting 683","ERP"
"684","2026-04-23","41049","CC005","","EUR","3642.65","GL posting 684","ERP"
"685","2026-07-30","41032","CC003","1151","CHF","10150.7","GL posting 685","ERP"
"686","2026-06-24","41031","CC001","1085","CHF","47471.34","GL posting 686","ERP"
"687","2026-06-21","41031","CC001","1056","CHF","21859.64","GL posting 687","ERP"
"688","2026-04-09","41043","CC013","1185","GBP","16403.23","GL posting 688","ERP"
"689","2026-03-05","41019","CC010","1161","GBP","-32.12","GL posting 689","ERP"
"690","2026-03-21","41043","CC003","1069","EUR","27843.34","GL posting 690","ERP"
"691","2026-06-19","41037","CC019","1186","CHF","9353.13","GL posting 691","ERP"
"692","2026-02-07","41035","CC020","1037","USD","23856.04","GL posting 692","ERP"
"693","2026-03-13","41047","CC020","1197","GBP","12317.12","GL posting 693","ERP"
"694","2026-04-28","41021","CC011","1089","JPY","25654.08","GL posting 694","ERP"
"695","2026-04-29","41017","CC001","1030","USD","28341.21","GL posting 695","ERP"
"696","2026-01-30","41048","CC004","1067","EUR","31038.89","GL posting 696","ERP"
"697","2026-01-01","41039","CC012","1173","USD","19171.56","GL posting 697","ERP"
"698","2026-06-28","41019","CC013","1000","CHF","47507.5","GL posting 698","ERP"
"699","2026-03-03","41017","CC009","1172","GBP","29468.27","GL posting 699","ERP"
"700","2026-01-31","41016","CC006","1144","CHF","8086.39","GL posting 700","ERP"
"701","2026-07-10","41005","CC003","1165","JPY","20397.49","GL posting 701","ERP"
"702","2026-07-06","41002","CC010","1115","CHF","32406.92","GL posting 702","ERP"
"703","2026-06-19","41027","CC012","1038","EUR","-3142.73","GL posting 703","ERP"
"704","2026-01-11","41017","CC018","1190","JPY","20757.12","GL posting 704","ERP"
"705","2026-01-26","41008","CC020","1112","EUR","38619.06","GL posting 705","ERP"
"706","2026-05-13","41037","CC017","1005","CHF","42357.52","GL posting 706","ERP"
"707","2026-06-12","41013","CC001","1179","GBP","4935.48","GL posting 707","ERP"
"708","2026-05-08","41033","CC011","1027","EUR","-62.6","GL posting 708","ERP"
"709","2026-06-13","41035","CC002","1123","EUR","6982.99","GL posting 709","ERP"
"710","2026-07-05","41035","CC007","1061","GBP","6620.14","GL posting 710","ERP"
"711","2026-05-04","41033","CC016","1188","CHF","22239.4","GL posting 711","ERP"
"712","2026-03-22","41043","CC008","1063","JPY","38919.29","GL posting 712","ERP"
"713","2026-05-16","41030","CC003","1057","GBP","19820.9","GL posting 713","ERP"
"714","2026-02-10","41040","CC006","1068","EUR","6026.45","GL posting 714","ERP"
"715","2026-02-22","41001","CC001","1154","GBP","48938.06","GL posting 715","ERP"
"716","2026-03-23","41013","CC019","1180","USD","29843.23","GL posting 716","ERP"
"717","2026-03-30","41043","CC006","1029","GBP","40390.41","GL posting 717","ERP"
"718","2026-04-18","41029","CC003","1071","EUR","1505.49","GL posting 718","ERP"
"719","2026-06-08","41020","CC001","1169","CHF","23618.4","GL posting 719","ERP"
"720","2026-01-10","41024","CC020","1008","GBP","41771.25","GL posting 720","ERP"
"721","2026-05-21","41021","CC007","1041","EUR","17110.14","GL posting 721","ERP"
"722","2026-01-03","41045","CC008","1026","EUR","3745.74","GL posting 722","ERP"
"723","2026-04-11","41020","CC008","1161","JPY","40851.44","GL posting 723","ERP"
"724","2026-06-20","41022","CC007","1155","JPY","-3961.29","GL posting 724","ERP"
"725","2026-04-30","41035","CC004","1004","GBP","21320.35","GL posting 725","ERP"
"726","2026-07-17","41043","CC001","1088","USD","48997.8","GL posting 726","ERP"
"727","2026-06-03","41006","CC015","1021","GBP","12029.1","GL posting 727","ERP"
"728","2026-05-14","41016","CC007","1026","JPY","25699.44","GL posting 728","ERP"
"729","2026-03-12","41045","CC005","1025","EUR","6202.62","GL posting 729","ERP"
"730","2026-04-06","41020","CC017","1192","EUR","39557.33","GL posting 730","ERP"
"731","2026-02-25","41049","CC006","1178","GBP","24393.62","GL posting 731","ERP"
"732","2026-01-16","41030","CC017","1003","GBP","11905.02","GL posting 732","ERP"
"733","2026-06-30","41041","CC016","1176","USD","21280.67","GL posting 733","ERP"
"734","2026-04-14","41045","CC014","1021","GBP","17111.52","GL posting 734","ERP"
"735","2026-03-10","41039","CC018","1042","EUR","46038.92","GL posting 735","ERP"
"736","2026-01-13","41046","CC018","","GBP","43722.34","GL posting 736","ERP"
"737","2026-07-08","41017","CC001","1189","EUR","29217.97","GL posting 737","ERP"
"738","2026-02-22","41044","CC011","1050","CHF","-3193.27","GL posting 738","ERP"
"739","2026-01-29","41043","CC012","1032","JPY","12289.72","GL posting 739","ERP"
"740","2026-05-29","41044","CC002","1108","CHF","41492.14","GL posting 740","ERP"
"741","2026-04-05","41002","CC007","1021","USD","35512.95","GL posting 741","ERP"
"742","2026-03-04","41041","CC005","1012","JPY","18479.2","GL posting 742","ERP"
"743","2026-01-09","41028","CC017","1052","EUR","18128.06","GL posting 743","ERP"
"744","2026-01-08","41009","CC012","1128","USD","40310.77","GL posting 744","ERP"
"745","2026-01-02","41039","CC015","1009","CHF","19013.01","GL posting 745","ERP"
"746","2026-07-07","41006","CC005","1142","USD","44886.65","GL posting 746","ERP"
"747","2026-06-12","41031","CC002","1026","CHF","35301.79","GL posting 747","ERP"
"748","2026-03-27","41024","CC001","1158","GBP","23020.62","GL posting 748","ERP"
"749","2026-02-01","41038","CC006","1108","JPY","44314.7","GL posting 749","ERP"
"750","2026-07-26","41044","CC016","1139","USD","6997.28","GL posting 750","ERP"
"751","2026-06-24","41041","CC006","1015","JPY","48623.62","GL posting 751","ERP"
"752","2026-02-23","41010","CC007","1043","USD","36609.76","GL posting 752","ERP"
"753","2026-04-26","41017","CC020","1165","JPY","46293.55","GL posting 753","ERP"
"754","2026-04-22","41042","CC017","1016","CHF","14341.1","GL posting 754","ERP"
"755","2026-04-23","41002","CC015","1022","EUR","43255.11","GL posting 755","ERP"
"756","2026-03-15","41024","CC009","1172","JPY","8641.18","GL posting 756","ERP"
"757","2026-05-22","41041","CC011","1009","GBP","45934.37","GL posting 757","ERP"
"758","2026-03-14","41046","CC014","1069","EUR","3146.93","GL posting 758","ERP"
"759","2026-03-23","41021","CC006","1098","GBP","38764.65","GL posting 759","ERP"
"760","2026-06-16","41036","CC015","1150","USD","5016.48","GL posting 760","ERP"
"761","2026-03-31","41044","CC009","1063","USD","8098.95","GL posting 761","ERP"
"762","2026-07-08","41028","CC011","1137","CHF","30569.54","GL posting 762","ERP"
"763","2026-02-20","41032","CC014","1149","JPY","-3540.67","GL posting 763","ERP"
"764","2026-04-28","41017","CC012","1137","CHF","10921.76","GL posting 764","ERP"
"765","2026-05-26","41022","CC002","1161","GBP","44963.34","GL posting 765","ERP"
"766","2026-01-19","41032","CC018","1042","CHF","44961.96","GL posting 766","ERP"
"767","2026-05-04","41035","CC002","1155","CHF","34152.03","GL posting 767","ERP"
"768","2026-03-03","41007","CC003","1120","JPY","35872.77","GL posting 768","ERP"
"769","2026-05-20","41030","CC002","1116","CHF","-3042.12","GL posting 769","ERP"
"770","2026-06-13","41037","CC012","1043","GBP","31275.13","GL posting 770","ERP"
"771","2026-06-27","41042","CC005","1072","CHF","-3286.79","GL posting 771","ERP"
"772","2026-02-15","41016","CC019","1087","JPY","1953.28","GL posting 772","ERP"
"773","2026-01-30","41041","CC003","1144","EUR","25387.81","GL posting 773","ERP"
"774","2026-04-29","41020","CC017","1051","EUR","29867.11","GL posting 774","ERP"
"775","2026-06-04","41004","CC015","1002","CHF","20663.47","GL posting 775","ERP"
"776","2026-04-09","41046","CC001","1015","USD","13975.51","GL posting 776","ERP"
"777","2026-06-12","41002","CC005","1138","GBP","21544.44","GL posting 777","ERP"
"778","2026-01-30","41029","CC018","1000","JPY","24831.84","GL posting 778","ERP"
"779","2026-03-27","41022","CC020","1072","EUR","13350.27","GL posting 779","ERP"
"780","2026-04-29","41038","CC016","1073","EUR","-1037.3","GL posting 780","ERP"
"781","2026-02-15","41017","CC005","1110","USD","1615.53","GL posting 781","ERP"
"782","2026-04-24","41009","CC019","1187","JPY","25506.84","GL posting 782","ERP"
"783","2026-06-12","41033","CC006","1147","GBP","13815.43","GL posting 783","ERP"
"784","2026-06-20","41007","CC009","1116","EUR","42048.66","GL posting 784","ERP"
"785","2026-07-27","41037","CC003","","USD","1708.3","GL posting 785","ERP"
"786","2026-05-29","41021","CC017","1029","CHF","21761.1","GL posting 786","ERP"
"787","2026-07-12","41022","CC016","1070","CHF","31137.12","GL posting 787","ERP"
"788","2026-03-28","41019","CC003","1126","JPY","15499.41","GL posting 788","ERP"
"789","2026-07-21","41040","CC015","1104","EUR","23805.87","GL posting 789","ERP"
"790","2026-07-31","41039","CC018","1088","JPY","24413.08","GL posting 790","ERP"
"791","2026-02-26","41039","CC001","1003","GBP","11229","GL posting 791","ERP"
"792","2026-01-18","41038","CC015","1189","USD","47292.01","GL posting 792","ERP"
"793","2026-02-26","41015","CC009","1097","GBP","44297.43","GL posting 793","ERP"
"794","2026-07-27","41012","CC013","1032","JPY","5677.59","GL posting 794","ERP"
"795","2026-04-19","41041","CC006","1190","GBP","40393.64","GL posting 795","ERP"
"796","2026-04-01","41039","CC008","1138","JPY","12999.81","GL posting 796","ERP"
"797","2026-06-15","41048","CC016","1199","CHF","41399.34","GL posting 797","ERP"
"798","2026-07-07","41042","CC020","1142","GBP","40226.56","GL posting 798","ERP"
"799","2026-03-28","41045","CC020","1198","CHF","18550.79","GL posting 799","ERP"
"800","2026-01-03","41003","CC015","1056","CHF","-3140.75","GL posting 800","ERP"
"801","2026-06-23","41039","CC004","1194","GBP","-4947.31","GL posting 801","ERP"
"802","2026-03-04","41021","CC017","1035","CHF","38696.57","GL posting 802","ERP"
"803","2026-01-01","41046","CC012","1184","USD","49112.02","GL posting 803","ERP"
"804","2026-06-29","41035","CC014","1013","GBP","20088.71","GL posting 804","ERP"
"805","2026-05-14","41047","CC004","1022","CHF","48490.29","GL posting 805","ERP"
"806","2026-02-26","41008","CC020","1042","USD","36279.62","GL posting 806","ERP"
"807","2026-06-06","41037","CC020","1095","EUR","33416.42","GL posting 807","ERP"
"808","2026-06-28","41035","CC007","1033","USD","32038.01","GL posting 808","ERP"
"809","2026-05-28","41041","CC006","1037","CHF","34839.09","GL posting 809","ERP"
"810","2026-03-26","41041","CC016","1063","GBP","15825.34","GL posting 810","ERP"
"811","2026-07-22","41049","CC008","1167","GBP","29306.78","GL posting 811","ERP"
"812","2026-07-24","41024","CC008","1047","JPY","21407.45","GL posting 812","ERP"
"813","2026-03-20","41013","CC016","1117","USD","35459.18","GL posting 813","ERP"
"814","2026-01-11","41029","CC016","1141","CHF","28817.94","GL posting 814","ERP"
"815","2026-06-13","41035","CC005","1103","USD","15754.52","GL posting 815","ERP"
"816","2026-02-11","41040","CC008","1196","GBP","2404.58","GL posting 816","ERP"
"817","2026-01-09","41003","CC010","1133","JPY","-1374.81","GL posting 817","ERP"
"818","2026-04-05","41037","CC004","1181","JPY","23036.44","GL posting 818","ERP"
"819","2026-07-26","41049","CC017","1004","JPY","39010.6","GL posting 819","ERP"
"820","2026-01-31","41032","CC011","1118","GBP","38603.39","GL posting 820","ERP"
"821","2026-04-16","41035","CC010","1027","GBP","46517.78","GL posting 821","ERP"
"822","2026-01-05","41036","CC011","1058","JPY","24693.39","GL posting 822","ERP"
"823","2026-05-24","41027","CC014","1082","USD","-936.88","GL posting 823","ERP"
"824","2026-04-14","41033","CC016","1156","USD","7700.8","GL posting 824","ERP"
"825","2026-07-10","41012","CC011","1009","JPY","25815.66","GL posting 825","ERP"
"826","2026-03-05","41013","CC012","1019","JPY","15006.31","GL posting 826","ERP"
"827","2026-03-06","41021","CC010","1076","USD","-2490.3","GL posting 827","ERP"
"828","2026-06-06","41012","CC017","1109","USD","49837.46","GL posting 828","ERP"
"829","2026-03-07","41048","CC011","1006","CHF","20844.19","GL posting 829","ERP"
"830","2026-04-07","41016","CC010","1029","EUR","41042.22","GL posting 830","ERP"
"831","2026-02-26","41035","CC015","1006","CHF","12816.44","GL posting 831","ERP"
"832","2026-05-11","41026","CC008","1060","GBP","40090.96","GL posting 832","ERP"
"833","2026-04-08","41004","CC002","1082","GBP","31449.52","GL posting 833","ERP"
"834","2026-01-01","41031","CC002","1063","JPY","-1620.33","GL posting 834","ERP"
"835","2026-03-04","41023","CC016","1177","JPY","3497.79","GL posting 835","ERP"
"836","2026-05-09","41034","CC011","1029","CHF","18916.11","GL posting 836","ERP"
"837","2026-06-22","41040","CC012","1009","CHF","16312.03","GL posting 837","ERP"
"838","2026-02-20","41034","CC006","1169","EUR","-4319.85","GL posting 838","ERP"
"839","2026-04-09","41010","CC003","1094","JPY","-4250.99","GL posting 839","ERP"
"840","2026-06-01","41031","CC015","1113","USD","47020.9","GL posting 840","ERP"
"841","2026-06-24","41035","CC002","1196","JPY","49120.85","GL posting 841","ERP"
"842","2026-06-22","41037","CC019","1161","GBP","31437.2","GL posting 842","ERP"
"843","2026-04-11","41025","CC012","1042","USD","1846.65","GL posting 843","ERP"
"844","2026-01-09","41031","CC003","1137","CHF","19780.66","GL posting 844","ERP"
"845","2026-04-18","41015","CC013","1176","CHF","40031.79","GL posting 845","ERP"
"846","2026-04-29","41022","CC016","1016","EUR","8451.9","GL posting 846","ERP"
"847","2026-07-28","41029","CC010","1110","EUR","39222.81","GL posting 847","ERP"
"848","2026-05-11","41030","CC016","1041","CHF","27211.83","GL posting 848","ERP"
"849","2026-04-09","41004","CC015","1080","GBP","1519.69","GL posting 849","ERP"
"850","2026-04-23","41017","CC003","1183","USD","-1691.02","GL posting 850","ERP"
"851","2026-07-11","41016","CC018","1092","EUR","21246.98","GL posting 851","ERP"
"852","2026-02-19","41002","CC010","1067","GBP","-4535.39","GL posting 852","ERP"
"853","2026-05-31","41031","CC002","1162","JPY","38272.06","GL posting 853","ERP"
"854","2026-07-06","41021","CC014","1075","CHF","17720.6","GL posting 854","ERP"
"855","2026-05-12","41014","CC010","1100","USD","-748.72","GL posting 855","ERP"
"856","2026-01-22","41034","CC014","1156","CHF","16033.14","GL posting 856","ERP"
"857","2026-02-10","41016","CC015","1042","GBP","46922.78","GL posting 857","ERP"
"858","2026-06-16","41023","CC010","1172","EUR","-339.82","GL posting 858","ERP"
"859","2026-07-23","41019","CC004","1153","EUR","28816.86","GL posting 859","ERP"
"860","2026-05-31","41035","CC006","1076","GBP","11744.79","GL posting 860","ERP"
"861","2026-01-08","41036","CC007","1033","GBP","48719.71","GL posting 861","ERP"
"862","2026-05-21","41020","CC020","1008","CHF","-4756.04","GL posting 862","ERP"
"863","2026-01-14","41003","CC005","1083","CHF","29027.22","GL posting 863","ERP"
"864","2026-04-02","41022","CC003","1145","JPY","39824.25","GL posting 864","ERP"
"865","2026-02-05","41024","CC015","1152","USD","20182.05","GL posting 865","ERP"
"866","2026-06-11","41008","CC015","1136","GBP","34522.39","GL posting 866","ERP"
"867","2026-06-03","41032","CC003","1136","USD","24893.38","GL posting 867","ERP"
"868","2026-07-05","41024","CC013","1015","GBP","-4585.96","GL posting 868","ERP"
"869","2026-04-10","41026","CC005","1086","GBP","6841.96","GL posting 869","ERP"
"870","2026-03-09","41026","CC020","1094","EUR","21127.3","GL posting 870","ERP"
"871","2026-01-19","41030","CC001","1109","USD","47054.95","GL posting 871","ERP"
"872","2026-02-17","41035","CC016","1140","USD","27193.3","GL posting 872","ERP"
"873","2026-04-21","41024","CC005","1138","CHF","44157.96","GL posting 873","ERP"
"874","2026-02-14","41031","CC016","1172","USD","18416.24","GL posting 874","ERP"
"875","2026-01-14","41033","CC007","1110","JPY","33265.39","GL posting 875","ERP"
"876","2026-02-02","41032","CC005","1098","CHF","28215.36","GL posting 876","ERP"
"877","2026-07-12","41003","CC001","1146","EUR","49853.67","GL posting 877","ERP"
"878","2026-04-17","41030","CC010","1164","CHF","5743.96","GL posting 878","ERP"
"879","2026-01-05","41005","CC013","1144","GBP","22994.19","GL posting 879","ERP"
"880","2026-05-13","41030","CC015","1063","CHF","25844.29","GL posting 880","ERP"
"881","2026-01-29","41038","CC013","1117","JPY","20217.64","GL posting 881","ERP"
"882","2026-07-23","41007","CC020","1113","JPY","21862.76","GL posting 882","ERP"
"883","2026-05-29","41036","CC015","1048","EUR","12537.89","GL posting 883","ERP"
"884","2026-01-03","41023","CC004","1080","GBP","37443.4","GL posting 884","ERP"
"885","2026-05-24","41001","CC012","1075","CHF","1768.2","GL posting 885","ERP"
"886","2026-03-23","41006","CC008","1068","GBP","3039.91","GL posting 886","ERP"
"887","2026-01-22","41019","CC018","1168","GBP","20657.18","GL posting 887","ERP"
"888","2026-06-08","41043","CC011","1185","JPY","47068.53","GL posting 888","ERP"
"889","2026-05-07","41043","CC012","1047","JPY","41045.81","GL posting 889","ERP"
"890","2026-07-14","41027","CC001","1090","EUR","11576.7","GL posting 890","ERP"
"891","2026-03-21","41036","CC006","1005","CHF","6281.61","GL posting 891","ERP"
"892","2026-05-28","41031","CC012","1098","USD","3072.71","GL posting 892","ERP"
"893","2026-04-20","41025","CC005","1064","CHF","-3183.97","GL posting 893","ERP"
"894","2026-02-24","41029","CC020","1056","USD","46531.61","GL posting 894","ERP"
"895","2026-02-21","41017","CC018","1024","EUR","26199","GL posting 895","ERP"
"896","2026-03-30","41020","CC016","1194","GBP","48218.37","GL posting 896","ERP"
"897","2026-01-21","41049","CC010","1190","EUR","13556.72","GL posting 897","ERP"
"898","2026-06-27","41016","CC005","1063","CHF","35558.07","GL posting 898","ERP"
"899","2026-04-21","41001","CC002","1133","JPY","14662.39","GL posting 899","ERP"
"900","2026-07-14","41013","CC018","1102","JPY","16335.74","GL posting 900","ERP"
"901","2026-01-28","41033","CC001","1166","CHF","19778.56","GL posting 901","ERP"
"902","2026-03-22","41006","CC003","1107","CHF","44382.17","GL posting 902","ERP"
"903","2026-06-17","41019","CC009","1150","CHF","271.2","GL posting 903","ERP"
"904","2026-01-06","41004","CC008","1111","JPY","27683.37","GL posting 904","ERP"
"905","2026-07-26","41038","CC011","1135","EUR","44011.7","GL posting 905","ERP"
"906","2026-03-26","41008","CC003","1196","USD","34629.87","GL posting 906","ERP"
"907","2026-07-18","41038","CC001","1121","USD","48887.76","GL posting 907","ERP"
"908","2026-01-10","41021","CC011","1098","EUR","5222.11","GL posting 908","ERP"
"909","2026-02-27","41011","CC016","1157","EUR","8122.23","GL posting 909","ERP"
"910","2026-07-11","41035","CC004","1024","EUR","32968.3","GL posting 910","ERP"
"911","2026-05-07","41020","CC015","1110","CHF","39806.8","GL posting 911","ERP"
"912","2026-01-13","41017","CC019","1145","GBP","3910.2","GL posting 912","ERP"
"913","2026-06-12","41044","CC007","1174","EUR","19314.97","GL posting 913","ERP"
"914","2026-07-24","41017","CC012","1028","EUR","26458.01","GL posting 914","ERP"
"915","2026-02-15","41034","CC004","1165","JPY","-3495.07","GL posting 915","ERP"
"916","2026-07-03","41030","CC002","1198","USD","44844.6","GL posting 916","ERP"
"917","2026-03-23","41035","CC016","1013","EUR","5564.7","GL posting 917","ERP"
"918","2026-06-29","41008","CC016","1187","JPY","7798.83","GL posting 918","ERP"
"919","2026-07-26","41044","CC013","1154","JPY","43590.06","GL posting 919","ERP"
"920","2026-06-10","41021","CC006","1180","EUR","-839.27","GL posting 920","ERP"
"921","2026-02-21","41019","CC009","1167","USD","-3475.32","GL posting 921","ERP"
"922","2026-03-09","41047","CC003","1190","USD","2645.01","GL posting 922","ERP"
"923","2026-01-22","41009","CC002","1011","CHF","12100.03","GL posting 923","ERP"
"924","2026-04-15","41035","CC004","1108","USD","-2187.02","GL posting 924","ERP"
"925","2026-01-06","41036","CC011","1053","JPY","14024.48","GL posting 925","ERP"
"926","2026-04-29","41025","CC012","1077","GBP","24276.46","GL posting 926","ERP"
"927","2026-03-04","41048","CC015","1116","GBP","16375.01","GL posting 927","ERP"
"928","2026-06-04","41019","CC009","1024","EUR","-2907.17","GL posting 928","ERP"
"929","2026-01-04","41039","CC001","1138","USD","37537.97","GL posting 929","ERP"
"930","2026-05-27","41028","CC020","1041","CHF","24424.08","GL posting 930","ERP"
"931","2026-04-30","41039","CC020","1157","JPY","12919.97","GL posting 931","ERP"
"932","2026-07-29","41024","CC014","1167","CHF","18567.23","GL posting 932","ERP"
"933","2026-02-05","41040","CC012","1149","GBP","21586.07","GL posting 933","ERP"
"934","2026-06-14","41009","CC009","1081","GBP","25035.04","GL posting 934","ERP"
"935","2026-04-22","41006","CC003","1170","JPY","30511.12","GL posting 935","ERP"
"936","2026-06-30","41030","CC005","1098","GBP","6367.6","GL posting 936","ERP"
"937","2026-03-05","41024","CC013","1074","GBP","43792.43","GL posting 937","ERP"
"938","2026-02-21","41021","CC002","1166","EUR","29862.35","GL posting 938","ERP"
"939","2026-01-16","41000","CC005","1126","USD","-3197.17","GL posting 939","ERP"
"940","2026-06-29","41017","CC012","1005","JPY","30884.35","GL posting 940","ERP"
"941","2026-06-14","41027","CC011","1108","JPY","12798.51","GL posting 941","ERP"
"942","2026-07-17","41024","CC005","1026","USD","-680.36","GL posting 942","ERP"
"943","2026-06-18","41009","CC006","1137","EUR","36873.42","GL posting 943","ERP"
"944","2026-01-25","41048","CC020","1018","USD","23972.71","GL posting 944","ERP"
"945","2026-07-26","41036","CC017","1034","CHF","-1257.61","GL posting 945","ERP"
"946","2026-07-07","41006","CC002","1169","EUR","21630.76","GL posting 946","ERP"
"947","2026-04-23","41039","CC015","1039","EUR","23338.93","GL posting 947","ERP"
"948","2026-03-13","41000","CC001","1106","CHF","14363.23","GL posting 948","ERP"
"949","2026-05-01","41008","CC015","1076","JPY","10357.66","GL posting 949","ERP"
"950","2026-04-15","41040","CC005","1148","EUR","1453.18","GL posting 950","ERP"
"951","2026-06-13","41023","CC013","1022","ZZZ","18219.21","GL posting 951","ERP"
"952","2026-05-18","41024","CC011","1021","CHF","28847.08","GL posting 952","ERP"
"953","2026-07-21","41039","CC013","1106","JPY","46447.24","GL posting 953","ERP"
"954","2026-05-02","41031","CC001","1070","CHF","24839.35","GL posting 954","ERP"
"955","2026-01-05","41029","CC013","1013","GBP","12829.72","GL posting 955","ERP"
"956","2026-07-29","41004","CC002","1030","USD","4714.15","GL posting 956","ERP"
"957","2026-07-18","41013","CC004","1199","EUR","5171.9","GL posting 957","ERP"
"958","2026-04-01","41005","CC011","1117","USD","12440.13","GL posting 958","ERP"
"959","2026-04-18","41008","CC011","1058","USD","32205.81","GL posting 959","ERP"
"960","2026-03-30","41022","CC008","1015","JPY","42973.34","GL posting 960","ERP"
"961","2026-02-06","41042","CC003","1180","USD","43707.61","GL posting 961","ERP"
"962","2026-02-02","41014","CC015","1178","CHF","15180.44","GL posting 962","ERP"
"963","2026-05-14","41020","CC010","1041","EUR","42763.82","GL posting 963","ERP"
"964","2026-05-17","41014","CC004","1061","GBP","6912.2","GL posting 964","ERP"
"965","2026-01-09","41032","CC003","1189","USD","16215.11","GL posting 965","ERP"
"966","2026-02-21","41006","CC019","1102","CHF","600.39","GL posting 966","ERP"
"967","2026-05-14","41024","CC006","1083","CHF","13791.73","GL posting 967","ERP"
"968","2026-03-19","41045","CC005","1193","EUR","38597.67","GL posting 968","ERP"
"969","2026-03-14","41016","CC004","1105","USD","28574.15","GL posting 969","ERP"
"970","2026-04-26","41018","CC002","1182","CHF","-2254.31","GL posting 970","ERP"
"971","2026-07-24","41041","CC007","1008","EUR","7078.67","GL posting 971","ERP"
"972","2026-07-19","41016","CC003","1162","USD","10896.39","GL posting 972","ERP"
"973","2026-01-15","41015","CC002","1015","USD","8378.49","GL posting 973","ERP"
"974","2026-05-10","41010","CC009","1134","USD","12565.42","GL posting 974","ERP"
"975","2026-05-28","41001","CC012","1037","JPY","11158.52","GL posting 975","ERP"
"976","2026-04-19","41043","CC020","1083","JPY","14095.43","GL posting 976","ERP"
"977","2026-04-20","41041","CC020","1126","GBP","5932.59","GL posting 977","ERP"
"978","2026-04-03","41049","CC004","1029","GBP","24932.78","GL posting 978","ERP"
"979","2026-07-30","41042","CC008","1013","EUR","10507.92","GL posting 979","ERP"
"980","2026-07-27","41036","CC003","1064","JPY","38866.2","GL posting 980","ERP"
"981","2026-04-17","41010","CC014","1077","EUR","39696.68","GL posting 981","ERP"
"982","2026-01-13","41000","CC020","1174","JPY","2863.86","GL posting 982","ERP"
"983","2026-02-28","41034","CC013","1141","GBP","43242.06","GL posting 983","ERP"
"984","2026-02-26","41008","CC004","1064","EUR","-1354.88","GL posting 984","ERP"
"985","2026-06-27","41018","CC012","1056","EUR","32149.03","GL posting 985","ERP"
"986","2026-04-29","41011","CC006","1074","CHF","39248.05","GL posting 986","ERP"
"987","2026-07-23","41013","CC003","1156","EUR","34611","GL posting 987","ERP"
"988","2026-06-20","41030","CC012","1156","GBP","1195.63","GL posting 988","ERP"
"989","2026-07-16","41015","CC018","1101","GBP","21287.06","GL posting 989","ERP"
"990","2026-01-18","41041","CC016","1141","JPY","24672.94","GL posting 990","ERP"
"991","2026-04-08","41022","CC007","1036","GBP","17628.79","GL posting 991","ERP"
"992","2026-07-28","41022","CC012","1026","EUR","-4798.93","GL posting 992","ERP"
"993","2026-04-16","41039","CC018","1073","GBP","24995.44","GL posting 993","ERP"
"994","2026-03-18","41028","CC014","1034","CHF","26003.29","GL posting 994","ERP"
"995","2026-01-03","41009","CC001","1060","GBP","4325.11","GL posting 995","ERP"
"996","2026-06-09","41042","CC015","1116","JPY","28830.68","GL posting 996","ERP"
"997","2026-01-10","41010","CC014","1048","CHF","49290.06","GL posting 997","ERP"
"998","2026-03-31","41037","CC016","1069","JPY","19149.2","GL posting 998","ERP"
"999","2026-04-10","41019","CC008","1182","JPY","37448.45","GL posting 999","ERP"
"1000","2026-06-15","41011","CC009","1191","GBP","44047.9","GL posting 1000","ERP"
"1001","2026-02-04","41035","CC006","1027","USD","39808.29","GL posting 1001","ERP"
"1002","2026-06-13","41030","CC004","1173","EUR","27339.84","GL posting 1002","ERP"
"1003","2026-07-16","41047","CC016","1188","CHF","22810.85","GL posting 1003","ERP"
"1004","2026-03-18","41039","CC012","1086","GBP","41084.36","GL posting 1004","ERP"
"1005","2026-01-05","41047","CC015","1110","GBP","30022.42","GL posting 1005","ERP"
"1006","2026-01-03","41038","CC004","1183","CHF","40754.23","GL posting 1006","ERP"
"1007","2026-02-20","41045","CC005","1089","GBP","32402.88","GL posting 1007","ERP"
"1008","2026-06-13","41020","CC010","1073","GBP","33971.33","GL posting 1008","ERP"
"1009","2026-04-11","41025","CC019","1149","GBP","21987.38","GL posting 1009","ERP"
"1010","2026-05-29","41046","CC009","1178","USD","42063.35","GL posting 1010","ERP"
"1011","2026-06-05","41044","CC007","1086","USD","19158.89","GL posting 1011","ERP"
"1012","2026-03-12","41001","CC003","1018","GBP","34257.18","GL posting 1012","ERP"
"1013","2026-02-08","41034","CC020","1117","EUR","4339.3","GL posting 1013","ERP"
"1014","2026-03-27","41017","CC014","1108","GBP","3017.5","GL posting 1014","ERP"
"1015","2026-05-14","41002","CC001","1014","CHF","10229.95","GL posting 1015","ERP"
"1016","2026-07-09","41009","CC011","1037","EUR","33579.19","GL posting 1016","ERP"
"1017","2026-02-07","41012","CC005","1065","CHF","6175.43","GL posting 1017","ERP"
"1018","2026-04-30","41008","CC014","1119","EUR","26049.17","GL posting 1018","ERP"
"1019","2026-05-08","41043","CC019","1144","GBP","2910.75","GL posting 1019","ERP"
"1020","2026-02-26","41013","CC013","1104","EUR","32936.3","GL posting 1020","ERP"
"1021","2026-01-16","41022","CC018","","JPY","20898.53","GL posting 1021","ERP"
"1022","2026-05-14","41022","CC013","1129","CHF","16101.45","GL posting 1022","ERP"
"1023","2026-03-21","41020","CC015","1074","CHF","13742.61","GL posting 1023","ERP"
"1024","2026-05-10","41027","CC007","1018","CHF","28029.13","GL posting 1024","ERP"
"1025","2026-07-25","41010","CC013","1050","JPY","26008.28","GL posting 1025","ERP"
"1026","2026-01-23","41028","CC018","1131","JPY","36976.17","GL posting 1026","ERP"
"1027","2026-05-25","41015","CC009","1010","CHF","25974.49","GL posting 1027","ERP"
"1028","2026-06-08","41014","CC001","1044","USD","11809.76","GL posting 1028","ERP"
"1029","2026-04-16","41002","CC008","1077","EUR","-4488.07","GL posting 1029","ERP"
"1030","2026-02-13","41047","CC020","1117","GBP","5308.73","GL posting 1030","ERP"
"1031","2026-05-22","41038","CC012","1084","CHF","13579.26","GL posting 1031","ERP"
"1032","2026-06-04","41016","CC019","1060","GBP","42814.73","GL posting 1032","ERP"
"1033","2026-06-16","41043","CC012","1073","GBP","28128.81","GL posting 1033","ERP"
"1034","2026-05-12","41012","CC001","1182","CHF","35799.29","GL posting 1034","ERP"
"1035","2026-05-19","41034","CC015","1065","GBP","-11.9","GL posting 1035","ERP"
"1036","2026-06-13","41026","CC018","1152","CHF","37743.79","GL posting 1036","ERP"
"1037","2026-05-31","41019","CC013","1145","GBP","16221.32","GL posting 1037","ERP"
"1038","2026-02-24","41041","CC014","1000","GBP","14899.41","GL posting 1038","ERP"
"1039","2026-07-13","41040","CC015","1188","JPY","31232.32","GL posting 1039","ERP"
"1040","2026-01-11","41038","CC003","1093","GBP","11876.76","GL posting 1040","ERP"
"1041","2026-02-16","41031","CC013","1070","EUR","11659.65","GL posting 1041","ERP"
"1042","2026-02-18","41017","CC010","1148","EUR","45149.36","GL posting 1042","ERP"
"1043","2026-06-13","41009","CC017","1020","JPY","39489.1","GL posting 1043","ERP"
"1044","2026-05-31","41016","CC020","1043","JPY","6808.38","GL posting 1044","ERP"
"1045","2026-01-26","41018","CC015","1066","JPY","20982.21","GL posting 1045","ERP"
"1046","2026-06-25","41040","CC005","1015","USD","21886.08","GL posting 1046","ERP"
"1047","2026-05-30","41016","CC012","1151","CHF","3419.68","GL posting 1047","ERP"
"1048","2026-03-15","41019","CC001","1053","CHF","30866.1","GL posting 1048","ERP"
"1049","2026-04-06","41001","CC020","1023","EUR","1557.09","GL posting 1049","ERP"
"1050","2026-07-26","41015","CC008","1084","GBP","36436.12","GL posting 1050","ERP"
"1051","2026-06-22","41039","CC013","1161","USD","2830.42","GL posting 1051","ERP"
"1052","2026-05-24","41003","CC015","1057","EUR","29469.03","GL posting 1052","ERP"
"1053","2026-04-16","41005","CC007","1192","CHF","4322.65","GL posting 1053","ERP"
"1054","2026-07-03","41041","CC006","1196","EUR","34128.46","GL posting 1054","ERP"
"1055","2026-02-08","41043","CC007","1133","GBP","39758.18","GL posting 1055","ERP"
"1056","2026-04-23","41017","CC015","1135","GBP","39552.38","GL posting 1056","ERP"
"1057","2026-03-05","41010","CC007","1025","USD","42898.32","GL posting 1057","ERP"
"1058","2026-06-26","41045","CC009","1044","USD","34928.7","GL posting 1058","ERP"
"1059","2026-06-07","41045","CC016","1143","USD","37953.23","GL posting 1059","ERP"
"1060","2026-04-23","41024","CC009","1024","CHF","21413.7","GL posting 1060","ERP"
"1061","2026-01-15","41021","CC008","1047","USD","14574.94","GL posting 1061","ERP"
"1062","2026-03-10","41028","CC017","1179","EUR","46580.55","GL posting 1062","ERP"
"1063","2026-06-26","41048","CC008","1025","EUR","33201.93","GL posting 1063","ERP"
"1064","2026-01-19","41041","CC014","1070","JPY","47616.9","GL posting 1064","ERP"
"1065","2026-04-09","41003","CC013","1149","JPY","49245.95","GL posting 1065","ERP"
"1066","2026-03-12","41041","CC016","1186","EUR","30190.71","GL posting 1066","ERP"
"1067","2026-01-06","41037","CC009","","EUR","31074.93","GL posting 1067","ERP"
"1068","2026-03-16","41020","CC017","1078","EUR","18904.73","GL posting 1068","ERP"
"1069","2026-02-11","41042","CC014","1155","EUR","-4615.96","GL posting 1069","ERP"
"1070","2026-06-13","41037","CC001","1106","USD","5882.92","GL posting 1070","ERP"
"1071","2026-07-18","41001","CC015","1182","CHF","-773.9","GL posting 1071","ERP"
"1072","2026-04-05","41010","CC012","1010","CHF","15068.7","GL posting 1072","ERP"
"1073","2026-05-28","41039","CC001","1015","CHF","22005.05","GL posting 1073","ERP"
"1074","2026-04-23","41010","CC013","1130","USD","21760.17","GL posting 1074","ERP"
"1075","2026-07-20","41036","CC017","1144","GBP","23145.59","GL posting 1075","ERP"
"1076","2026-03-12","41014","CC002","1076","GBP","6427.69","GL posting 1076","ERP"
"1077","2026-04-20","41026","CC005","1004","CHF","14703.15","GL posting 1077","ERP"
"1078","2026-05-09","41011","CC011","1010","CHF","27069.36","GL posting 1078","ERP"
"1079","2026-05-10","41002","CC003","1143","USD","35272.27","GL posting 1079","ERP"
"1080","2026-05-28","41041","CC007","1022","EUR","28323.47","GL posting 1080","ERP"
"1081","2026-06-28","41012","CC005","1010","USD","16299.69","GL posting 1081","ERP"
"1082","2026-07-30","41012","CC016","1113","EUR","2674.68","GL posting 1082","ERP"
"1083","2026-01-04","41017","CC009","1182","EUR","23701.48","GL posting 1083","ERP"
"1084","2026-02-04","41030","CC008","1183","GBP","31850.04","GL posting 1084","ERP"
"1085","2026-05-31","41006","CC018","1199","EUR","6514.27","GL posting 1085","ERP"
"1086","2026-03-17","41049","CC003","1023","JPY","-1236.29","GL posting 1086","ERP"
"1087","2026-07-29","41039","CC001","1067","GBP","12468.3","GL posting 1087","ERP"
"1088","2026-04-12","41026","CC008","1186","CHF","27179.66","GL posting 1088","ERP"
"1089","2026-07-19","41028","CC004","1182","GBP","12470.27","GL posting 1089","ERP"
"1090","2026-01-27","41017","CC012","1088","EUR","11289.3","GL posting 1090","ERP"
"1091","2026-05-01","41001","CC020","1006","GBP","33808.18","GL posting 1091","ERP"
"1092","2026-06-11","41014","CC013","1140","JPY","687.28","GL posting 1092","ERP"
"1093","2026-03-13","41039","CC008","1015","USD","30427.38","GL posting 1093","ERP"
"1094","2026-07-06","41036","CC017","1103","USD","10033.15","GL posting 1094","ERP"
"1095","2026-07-18","41034","CC007","1129","GBP","-2933.04","GL posting 1095","ERP"
"1096","2026-03-14","41004","CC014","1030","JPY","25504.85","GL posting 1096","ERP"
"1097","2026-04-09","41045","CC014","1044","GBP","38872.46","GL posting 1097","ERP"
"1098","2026-02-18","41036","CC017","1069","GBP","48301.71","GL posting 1098","ERP"
"1099","2026-06-28","41029","CC003","1182","EUR","18155.81","GL posting 1099","ERP"
"1100","2026-01-26","41041","CC004","1126","CHF","16426.55","GL posting 1100","ERP"
"1101","2026-06-12","41000","CC004","1034","CHF","-2577.68","GL posting 1101","ERP"
"1102","2026-02-22","41018","CC019","1029","JPY","41855.25","GL posting 1102","ERP"
"1103","2026-01-09","41012","CC008","1005","GBP","36758.37","GL posting 1103","ERP"
"1104","2026-07-27","41015","CC005","1097","JPY","35572.03","GL posting 1104","ERP"
"1105","2026-04-23","41038","CC003","1043","CHF","30151.08","GL posting 1105","ERP"
"1106","2026-05-10","41014","CC008","1117","EUR","35861.13","GL posting 1106","ERP"
"1107","2026-07-03","41020","CC003","1126","CHF","14017.66","GL posting 1107","ERP"
"1108","2026-02-11","41021","CC004","1134","USD","17999.67","GL posting 1108","ERP"
"1109","2026-03-09","41014","CC010","1070","CHF","48750.01","GL posting 1109","ERP"
"1110","2026-04-13","41031","CC018","1072","JPY","2400.18","GL posting 1110","ERP"
"1111","2026-01-10","41043","CC007","1081","CHF","-2672.14","GL posting 1111","ERP"
"1112","2026-03-31","41035","CC008","1100","GBP","39940.17","GL posting 1112","ERP"
"1113","2026-03-16","41020","CC007","1194","JPY","41137.73","GL posting 1113","ERP"
"1114","2026-01-13","41049","CC004","1104","EUR","21325.33","GL posting 1114","ERP"
"1115","2026-04-17","41006","CC007","1115","CHF","-4117.32","GL posting 1115","ERP"
"1116","2026-07-01","41032","CC019","1010","EUR","46519.01","GL posting 1116","ERP"
"1117","2026-06-12","41001","CC002","1185","GBP","-1508.05","GL posting 1117","ERP"
"1118","2026-02-06","41043","CC009","1114","CHF","3076.11","GL posting 1118","ERP"
"1119","2026-02-26","41018","CC010","1029","GBP","21216.5","GL posting 1119","ERP"
"1120","2026-05-01","41018","CC014","1125","GBP","44842.36","GL posting 1120","ERP"
"1121","2026-05-08","41005","CC017","1168","CHF","31518.63","GL posting 1121","ERP"
"1122","2026-04-29","41007","CC017","1165","CHF","-289.72","GL posting 1122","ERP"
"1123","2026-05-23","41022","CC014","1113","GBP","49891.21","GL posting 1123","ERP"
"1124","2026-05-12","41007","CC020","1128","CHF","44322.93","GL posting 1124","ERP"
"1125","2026-03-25","41038","CC011","1101","JPY","15975.14","GL posting 1125","ERP"
"1126","2026-02-17","41018","CC002","1016","GBP","16104.45","GL posting 1126","ERP"
"1127","2026-05-15","41033","CC004","1193","GBP","43245.2","GL posting 1127","ERP"
"1128","2026-02-06","41045","CC004","1101","GBP","40759.74","GL posting 1128","ERP"
"1129","2026-07-26","41022","CC004","1150","CHF","40556.92","GL posting 1129","ERP"
"1130","2026-07-05","41013","CC009","1045","GBP","23461.31","GL posting 1130","ERP"
"1131","2026-02-21","41006","CC018","1113","JPY","37261.64","GL posting 1131","ERP"
"1132","2026-01-10","41035","CC019","1019","EUR","25526.23","GL posting 1132","ERP"
"1133","2026-01-10","41011","CC020","1029","CHF","27006.89","GL posting 1133","ERP"
"1134","2026-06-02","41032","CC013","1121","JPY","48810.55","GL posting 1134","ERP"
"1135","2026-01-12","41021","CC011","1175","EUR","4835.64","GL posting 1135","ERP"
"1136","2026-02-12","41030","CC004","1153","JPY","10771.41","GL posting 1136","ERP"
"1137","2026-06-12","41041","CC011","1088","JPY","-3040.74","GL posting 1137","ERP"
"1138","2026-03-25","41044","CC008","1095","GBP","26097.88","GL posting 1138","ERP"
"1139","2026-05-05","41036","CC002","1185","GBP","43293.82","GL posting 1139","ERP"
"1140","2026-07-26","41034","CC008","1105","USD","39680.34","GL posting 1140","ERP"
"1141","2026-01-18","41029","CC003","1013","EUR","45560.23","GL posting 1141","ERP"
"1142","2026-03-14","41046","CC008","1120","JPY","39360.62","GL posting 1142","ERP"
"1143","2026-04-13","41015","CC017","1179","CHF","40628.12","GL posting 1143","ERP"
"1144","2026-01-06","41035","CC011","1002","JPY","-3271.28","GL posting 1144","ERP"
"1145","2026-05-19","41022","CC017","1062","CHF","317.7","GL posting 1145","ERP"
"1146","2026-04-29","41014","CC004","1095","USD","46478.84","GL posting 1146","ERP"
"1147","2026-04-10","41028","CC012","1081","USD","29561.06","GL posting 1147","ERP"
"1148","2026-07-09","41003","CC012","1040","EUR","-2449.15","GL posting 1148","ERP"
"1149","2026-07-04","41013","CC005","1191","GBP","12854.41","GL posting 1149","ERP"
"1150","2026-01-17","41045","CC010","1080","EUR","47386.46","GL posting 1150","ERP"
"1151","2026-06-08","41043","CC017","1086","CHF","834.63","GL posting 1151","ERP"
"1152","2026-02-22","41039","CC012","1056","EUR","18819.46","GL posting 1152","ERP"
"1153","2026-03-11","41042","CC011","1039","CHF","33430.62","GL posting 1153","ERP"
"1154","2026-01-02","41031","CC003","1018","JPY","34415.37","GL posting 1154","ERP"
"1155","2026-03-28","41023","CC005","1107","JPY","28092.7","GL posting 1155","ERP"
"1156","2026-05-13","41040","CC004","1056","GBP","-4740.78","GL posting 1156","ERP"
"1157","2026-01-27","41037","CC003","1145","GBP","39068.41","GL posting 1157","ERP"
"1158","2026-06-09","41006","CC006","1010","JPY","5460.15","GL posting 1158","ERP"
"1159","2026-05-07","41048","CC016","1162","JPY","20558.29","GL posting 1159","ERP"
"1160","2026-07-25","41026","CC010","1099","GBP","30741.67","GL posting 1160","ERP"
"1161","2026-05-16","41016","CC009","1178","EUR","30511.11","GL posting 1161","ERP"
"1162","2026-01-10","41000","CC011","1003","JPY","40848.52","GL posting 1162","ERP"
"1163","2026-01-30","41034","CC003","1182","EUR","22838.58","GL posting 1163","ERP"
"1164","2026-01-17","41022","CC001","1040","EUR","29007.88","GL posting 1164","ERP"
"1165","2026-05-04","41031","CC004","1045","GBP","14378.24","GL posting 1165","ERP"
"1166","2026-01-28","41047","CC009","1084","JPY","17474.78","GL posting 1166","ERP"
"1167","2026-02-26","41048","CC015","1011","CHF","43521.47","GL posting 1167","ERP"
"1168","2026-05-06","41039","CC019","1145","USD","2534.86","GL posting 1168","ERP"
"1169","2026-02-18","41008","CC007","1046","GBP","22884.48","GL posting 1169","ERP"
"1170","2026-07-11","41035","CC002","1157","CHF","22005.14","GL posting 1170","ERP"
"1171","2026-02-13","41007","CC020","1124","GBP","11746.55","GL posting 1171","ERP"
"1172","2026-04-28","41001","CC017","1028","JPY","8325.41","GL posting 1172","ERP"
"1173","2026-02-18","41047","CC017","1186","JPY","23264.89","GL posting 1173","ERP"
"1174","2026-02-05","41012","CC017","1163","EUR","18074.04","GL posting 1174","ERP"
"1175","2026-02-02","41031","CC001","1114","USD","45686.56","GL posting 1175","ERP"
"1176","2026-01-22","41003","CC005","1001","JPY","3947.41","GL posting 1176","ERP"
"1177","2026-04-08","41027","CC008","1179","GBP","14491.38","GL posting 1177","ERP"
"1178","2026-02-09","41027","CC020","1022","CHF","35898.95","GL posting 1178","ERP"
"1179","2026-07-20","41045","CC016","1108","USD","246.11","GL posting 1179","ERP"
"1180","2026-02-17","41033","CC015","1014","EUR","30099.04","GL posting 1180","ERP"
"1181","2026-04-10","41023","CC003","1075","USD","11207.42","GL posting 1181","ERP"
"1182","2026-06-16","41014","CC017","1144","GBP","13153.22","GL posting 1182","ERP"
"1183","2026-01-23","41006","CC019","1023","JPY","27689.49","GL posting 1183","ERP"
"1184","2026-05-28","41037","CC018","1024","GBP","6969.66","GL posting 1184","ERP"
"1185","2026-01-31","41033","CC002","1035","GBP","1180.03","GL posting 1185","ERP"
"1186","2026-06-24","41021","CC006","1159","USD","48617.66","GL posting 1186","ERP"
"1187","2026-06-10","41005","CC006","1049","EUR","-2541.2","GL posting 1187","ERP"
"1188","2026-05-14","41044","CC001","1020","GBP","36765.01","GL posting 1188","ERP"
"1189","2026-06-13","41035","CC020","1064","GBP","11905.84","GL posting 1189","ERP"
"1190","2026-01-23","41048","CC006","1189","GBP","41776.86","GL posting 1190","ERP"
"1191","2026-06-04","41042","CC009","1134","EUR","47545.79","GL posting 1191","ERP"
"1192","2026-04-14","41015","CC004","1005","USD","42622.01","GL posting 1192","ERP"
"1193","2026-02-16","41049","CC010","1103","USD","45439.88","GL posting 1193","ERP"
"1194","2026-07-15","41020","CC020","1144","JPY","29967.59","GL posting 1194","ERP"
"1195","2026-01-20","41003","CC012","1032","CHF","-2596.71","GL posting 1195","ERP"
"1196","2026-06-04","41005","CC009","1048","EUR","15023.43","GL posting 1196","ERP"
"1197","2026-01-17","41018","CC009","1163","CHF","16829.79","GL posting 1197","ERP"
"1198","2026-07-13","41039","CC002","1089","GBP","30351.89","GL posting 1198","ERP"
"1199","2026-07-25","41005","CC009","1159","EUR","47871.51","GL posting 1199","ERP"
"1200","2026-07-06","41005","CC020","1035","GBP","49875.66","GL posting 1200","ERP"
"1201","2026-06-20","41029","CC002","1134","JPY","8043.62","GL posting 1201","ERP"
"1202","2026-07-06","41047","CC007","1121","GBP","-4240.26","GL posting 1202","ERP"
"1203","2026-02-16","41024","CC017","1142","GBP","44924.9","GL posting 1203","ERP"
"1204","2026-07-21","41022","CC012","1170","USD","18331.45","GL posting 1204","ERP"
"1205","2026-01-23","41041","CC020","1001","GBP","38844.6","GL posting 1205","ERP"
"1206","2026-02-10","41020","CC006","1164","JPY","-833.31","GL posting 1206","ERP"
"1207","2026-02-03","41004","CC009","1034","USD","26299.76","GL posting 1207","ERP"
"1208","2026-03-09","41033","CC014","1029","USD","15209.25","GL posting 1208","ERP"
"1209","2026-07-19","41026","CC012","1128","USD","14835.49","GL posting 1209","ERP"
"1210","2026-05-10","41038","CC014","1063","USD","46668.09","GL posting 1210","ERP"
"1211","2026-05-07","41049","CC018","1174","GBP","7366.06","GL posting 1211","ERP"
"1212","2026-07-03","41030","CC010","1002","GBP","9935.44","GL posting 1212","ERP"
"1213","2026-04-13","41046","CC005","1014","JPY","9946.38","GL posting 1213","ERP"
"1214","2026-07-12","41025","CC011","1161","GBP","-3824.91","GL posting 1214","ERP"
"1215","2026-04-30","41021","CC001","1102","GBP","6854.12","GL posting 1215","ERP"
"1216","2026-01-02","41016","CC009","1068","GBP","-562","GL posting 1216","ERP"
"1217","2026-01-05","41019","CC008","1144","JPY","15223.48","GL posting 1217","ERP"
"1218","2026-06-09","41041","CC003","1041","CHF","-1403.64","GL posting 1218","ERP"
"1219","2026-03-24","41013","CC011","1114","USD","36967.2","GL posting 1219","ERP"
"1220","2026-05-18","41007","CC016","1040","USD","26456.26","GL posting 1220","ERP"
"1221","2026-02-11","41008","CC010","1161","GBP","39178.05","GL posting 1221","ERP"
"1222","2026-03-11","41048","CC012","1161","JPY","9711.77","GL posting 1222","ERP"
"1223","2026-02-20","41034","CC007","1046","CHF","49579.91","GL posting 1223","ERP"
"1224","2026-02-06","41040","CC012","1072","EUR","28946.78","GL posting 1224","ERP"
"1225","2026-04-06","41015","CC008","1145","EUR","7394.81","GL posting 1225","ERP"
"1226","2026-07-18","41011","CC018","1030","EUR","15432.81","GL posting 1226","ERP"
"1227","2026-03-25","41040","CC012","1046","CHF","46012.19","GL posting 1227","ERP"
"1228","2026-01-02","41043","CC013","1080","USD","-298.43","GL posting 1228","ERP"
"1229","2026-07-30","41018","CC016","1183","EUR","-3406.11","GL posting 1229","ERP"
"1230","2026-05-16","41047","CC009","1100","USD","47234.99","GL posting 1230","ERP"
"1231","2026-01-10","41031","CC007","1071","USD","5869.8","GL posting 1231","ERP"
"1232","2026-01-21","41014","CC003","1141","JPY","18527.5","GL posting 1232","ERP"
"1233","2026-04-11","41042","CC005","1132","JPY","12297.9","GL posting 1233","ERP"
"1234","2026-03-13","41030","CC016","1092","GBP","38118.7","GL posting 1234","ERP"
"1235","2026-01-15","41021","CC018","1050","EUR","-1003.12","GL posting 1235","ERP"
"1236","2026-03-14","41017","CC009","1167","USD","17754.38","GL posting 1236","ERP"
"1237","2026-01-09","41005","CC018","1012","EUR","22801.91","GL posting 1237","ERP"
"1238","2026-01-12","41027","CC008","1079","JPY","37547.97","GL posting 1238","ERP"
"1239","2026-04-04","41003","CC012","1025","CHF","8373.81","GL posting 1239","ERP"
"1240","2026-04-28","41041","CC003","1046","USD","17744.88","GL posting 1240","ERP"
"1241","2026-03-10","41012","CC005","1169","CHF","24103.49","GL posting 1241","ERP"
"1242","2026-04-01","41004","CC016","1099","CHF","35066.55","GL posting 1242","ERP"
"1243","2026-04-22","41008","CC013","1151","JPY","26365.54","GL posting 1243","ERP"
"1244","2026-01-19","41023","CC017","1079","USD","47604.72","GL posting 1244","ERP"
"1245","2026-02-17","41041","CC017","1176","USD","24345.75","GL posting 1245","ERP"
"1246","2026-05-28","41042","CC017","1114","EUR","49239.93","GL posting 1246","ERP"
"1247","2026-02-18","41027","CC007","1036","USD","16518.21","GL posting 1247","ERP"
"1248","2026-01-05","41012","CC009","1142","CHF","9328.11","GL posting 1248","ERP"
"1249","2026-02-08","41012","CC011","1102","JPY","9452.74","GL posting 1249","ERP"
"1250","2026-07-08","41031","CC014","1173","USD","5407.04","GL posting 1250","ERP"
"1251","2026-06-08","41022","CC013","1072","USD","39900.71","GL posting 1251","ERP"
"1252","2026-04-22","41027","CC011","1136","CHF","11233.81","GL posting 1252","ERP"
"1253","2026-03-17","41026","CC020","1060","CHF","5465.81","GL posting 1253","ERP"
"1254","2026-04-24","41006","CC017","1012","JPY","6090.21","GL posting 1254","ERP"
"1255","2026-05-09","41029","CC016","1052","ZZZ","48121.82","GL posting 1255","ERP"
"1256","2026-05-09","41011","CC007","1032","CHF","48796.18","GL posting 1256","ERP"
"1257","2026-02-25","41025","CC001","1163","EUR","1848.33","GL posting 1257","ERP"
"1258","2026-03-29","41022","CC003","1145","GBP","44045.5","GL posting 1258","ERP"
"1259","2026-04-26","41029","CC014","1146","USD","26708.57","GL posting 1259","ERP"
"1260","2026-01-27","41000","CC010","1069","GBP","24090.65","GL posting 1260","ERP"
"1261","2026-07-04","41034","CC020","1104","EUR","40239.43","GL posting 1261","ERP"
"1262","2026-04-20","41043","CC015","1146","CHF","-3839.28","GL posting 1262","ERP"
"1263","2026-02-05","41037","CC006","1085","JPY","7570.4","GL posting 1263","ERP"
"1264","2026-02-07","41023","CC012","1182","GBP","-2452.45","GL posting 1264","ERP"
"1265","2026-06-02","41016","CC018","1007","GBP","5302.29","GL posting 1265","ERP"
"1266","2026-05-23","41033","CC017","1141","USD","9340.81","GL posting 1266","ERP"
"1267","2026-04-02","41011","CC007","1029","EUR","19172.05","GL posting 1267","ERP"
"1268","2026-05-02","41047","CC011","1155","CHF","47659.59","GL posting 1268","ERP"
"1269","2026-04-16","41027","CC015","1094","JPY","47915.79","GL posting 1269","ERP"
"1270","2026-01-27","41000","CC005","1073","CHF","40761.51","GL posting 1270","ERP"
"1271","2026-05-14","41007","CC013","1069","GBP","10092.48","GL posting 1271","ERP"
"1272","2026-04-20","41044","CC003","1181","USD","44729.71","GL posting 1272","ERP"
"1273","2026-06-15","41043","CC013","1085","JPY","38833.68","GL posting 1273","ERP"
"1274","2026-03-22","41025","CC013","1183","USD","24983.34","GL posting 1274","ERP"
"1275","2026-03-21","41013","CC017","1193","EUR","28212.35","GL posting 1275","ERP"
"1276","2026-03-12","41039","CC017","1108","USD","44398.13","GL posting 1276","ERP"
"1277","2026-04-03","41021","CC012","1188","JPY","48084.74","GL posting 1277","ERP"
"1278","2026-04-26","41002","CC011","1043","USD","3005.98","GL posting 1278","ERP"
"1279","2026-01-06","41026","CC001","1139","CHF","-2217.18","GL posting 1279","ERP"
"1280","2026-01-24","41037","CC012","1103","USD","37987.33","GL posting 1280","ERP"
"1281","2026-04-10","41033","CC011","1081","JPY","47378.1","GL posting 1281","ERP"
"1282","2026-02-12","41034","CC020","1030","CHF","33883.45","GL posting 1282","ERP"
"1283","2026-04-12","41039","CC019","1042","EUR","-1331.21","GL posting 1283","ERP"
"1284","2026-07-12","41039","CC003","1047","USD","17245.2","GL posting 1284","ERP"
"1285","2026-02-28","41028","CC005","1115","GBP","42587.89","GL posting 1285","ERP"
"1286","2026-02-21","41017","CC007","1056","JPY","15100.76","GL posting 1286","ERP"
"1287","2026-06-21","41025","CC019","1126","GBP","-2420.57","GL posting 1287","ERP"
"1288","2026-01-07","41005","CC005","1169","JPY","46768.44","GL posting 1288","ERP"
"1289","2026-02-09","41006","CC019","1024","EUR","24405.08","GL posting 1289","ERP"
"1290","2026-05-18","41027","CC020","1184","CHF","11973.3","GL posting 1290","ERP"
"1291","2026-04-12","41002","CC016","1007","USD","27371.98","GL posting 1291","ERP"
"1292","2026-07-29","41013","CC005","1117","JPY","34973.57","GL posting 1292","ERP"
"1293","2026-06-04","41038","CC009","1126","CHF","24392.87","GL posting 1293","ERP"
"1294","2026-02-09","41030","CC004","1182","USD","3053.07","GL posting 1294","ERP"
"1295","2026-06-08","41032","CC013","1046","EUR","-4388.53","GL posting 1295","ERP"
"1296","2026-01-08","41010","CC019","1100","CHF","23457.39","GL posting 1296","ERP"
"1297","2026-06-04","41023","CC007","1114","EUR","29049.33","GL posting 1297","ERP"
"1298","2026-07-01","41030","CC008","1088","EUR","183.7","GL posting 1298","ERP"
"1299","2026-04-28","41011","CC018","1024","EUR","19819.42","GL posting 1299","ERP"
"1300","2026-07-28","41046","CC018","1055","USD","33286.05","GL posting 1300","ERP"
"1301","2026-02-20","41028","CC011","1035","EUR","21854.04","GL posting 1301","ERP"
"1302","2026-04-06","41027","CC013","1018","USD","10606.68","GL posting 1302","ERP"
"1303","2026-01-08","41023","CC001","1065","JPY","4569.35","GL posting 1303","ERP"
"1304","2026-07-04","41030","CC010","1035","CHF","17802.58","GL posting 1304","ERP"
"1305","2026-07-07","41045","CC018","1133","EUR","7134.37","GL posting 1305","ERP"
"1306","2026-06-21","41029","CC017","1182","USD","9955.65","GL posting 1306","ERP"
"1307","2026-07-06","41034","CC003","1169","JPY","12158.6","GL posting 1307","ERP"
"1308","2026-03-14","41004","CC005","1199","JPY","2014.03","GL posting 1308","ERP"
"1309","2026-07-13","41020","CC009","1125","CHF","17978.26","GL posting 1309","ERP"
"1310","2026-02-23","41036","CC008","1146","JPY","47221.98","GL posting 1310","ERP"
"1311","2026-04-27","41007","CC016","1046","USD","27941.39","GL posting 1311","ERP"
"1312","2026-02-21","41037","CC012","1182","CHF","13185.26","GL posting 1312","ERP"
"1313","2026-07-12","41020","CC019","1055","CHF","-2779.06","GL posting 1313","ERP"
"1314","2026-07-06","41009","CC015","1051","CHF","35826.44","GL posting 1314","ERP"
"1315","2026-03-15","41031","CC002","1178","GBP","47392.82","GL posting 1315","ERP"
"1316","2026-06-24","41005","CC010","1137","CHF","9652.45","GL posting 1316","ERP"
"1317","2026-03-04","41016","CC007","1005","EUR","30903.82","GL posting 1317","ERP"
"1318","2026-05-12","41001","CC001","1177","EUR","6793.15","GL posting 1318","ERP"
"1319","2026-07-14","41030","CC019","1141","CHF","39353.68","GL posting 1319","ERP"
"1320","2026-07-06","41033","CC009","1048","EUR","1841.29","GL posting 1320","ERP"
"1321","2026-01-23","41004","CC012","1146","CHF","13950.89","GL posting 1321","ERP"
"1322","2026-07-01","41042","CC002","1173","GBP","42407.08","GL posting 1322","ERP"
"1323","2026-07-23","41033","CC003","1191","JPY","990.13","GL posting 1323","ERP"
"1324","2026-02-28","41009","CC020","1195","JPY","24152.6","GL posting 1324","ERP"
"1325","2026-07-05","41033","CC012","1161","GBP","1501.5","GL posting 1325","ERP"
"1326","2026-01-25","41003","CC008","1168","GBP","47307.75","GL posting 1326","ERP"
"1327","2026-03-07","41016","CC016","1136","JPY","-2297.54","GL posting 1327","ERP"
"1328","2026-07-23","41002","CC012","1035","USD","9061.82","GL posting 1328","ERP"
"1329","2026-04-15","41047","CC002","1184","CHF","40072.34","GL posting 1329","ERP"
"1330","2026-07-28","41007","CC018","1016","USD","32186.09","GL posting 1330","ERP"
"1331","2026-06-26","41047","CC010","1109","EUR","4237.32","GL posting 1331","ERP"
"1332","2026-07-19","41016","CC018","1147","USD","32191.84","GL posting 1332","ERP"
"1333","2026-02-24","41028","CC004","1013","JPY","18287.37","GL posting 1333","ERP"
"1334","2026-03-13","41004","CC004","1152","GBP","38325","GL posting 1334","ERP"
"1335","2026-02-18","41020","CC002","1046","USD","23367.56","GL posting 1335","ERP"
"1336","2026-02-15","41019","CC003","1002","USD","11868.75","GL posting 1336","ERP"
"1337","2026-02-06","41021","CC006","1181","JPY","6065.35","GL posting 1337","ERP"
"1338","2026-01-29","41035","CC008","1182","USD","25202.71","GL posting 1338","ERP"
"1339","2026-04-27","41017","CC017","1036","CHF","36064.96","GL posting 1339","ERP"
"1340","2026-01-04","41043","CC011","1057","JPY","4649.93","GL posting 1340","ERP"
"1341","2026-01-25","41049","CC002","1128","GBP","18068.71","GL posting 1341","ERP"
"1342","2026-03-01","41026","CC018","1185","CHF","3611.08","GL posting 1342","ERP"
"1343","2026-01-15","41019","CC007","1101","JPY","34378.25","GL posting 1343","ERP"
"1344","2026-02-14","41005","CC018","1058","GBP","6131.6","GL posting 1344","ERP"
"1345","2026-04-30","41048","CC002","1077","EUR","7020.95","GL posting 1345","ERP"
"1346","2026-01-22","41033","CC001","1000","EUR","31641.98","GL posting 1346","ERP"
"1347","2026-04-30","41041","CC012","1034","GBP","30767.32","GL posting 1347","ERP"
"1348","2026-04-15","41042","CC015","1152","EUR","18561.68","GL posting 1348","ERP"
"1349","2026-01-27","41032","CC019","1161","CHF","37882.62","GL posting 1349","ERP"
"1350","2026-04-28","41034","CC004","1145","USD","30939.29","GL posting 1350","ERP"
"1351","2026-05-13","41011","CC017","1082","JPY","21971.18","GL posting 1351","ERP"
"1352","2026-05-15","41031","CC011","1143","CHF","34331.28","GL posting 1352","ERP"
"1353","2026-01-12","41011","CC001","1119","JPY","7436.02","GL posting 1353","ERP"
"1354","2026-04-28","41045","CC004","1087","JPY","8811.57","GL posting 1354","ERP"
"1355","2026-06-07","41010","CC004","1180","JPY","4243.24","GL posting 1355","ERP"
"1356","2026-01-03","41011","CC002","1152","GBP","21252.66","GL posting 1356","ERP"
"1357","2026-01-02","41048","CC008","1133","CHF","23729.39","GL posting 1357","ERP"
"1358","2026-07-08","41028","CC004","1091","USD","42548.7","GL posting 1358","ERP"
"1359","2026-07-08","41016","CC017","1003","EUR","33871.19","GL posting 1359","ERP"
"1360","2026-03-22","41028","CC009","1098","CHF","2851.34","GL posting 1360","ERP"
"1361","2026-07-24","41033","CC018","1112","JPY","43010.4","GL posting 1361","ERP"
"1362","2026-04-18","41015","CC018","1139","EUR","-1226.8","GL posting 1362","ERP"
"1363","2026-02-05","41019","CC016","1098","JPY","9133.91","GL posting 1363","ERP"
"1364","2026-06-18","41010","CC002","1094","CHF","-129.62","GL posting 1364","ERP"
"1365","2026-01-26","41014","CC002","1143","USD","5612.68","GL posting 1365","ERP"
"1366","2026-04-06","41038","CC020","1156","CHF","27889.77","GL posting 1366","ERP"
"1367","2026-04-26","41008","CC008","1110","GBP","25333.04","GL posting 1367","ERP"
"1368","2026-01-03","41039","CC018","1059","CHF","22722.92","GL posting 1368","ERP"
"1369","2026-01-26","41033","CC008","1074","USD","14303.55","GL posting 1369","ERP"
"1370","2026-02-23","41008","CC001","1095","JPY","38905.34","GL posting 1370","ERP"
"1371","2026-06-23","41026","CC004","1010","EUR","1361.34","GL posting 1371","ERP"
"1372","2026-02-21","41027","CC016","1018","JPY","2747.19","GL posting 1372","ERP"
"1373","2026-07-24","41031","CC009","1015","EUR","9881.64","GL posting 1373","ERP"
"1374","2026-06-15","41029","CC001","1076","USD","11189.06","GL posting 1374","ERP"
"1375","2026-06-10","41039","CC011","1152","CHF","44055.91","GL posting 1375","ERP"
"1376","2026-03-28","41011","CC005","1140","GBP","7343.73","GL posting 1376","ERP"
"1377","2026-06-17","41037","CC002","1045","EUR","22048.81","GL posting 1377","ERP"
"1378","2026-06-08","41043","CC007","1172","JPY","44709.68","GL posting 1378","ERP"
"1379","2026-04-22","41043","CC007","1035","CHF","9003.12","GL posting 1379","ERP"
"1380","2026-01-10","41010","CC020","1139","USD","8194.99","GL posting 1380","ERP"
"1381","2026-02-26","41027","CC020","1016","JPY","20822.72","GL posting 1381","ERP"
"1382","2026-07-26","41032","CC019","1044","CHF","560.89","GL posting 1382","ERP"
"1383","2026-01-11","41048","CC015","1028","EUR","44356.1","GL posting 1383","ERP"
"1384","2026-04-14","41042","CC017","1123","CHF","879.91","GL posting 1384","ERP"
"1385","2026-01-13","41042","CC019","1099","JPY","5890.71","GL posting 1385","ERP"
"1386","2026-05-24","41010","CC015","1061","EUR","14688.86","GL posting 1386","ERP"
"1387","2026-06-26","41003","CC001","1114","JPY","29833.71","GL posting 1387","ERP"
"1388","2026-02-27","41042","CC015","1144","CHF","29492.22","GL posting 1388","ERP"
"1389","2026-04-02","41037","CC002","1010","USD","8960.62","GL posting 1389","ERP"
"1390","2026-05-12","41017","CC019","1115","EUR","215.93","GL posting 1390","ERP"
"1391","2026-01-05","41008","CC014","1156","CHF","15524.14","GL posting 1391","ERP"
"1392","2026-03-19","41014","CC001","1123","JPY","42248.98","GL posting 1392","ERP"
"1393","2026-06-19","41023","CC003","1138","USD","48429.47","GL posting 1393","ERP"
"1394","2026-06-02","41046","CC002","1198","GBP","37007.49","GL posting 1394","ERP"
"1395","2026-04-14","41017","CC001","1102","USD","25403.44","GL posting 1395","ERP"
"1396","2026-03-27","41011","CC005","1036","GBP","46325.06","GL posting 1396","ERP"
"1397","2026-03-14","41048","CC020","1043","GBP","12531.83","GL posting 1397","ERP"
"1398","2026-01-10","41044","CC018","1093","EUR","37243.69","GL posting 1398","ERP"
"1399","2026-05-03","41024","CC004","1152","EUR","31488.98","GL posting 1399","ERP"
"1400","2026-07-10","41010","CC012","1175","USD","-4989.76","GL posting 1400","ERP"
"1401","2026-01-15","41038","CC004","1163","GBP","-2250.45","GL posting 1401","ERP"
"1402","2026-01-04","41013","CC003","1061","JPY","444.91","GL posting 1402","ERP"
"1403","2026-05-14","41027","CC013","1028","CHF","25730.36","GL posting 1403","ERP"
"1404","2026-01-07","41048","CC012","","EUR","24030.42","GL posting 1404","ERP"
"1405","2026-02-05","41042","CC014","1077","CHF","2007.37","GL posting 1405","ERP"
"1406","2026-04-19","41004","CC017","1125","JPY","13452.67","GL posting 1406","ERP"
"1407","2026-05-22","41001","CC004","1001","JPY","-117.05","GL posting 1407","ERP"
"1408","2026-06-04","41031","CC006","1101","USD","-1451.61","GL posting 1408","ERP"
"1409","2026-04-25","41000","CC020","1151","JPY","21968.37","GL posting 1409","ERP"
"1410","2026-05-09","41015","CC001","1013","GBP","14050.67","GL posting 1410","ERP"
"1411","2026-07-07","41023","CC015","1075","GBP","8362.37","GL posting 1411","ERP"
"1412","2026-02-26","41031","CC018","1157","USD","49251.46","GL posting 1412","ERP"
"1413","2026-06-20","41017","CC010","1009","GBP","45705.03","GL posting 1413","ERP"
"1414","2026-01-31","41041","CC018","1133","CHF","36598.25","GL posting 1414","ERP"
"1415","2026-06-16","41001","CC018","1196","GBP","32664","GL posting 1415","ERP"
"1416","2026-02-04","41049","CC016","1041","CHF","12556.27","GL posting 1416","ERP"
"1417","2026-05-18","41005","CC012","1100","GBP","18165.91","GL posting 1417","ERP"
"1418","2026-04-18","41047","CC013","1160","EUR","42091.59","GL posting 1418","ERP"
"1419","2026-06-01","41010","CC006","1103","USD","-1439.42","GL posting 1419","ERP"
"1420","2026-02-15","41007","CC011","1197","USD","11140.67","GL posting 1420","ERP"
"1421","2026-04-16","41023","CC007","1167","USD","12074.73","GL posting 1421","ERP"
"1422","2026-05-08","41000","CC014","1005","JPY","27676.21","GL posting 1422","ERP"
"1423","2026-01-31","41036","CC016","1185","CHF","10666.39","GL posting 1423","ERP"
"1424","2026-01-16","41013","CC012","1163","EUR","5640.57","GL posting 1424","ERP"
"1425","2026-02-16","41016","CC001","1087","JPY","-2840.51","GL posting 1425","ERP"
"1426","2026-01-22","41033","CC008","1172","EUR","27877.67","GL posting 1426","ERP"
"1427","2026-02-02","41010","CC014","1061","JPY","27390.61","GL posting 1427","ERP"
"1428","2026-03-20","41006","CC020","1099","JPY","2769.93","GL posting 1428","ERP"
"1429","2026-03-23","41032","CC014","1071","EUR","-4824.04","GL posting 1429","ERP"
"1430","2026-03-05","41009","CC015","1110","JPY","12811.83","GL posting 1430","ERP"
"1431","2026-07-01","41049","CC006","1182","CHF","46926.39","GL posting 1431","ERP"
"1432","2026-05-05","41043","CC010","1095","CHF","11191.84","GL posting 1432","ERP"
"1433","2026-06-11","41018","CC019","1084","CHF","18689.82","GL posting 1433","ERP"
"1434","2026-04-13","41018","CC004","1020","EUR","-3961.56","GL posting 1434","ERP"
"1435","2026-05-28","41000","CC010","1099","USD","26351.61","GL posting 1435","ERP"
"1436","2026-03-05","41020","CC020","1109","USD","8646.97","GL posting 1436","ERP"
"1437","2026-01-27","41013","CC003","1148","JPY","7073.4","GL posting 1437","ERP"
"1438","2026-01-03","41013","CC020","1122","CHF","49168.06","GL posting 1438","ERP"
"1439","2026-06-01","41045","CC015","1112","CHF","36619.52","GL posting 1439","ERP"
"1440","2026-03-02","41033","CC017","1172","EUR","12937.14","GL posting 1440","ERP"
"1441","2026-07-11","41048","CC008","1004","CHF","4046.15","GL posting 1441","ERP"
"1442","2026-04-15","41025","CC011","1189","JPY","14983.97","GL posting 1442","ERP"
"1443","2026-03-11","41010","CC001","1026","EUR","19020.72","GL posting 1443","ERP"
"1444","2026-02-20","41040","CC007","1147","EUR","28342.15","GL posting 1444","ERP"
"1445","2026-07-08","41041","CC014","1041","EUR","37242.71","GL posting 1445","ERP"
"1446","2026-02-17","41017","CC008","1195","EUR","3958.13","GL posting 1446","ERP"
"1447","2026-03-19","41018","CC014","1015","CHF","36399.81","GL posting 1447","ERP"
"1448","2026-03-13","41038","CC014","1144","USD","11531.59","GL posting 1448","ERP"
"1449","2026-04-04","41038","CC005","1175","USD","-4930.36","GL posting 1449","ERP"
"1450","2026-01-29","41042","CC011","1125","CHF","5201.04","GL posting 1450","ERP"
"1451","2026-07-18","41028","CC017","1048","USD","13299.22","GL posting 1451","ERP"
"1452","2026-02-24","41017","CC013","1033","JPY","8833.37","GL posting 1452","ERP"
"1453","2026-04-22","41018","CC013","1147","EUR","35440.44","GL posting 1453","ERP"
"1454","2026-03-31","41025","CC012","1045","JPY","-3264.4","GL posting 1454","ERP"
"1455","2026-01-31","41018","CC019","1074","GBP","37832.14","GL posting 1455","ERP"
"1456","2026-02-16","41049","CC008","1133","JPY","-317.95","GL posting 1456","ERP"
"1457","2026-07-15","41038","CC015","1106","JPY","46390.21","GL posting 1457","ERP"
"1458","2026-05-28","41040","CC015","1177","CHF","32239.29","GL posting 1458","ERP"
"1459","2026-03-03","41042","CC012","1057","JPY","46348.44","GL posting 1459","ERP"
"1460","2026-02-02","41027","CC001","1015","USD","42336.56","GL posting 1460","ERP"
"1461","2026-06-13","41032","CC009","1136","CHF","6645.37","GL posting 1461","ERP"
"1462","2026-05-29","41012","CC020","1072","JPY","36204.28","GL posting 1462","ERP"
"1463","2026-07-04","41021","CC005","1171","CHF","-2499.81","GL posting 1463","ERP"
"1464","2026-05-27","41042","CC015","1172","JPY","30644.24","GL posting 1464","ERP"
"1465","2026-04-12","41026","CC011","1076","USD","14382.83","GL posting 1465","ERP"
"1466","2026-07-31","41041","CC008","1025","JPY","904","GL posting 1466","ERP"
"1467","2026-02-20","41047","CC017","1001","USD","7755.14","GL posting 1467","ERP"
"1468","2026-07-27","41039","CC014","1094","GBP","836.05","GL posting 1468","ERP"
"1469","2026-04-12","41030","CC008","1151","EUR","33934.27","GL posting 1469","ERP"
"1470","2026-01-22","41006","CC018","1078","EUR","956.79","GL posting 1470","ERP"
"1471","2026-07-14","41024","CC003","1158","USD","20035.43","GL posting 1471","ERP"
"1472","2026-07-20","41020","CC003","1087","GBP","-4573.45","GL posting 1472","ERP"
"1473","2026-04-12","41033","CC011","1188","GBP","23953.76","GL posting 1473","ERP"
"1474","2026-05-17","41034","CC008","1142","CHF","-2025.38","GL posting 1474","ERP"
"1475","2026-04-09","41010","CC017","1197","JPY","12520.14","GL posting 1475","ERP"
"1476","2026-03-19","41018","CC009","1195","USD","4258.47","GL posting 1476","ERP"
"1477","2026-04-13","41016","CC007","1000","GBP","24115.53","GL posting 1477","ERP"
"1478","2026-05-22","41004","CC016","1123","GBP","14949.03","GL posting 1478","ERP"
"1479","2026-05-04","41041","CC010","1097","CHF","2657.63","GL posting 1479","ERP"
"1480","2026-02-01","41018","CC007","1177","JPY","25520","GL posting 1480","ERP"
"1481","2026-05-25","41041","CC010","1101","GBP","9187.22","GL posting 1481","ERP"
"1482","2026-05-13","41023","CC007","1058","EUR","40774.75","GL posting 1482","ERP"
"1483","2026-07-25","41015","CC009","1049","GBP","395.26","GL posting 1483","ERP"
"1484","2026-01-29","41037","CC010","1041","CHF","39316.97","GL posting 1484","ERP"
"1485","2026-01-15","41026","CC017","1154","USD","41699.54","GL posting 1485","ERP"
"1486","2026-05-16","41031","CC006","1020","JPY","15466.91","GL posting 1486","ERP"
"1487","2026-01-30","41012","CC011","1053","USD","933.22","GL posting 1487","ERP"
"1488","2026-01-10","41034","CC004","1162","EUR","24846.79","GL posting 1488","ERP"
"1489","2026-02-16","41022","CC004","1151","JPY","24605.98","GL posting 1489","ERP"
"1490","2026-05-22","41002","CC012","1121","USD","42680.38","GL posting 1490","ERP"
"1491","2026-03-11","41017","CC013","1056","CHF","5133.78","GL posting 1491","ERP"
"1492","2026-02-10","41012","CC002","1009","EUR","8771.2","GL posting 1492","ERP"
"1493","2026-01-21","41035","CC001","1016","CHF","6578.6","GL posting 1493","ERP"
"1494","2026-07-13","41033","CC003","1186","JPY","-4212.73","GL posting 1494","ERP"
"1495","2026-02-25","41048","CC009","1071","USD","23391.81","GL posting 1495","ERP"
"1496","2026-01-01","41046","CC009","1079","CHF","37363.24","GL posting 1496","ERP"
"1497","2026-03-31","41017","CC004","1197","GBP","37884.09","GL posting 1497","ERP"
"1498","2026-04-13","41030","CC003","1034","EUR","23138.05","GL posting 1498","ERP"
"1499","2026-05-08","41027","CC017","1178","USD","1854.96","GL posting 1499","ERP"
"1500","2026-06-04","41013","CC019","1197","EUR","28137.84","GL posting 1500","ERP"
"1501","2026-06-08","41017","CC019","1170","EUR","31848.95","GL posting 1501","ERP"
"1502","2026-04-29","41045","CC019","1181","CHF","36538.07","GL posting 1502","ERP"
"1503","2026-07-17","41014","CC008","1038","USD","45184.8","GL posting 1503","ERP"
"1504","2026-07-20","41029","CC009","1105","EUR","5737.32","GL posting 1504","ERP"
"1505","2026-05-21","41023","CC003","1043","EUR","27527.89","GL posting 1505","ERP"
"1506","2026-04-19","41003","CC009","1192","GBP","1545.38","GL posting 1506","ERP"
"1507","2026-06-22","41000","CC019","1111","USD","29555.01","GL posting 1507","ERP"
"1508","2026-01-09","41036","CC020","1023","EUR","39541.59","GL posting 1508","ERP"
"1509","2026-06-20","41015","CC011","1061","GBP","49445.51","GL posting 1509","ERP"
"1510","2026-01-10","41012","CC001","1180","CHF","40704.74","GL posting 1510","ERP"
"1511","2026-03-13","41040","CC008","1071","EUR","35202.85","GL posting 1511","ERP"
"1512","2026-02-16","41016","CC019","1116","JPY","7900.8","GL posting 1512","ERP"
"1513","2026-07-09","41021","CC015","1085","GBP","33195.1","GL posting 1513","ERP"
"1514","2026-02-24","41004","CC002","1010","JPY","12041.29","GL posting 1514","ERP"
"1515","2026-07-02","41011","CC020","1053","EUR","10301.14","GL posting 1515","ERP"
"1516","2026-02-22","41014","CC014","1045","EUR","39738.34","GL posting 1516","ERP"
"1517","2026-02-07","41015","CC010","1128","EUR","800.44","GL posting 1517","ERP"
"1518","2026-02-01","41004","CC007","1017","GBP","49319.37","GL posting 1518","ERP"
"1519","2026-01-08","41031","CC012","1114","CHF","12950.35","GL posting 1519","ERP"
"1520","2026-01-20","41046","CC016","1186","CHF","11581.02","GL posting 1520","ERP"
"1521","2026-03-26","41048","CC002","1078","JPY","45837.23","GL posting 1521","ERP"
"1522","2026-02-07","41048","CC002","1020","EUR","48996.93","GL posting 1522","ERP"
"1523","2026-04-12","41017","CC013","1066","USD","19124.78","GL posting 1523","ERP"
"1524","2026-01-09","41007","CC020","1193","JPY","12991.57","GL posting 1524","ERP"
"1525","2026-03-20","41019","CC004","1016","GBP","1751.28","GL posting 1525","ERP"
"1526","2026-03-20","41029","CC015","1192","JPY","40587.66","GL posting 1526","ERP"
"1527","2026-01-09","41015","CC019","1010","JPY","12918.41","GL posting 1527","ERP"
"1528","2026-06-26","41037","CC002","1064","EUR","30051.05","GL posting 1528","ERP"
"1529","2026-05-21","41047","CC020","1054","USD","23520.24","GL posting 1529","ERP"
"1530","2026-04-07","41038","CC012","1176","EUR","36759.02","GL posting 1530","ERP"
"1531","2026-01-28","41033","CC001","1037","GBP","288.57","GL posting 1531","ERP"
"1532","2026-02-21","41026","CC003","1163","JPY","28817.88","GL posting 1532","ERP"
"1533","2026-06-03","41011","CC007","1194","JPY","5448.16","GL posting 1533","ERP"
"1534","2026-05-07","41007","CC018","1165","CHF","717.63","GL posting 1534","ERP"
"1535","2026-02-13","41048","CC003","1131","GBP","33544.1","GL posting 1535","ERP"
"1536","2026-02-24","41017","CC013","1110","GBP","31549.22","GL posting 1536","ERP"
"1537","2026-02-03","41019","CC010","1013","CHF","40657.23","GL posting 1537","ERP"
"1538","2026-07-19","41046","CC005","1158","JPY","48748.94","GL posting 1538","ERP"
"1539","2026-07-12","41021","CC016","1119","GBP","9968.89","GL posting 1539","ERP"
"1540","2026-04-07","41033","CC012","1140","EUR","32357.26","GL posting 1540","ERP"
"1541","2026-01-12","41001","CC010","1129","EUR","41199.06","GL posting 1541","ERP"
"1542","2026-06-30","41008","CC013","1155","EUR","20977.05","GL posting 1542","ERP"
"1543","2026-07-10","41018","CC004","1041","CHF","6573.54","GL posting 1543","ERP"
"1544","2026-03-16","41039","CC007","1080","GBP","-26.35","GL posting 1544","ERP"
"1545","2026-05-18","41018","CC011","1025","GBP","10248.35","GL posting 1545","ERP"
"1546","2026-04-20","41014","CC017","1019","EUR","-1214.69","GL posting 1546","ERP"
"1547","2026-01-30","41017","CC015","1064","EUR","10291.58","GL posting 1547","ERP"
"1548","2026-05-26","41020","CC009","1031","EUR","30671.98","GL posting 1548","ERP"
"1549","2026-05-30","41016","CC012","1145","EUR","16141.92","GL posting 1549","ERP"
"1550","2026-05-07","41004","CC018","1091","JPY","7102.18","GL posting 1550","ERP"
"1551","2026-07-18","41002","CC020","1145","EUR","22892.37","GL posting 1551","ERP"
"1552","2026-04-24","41044","CC009","1165","JPY","36648.32","GL posting 1552","ERP"
"1553","2026-07-27","41022","CC013","1030","USD","35773.1","GL posting 1553","ERP"
"1554","2026-05-28","41026","CC012","1025","USD","33759.42","GL posting 1554","ERP"
"1555","2026-06-13","41045","CC016","1084","GBP","31488.3","GL posting 1555","ERP"
"1556","2026-04-29","41040","CC019","1093","JPY","17128.2","GL posting 1556","ERP"
"1557","2026-04-23","41006","CC015","1150","GBP","25354.49","GL posting 1557","ERP"
"1558","2026-03-28","41014","CC003","1020","EUR","24771.82","GL posting 1558","ERP"
"1559","2026-06-20","41037","CC008","1040","JPY","17917.78","GL posting 1559","ERP"
"1560","2026-06-19","41010","CC012","1069","USD","22361.82","GL posting 1560","ERP"
"1561","2026-04-30","41000","CC018","1098","EUR","5269.23","GL posting 1561","ERP"
"1562","2026-05-27","41012","CC002","1176","USD","9812.27","GL posting 1562","ERP"
"1563","2026-01-12","41025","CC019","1102","USD","6175.87","GL posting 1563","ERP"
"1564","2026-02-09","41012","CC007","1056","GBP","19212.62","GL posting 1564","ERP"
"1565","2026-05-08","41046","CC013","1039","CHF","23112.4","GL posting 1565","ERP"
"1566","2026-04-15","41005","CC014","1148","EUR","39876.27","GL posting 1566","ERP"
"1567","2026-04-28","41018","CC009","1002","GBP","13515.82","GL posting 1567","ERP"
"1568","2026-06-01","41022","CC014","1196","CHF","47044.99","GL posting 1568","ERP"
"1569","2026-02-07","41027","CC019","1028","JPY","47535.93","GL posting 1569","ERP"
"1570","2026-04-10","41006","CC016","1085","CHF","5147.21","GL posting 1570","ERP"
"1571","2026-01-22","41048","CC013","1004","CHF","35492.21","GL posting 1571","ERP"
"1572","2026-07-06","41034","CC001","1114","USD","6104.35","GL posting 1572","ERP"
"1573","2026-06-13","41034","CC017","1005","GBP","18822.24","GL posting 1573","ERP"
"1574","2026-05-15","41012","CC011","1099","EUR","29538.03","GL posting 1574","ERP"
"1575","2026-01-09","41047","CC001","1168","JPY","18604.89","GL posting 1575","ERP"
"1576","2026-07-30","41034","CC011","1145","EUR","-358.41","GL posting 1576","ERP"
"1577","2026-07-30","41017","CC006","1027","CHF","26599.7","GL posting 1577","ERP"
"1578","2026-04-07","41000","CC019","1052","EUR","16482.16","GL posting 1578","ERP"
"1579","2026-05-30","41029","CC020","1011","EUR","41542.29","GL posting 1579","ERP"
"1580","2026-01-11","41037","CC011","1045","CHF","-4851.01","GL posting 1580","ERP"
"1581","2026-02-21","41046","CC017","1170","GBP","46051.73","GL posting 1581","ERP"
"1582","2026-06-11","41032","CC006","1052","JPY","2013.87","GL posting 1582","ERP"
"1583","2026-01-24","41034","CC009","1081","CHF","9887.69","GL posting 1583","ERP"
"1584","2026-03-13","41012","CC005","1063","JPY","27240.5","GL posting 1584","ERP"
"1585","2026-03-03","41000","CC017","1142","EUR","-690.35","GL posting 1585","ERP"
"1586","2026-05-11","41042","CC010","1133","CHF","48987.14","GL posting 1586","ERP"
"1587","2026-02-23","41011","CC015","1041","GBP","20156.78","GL posting 1587","ERP"
"1588","2026-02-14","41012","CC019","1095","CHF","20530.92","GL posting 1588","ERP"
"1589","2026-04-01","41009","CC003","1108","EUR","18147.91","GL posting 1589","ERP"
"1590","2026-05-15","41022","CC014","1168","JPY","38206.24","GL posting 1590","ERP"
"1591","2026-01-18","41037","CC010","1173","USD","34807.63","GL posting 1591","ERP"
"1592","2026-06-18","41017","CC010","1036","JPY","43416.59","GL posting 1592","ERP"
"1593","2026-01-31","41002","CC016","1126","EUR","13846.81","GL posting 1593","ERP"
"1594","2026-06-28","41047","CC017","1192","EUR","18069.65","GL posting 1594","ERP"
"1595","2026-06-21","41009","CC010","1100","JPY","33346.81","GL posting 1595","ERP"
"1596","2026-01-12","41011","CC001","1152","CHF","32118.44","GL posting 1596","ERP"
"1597","2026-07-27","41017","CC015","1085","USD","1031.9","GL posting 1597","ERP"
"1598","2026-01-16","41001","CC007","1055","JPY","36118.24","GL posting 1598","ERP"
"1599","2026-02-13","41037","CC017","1133","CHF","19663.71","GL posting 1599","ERP"
"1600","2026-02-18","41005","CC018","1041","GBP","28585.81","GL posting 1600","ERP"
"1601","2026-05-01","41036","CC011","1054","USD","-709.9","GL posting 1601","ERP"
"1602","2026-07-27","41035","CC014","1072","JPY","12300.14","GL posting 1602","ERP"
"1603","2026-01-14","41029","CC005","1159","GBP","18083.42","GL posting 1603","ERP"
"1604","2026-06-26","41005","CC001","1127","CHF","9583.81","GL posting 1604","ERP"
"1605","2026-07-31","41013","CC002","1126","EUR","39808.76","GL posting 1605","ERP"
"1606","2026-06-16","41025","CC005","1038","GBP","13132.35","GL posting 1606","ERP"
"1607","2026-03-15","41023","CC005","1073","GBP","-685.95","GL posting 1607","ERP"
"1608","2026-05-26","41012","CC011","1143","GBP","16370.3","GL posting 1608","ERP"
"1609","2026-02-24","41043","CC016","1105","CHF","-3644.48","GL posting 1609","ERP"
"1610","2026-06-13","41044","CC017","1187","GBP","8912.12","GL posting 1610","ERP"
"1611","2026-05-26","41048","CC006","1088","CHF","501.9","GL posting 1611","ERP"
"1612","2026-01-28","41035","CC011","1024","JPY","27512.09","GL posting 1612","ERP"
"1613","2026-06-17","41010","CC003","1174","USD","19638.32","GL posting 1613","ERP"
"1614","2026-02-07","41047","CC019","1032","CHF","37760.87","GL posting 1614","ERP"
"1615","2026-01-04","41021","CC017","1029","EUR","-4408.03","GL posting 1615","ERP"
"1616","2026-01-20","41010","CC016","1174","GBP","23435.06","GL posting 1616","ERP"
"1617","2026-03-24","41019","CC013","1071","GBP","21054.71","GL posting 1617","ERP"
"1618","2026-07-20","41025","CC019","1151","EUR","5561.19","GL posting 1618","ERP"
"1619","2026-02-26","41024","CC017","1160","CHF","18606.18","GL posting 1619","ERP"
"1620","2026-07-15","41029","CC002","1174","EUR","5527.83","GL posting 1620","ERP"
"1621","2026-07-29","41023","CC016","1149","JPY","35606.82","GL posting 1621","ERP"
"1622","2026-02-26","41032","CC019","1033","GBP","46832.05","GL posting 1622","ERP"
"1623","2026-02-06","41018","CC002","1113","JPY","20563.06","GL posting 1623","ERP"
"1624","2026-01-02","41022","CC017","1115","EUR","36344.67","GL posting 1624","ERP"
"1625","2026-06-17","41010","CC017","1198","GBP","10142.93","GL posting 1625","ERP"
"1626","2026-01-12","41045","CC012","1067","CHF","26888.34","GL posting 1626","ERP"
"1627","2026-07-04","41030","CC012","1164","JPY","19213.32","GL posting 1627","ERP"
"1628","2026-04-06","41000","CC004","1066","EUR","43685.81","GL posting 1628","ERP"
"1629","2026-02-01","41032","CC016","1119","CHF","41481.25","GL posting 1629","ERP"
"1630","2026-07-29","41025","CC011","1089","JPY","12056.08","GL posting 1630","ERP"
"1631","2026-07-14","41019","CC003","1138","EUR","4915.7","GL posting 1631","ERP"
"1632","2026-01-13","41046","CC018","1081","CHF","30902.03","GL posting 1632","ERP"
"1633","2026-07-25","41037","CC014","1174","JPY","27624.11","GL posting 1633","ERP"
"1634","2026-01-02","41012","CC007","1015","GBP","21856.84","GL posting 1634","ERP"
"1635","2026-07-26","41048","CC014","1016","JPY","8892.57","GL posting 1635","ERP"
"1636","2026-07-22","41005","CC008","1096","USD","49123.91","GL posting 1636","ERP"
"1637","2026-06-16","41046","CC015","1152","EUR","6254.34","GL posting 1637","ERP"
"1638","2026-05-12","41031","CC008","1151","EUR","40025.85","GL posting 1638","ERP"
"1639","2026-04-25","41031","CC018","1120","CHF","27569.74","GL posting 1639","ERP"
"1640","2026-06-11","41034","CC003","1146","GBP","19171.24","GL posting 1640","ERP"
"1641","2026-05-18","41006","CC006","","JPY","10094.13","GL posting 1641","ERP"
"1642","2026-07-01","41042","CC018","1138","JPY","-3785.55","GL posting 1642","ERP"
"1643","2026-01-17","41039","CC005","1146","GBP","14077.69","GL posting 1643","ERP"
"1644","2026-05-26","41013","CC020","1176","CHF","25267.97","GL posting 1644","ERP"
"1645","2026-05-15","41006","CC019","1172","CHF","28806.15","GL posting 1645","ERP"
"1646","2026-07-12","41043","CC018","1139","USD","44810.89","GL posting 1646","ERP"
"1647","2026-04-21","41038","CC018","1050","USD","14920.93","GL posting 1647","ERP"
"1648","2026-01-09","41037","CC001","1185","JPY","37216.98","GL posting 1648","ERP"
"1649","2026-06-09","41012","CC002","1096","JPY","32209.38","GL posting 1649","ERP"
"1650","2026-07-22","41015","CC020","1002","EUR","35077.49","GL posting 1650","ERP"
"1651","2026-07-25","41031","CC007","1198","GBP","4200.37","GL posting 1651","ERP"
"1652","2026-05-28","41008","CC014","1010","USD","23742.7","GL posting 1652","ERP"
"1653","2026-05-23","41009","CC010","1114","USD","-2526.72","GL posting 1653","ERP"
"1654","2026-06-07","41006","CC020","1027","EUR","-1930.46","GL posting 1654","ERP"
"1655","2026-05-02","41041","CC011","1096","GBP","5499.19","GL posting 1655","ERP"
"1656","2026-03-30","41028","CC007","1003","EUR","26202.23","GL posting 1656","ERP"
"1657","2026-01-11","41045","CC007","1056","CHF","27583.38","GL posting 1657","ERP"
"1658","2026-06-02","41013","CC007","1166","USD","32068.05","GL posting 1658","ERP"
"1659","2026-03-31","41023","CC020","1037","USD","8602.71","GL posting 1659","ERP"
"1660","2026-06-26","41046","CC015","1103","CHF","24080.72","GL posting 1660","ERP"
"1661","2026-06-09","41018","CC009","1172","CHF","10011.59","GL posting 1661","ERP"
"1662","2026-01-20","41041","CC007","1046","GBP","24730.15","GL posting 1662","ERP"
"1663","2026-02-11","41003","CC018","1052","CHF","-984.67","GL posting 1663","ERP"
"1664","2026-03-28","41039","CC020","1071","EUR","39574.48","GL posting 1664","ERP"
"1665","2026-01-07","41001","CC009","1085","USD","-160.63","GL posting 1665","ERP"
"1666","2026-05-12","41022","CC009","1170","CHF","22284.22","GL posting 1666","ERP"
"1667","2026-05-04","41032","CC014","1002","CHF","31163.28","GL posting 1667","ERP"
"1668","2026-05-15","41030","CC017","1183","JPY","43745.02","GL posting 1668","ERP"
"1669","2026-01-30","41010","CC005","1071","CHF","6406.67","GL posting 1669","ERP"
"1670","2026-07-23","41017","CC015","1161","JPY","-1949.6","GL posting 1670","ERP"
"1671","2026-01-19","41016","CC017","1005","EUR","3831.45","GL posting 1671","ERP"
"1672","2026-02-20","41027","CC005","1135","USD","2949.26","GL posting 1672","ERP"
"1673","2026-02-17","41010","CC018","1060","USD","6143.57","GL posting 1673","ERP"
"1674","2026-04-14","41030","CC019","1146","GBP","-884.23","GL posting 1674","ERP"
"1675","2026-06-08","41033","CC006","1084","GBP","44696.01","GL posting 1675","ERP"
"1676","2026-07-11","41004","CC012","1121","EUR","14245.54","GL posting 1676","ERP"
"1677","2026-06-19","41026","CC016","1040","USD","6248.97","GL posting 1677","ERP"
"1678","2026-03-31","41038","CC004","1047","CHF","5477.65","GL posting 1678","ERP"
"1679","2026-01-23","41015","CC012","1125","CHF","20830.16","GL posting 1679","ERP"
"1680","2026-02-19","41026","CC017","1132","EUR","31856.66","GL posting 1680","ERP"
"1681","2026-07-03","41037","CC013","1188","USD","29832.83","GL posting 1681","ERP"
"1682","2026-04-21","41003","CC004","1126","CHF","27981.13","GL posting 1682","ERP"
"1683","2026-01-21","41004","CC002","1163","USD","-4457.09","GL posting 1683","ERP"
"1684","2026-07-11","41006","CC001","1199","USD","41177.69","GL posting 1684","ERP"
"1685","2026-07-28","41027","CC016","1066","USD","33906.95","GL posting 1685","ERP"
"1686","2026-02-24","41047","CC003","1019","USD","44493.38","GL posting 1686","ERP"
"1687","2026-01-04","41040","CC017","1082","JPY","42930.18","GL posting 1687","ERP"
"1688","2026-01-06","41039","CC015","1050","JPY","38115.72","GL posting 1688","ERP"
"1689","2026-02-17","41023","CC017","1169","USD","12368.94","GL posting 1689","ERP"
"1690","2026-05-06","41009","CC015","1167","JPY","35555.45","GL posting 1690","ERP"
"1691","2026-06-27","41006","CC007","1070","CHF","15.42","GL posting 1691","ERP"
"1692","2026-02-15","41048","CC002","1103","USD","5558.33","GL posting 1692","ERP"
"1693","2026-05-24","41040","CC004","1098","JPY","24801.18","GL posting 1693","ERP"
"1694","2026-01-16","41005","CC014","1061","CHF","28384.33","GL posting 1694","ERP"
"1695","2026-06-02","41031","CC001","1085","GBP","34244.89","GL posting 1695","ERP"
"1696","2026-03-23","41031","CC013","1014","EUR","29141.76","GL posting 1696","ERP"
"1697","2026-04-16","41009","CC014","1128","USD","46290.95","GL posting 1697","ERP"
"1698","2026-07-03","41035","CC009","1026","GBP","15431.22","GL posting 1698","ERP"
"1699","2026-01-29","41018","CC016","1053","CHF","7948.46","GL posting 1699","ERP"
"1700","2026-07-04","41028","CC019","1000","JPY","45150.03","GL posting 1700","ERP"
"1701","2026-07-31","41036","CC019","1071","CHF","40313.45","GL posting 1701","ERP"
"1702","2026-04-23","41031","CC005","1177","USD","47851.37","GL posting 1702","ERP"
"1703","2026-04-18","41018","CC010","1140","USD","34621.87","GL posting 1703","ERP"
"1704","2026-01-10","41038","CC006","1196","EUR","42878.73","GL posting 1704","ERP"
"1705","2026-04-03","41030","CC006","1114","CHF","7752.78","GL posting 1705","ERP"
"1706","2026-06-14","41040","CC010","1044","JPY","18806.88","GL posting 1706","ERP"
"1707","2026-07-08","41009","CC017","1003","EUR","5187.08","GL posting 1707","ERP"
"1708","2026-04-05","41002","CC017","1095","GBP","44405.09","GL posting 1708","ERP"
"1709","2026-01-25","41048","CC006","1110","EUR","37717.79","GL posting 1709","ERP"
"1710","2026-04-06","41003","CC004","1144","EUR","9432.02","GL posting 1710","ERP"
"1711","2026-02-07","41003","CC014","1135","JPY","27996.01","GL posting 1711","ERP"
"1712","2026-02-27","41018","CC016","1129","CHF","2582.67","GL posting 1712","ERP"
"1713","2026-05-26","41034","CC019","1137","EUR","36753.48","GL posting 1713","ERP"
"1714","2026-02-15","41029","CC001","1090","GBP","18820.83","GL posting 1714","ERP"
"1715","2026-05-09","41011","CC008","1014","GBP","4967.6","GL posting 1715","ERP"
"1716","2026-07-06","41005","CC009","1073","USD","-1464.92","GL posting 1716","ERP"
"1717","2026-01-16","41021","CC020","1009","JPY","-943.45","GL posting 1717","ERP"
"1718","2026-03-07","41012","CC009","","USD","12147.51","GL posting 1718","ERP"
"1719","2026-01-21","41029","CC002","1065","GBP","27926.22","GL posting 1719","ERP"
"1720","2026-06-25","41041","CC012","1035","GBP","6390.89","GL posting 1720","ERP"
"1721","2026-06-05","41047","CC020","1013","EUR","45306.07","GL posting 1721","ERP"
"1722","2026-06-24","41002","CC002","1133","JPY","28161.26","GL posting 1722","ERP"
"1723","2026-01-18","41042","CC020","1017","GBP","41879.63","GL posting 1723","ERP"
"1724","2026-01-04","41038","CC003","1016","USD","19430.19","GL posting 1724","ERP"
"1725","2026-04-15","41025","CC012","1105","EUR","27477.57","GL posting 1725","ERP"
"1726","2026-06-13","41023","CC008","1016","GBP","36679.18","GL posting 1726","ERP"
"1727","2026-06-20","41035","CC020","1191","EUR","10618.15","GL posting 1727","ERP"
"1728","2026-07-06","41027","CC013","1115","JPY","-1814.33","GL posting 1728","ERP"
"1729","2026-02-05","41023","CC012","1183","USD","21379.28","GL posting 1729","ERP"
"1730","2026-07-18","41009","CC007","1109","CHF","33828.82","GL posting 1730","ERP"
"1731","2026-05-13","41040","CC015","1152","USD","32495.7","GL posting 1731","ERP"
"1732","2026-06-24","41026","CC005","1145","USD","40157.68","GL posting 1732","ERP"
"1733","2026-03-06","41043","CC016","","JPY","20917.4","GL posting 1733","ERP"
"1734","2026-07-08","41014","CC013","1022","JPY","41750.23","GL posting 1734","ERP"
"1735","2026-05-26","41048","CC006","1115","USD","36804.09","GL posting 1735","ERP"
"1736","2026-05-16","41038","CC015","1084","EUR","41345.86","GL posting 1736","ERP"
"1737","2026-05-23","41041","CC009","1083","JPY","46158.86","GL posting 1737","ERP"
"1738","2026-04-13","41043","CC017","1089","USD","-4042.32","GL posting 1738","ERP"
"1739","2026-06-18","41022","CC016","1015","JPY","43806.53","GL posting 1739","ERP"
"1740","2026-06-09","41046","CC010","1154","JPY","42002.2","GL posting 1740","ERP"
"1741","2026-03-06","41035","CC019","1194","CHF","24641.24","GL posting 1741","ERP"
"1742","2026-01-05","41013","CC019","1105","EUR","45859.54","GL posting 1742","ERP"
"1743","2026-03-08","41041","CC013","1145","JPY","16449.96","GL posting 1743","ERP"
"1744","2026-07-22","41029","CC014","1062","EUR","26136.45","GL posting 1744","ERP"
"1745","2026-06-12","41014","CC016","1080","USD","25915.91","GL posting 1745","ERP"
"1746","2026-01-05","41043","CC015","1198","USD","22553.6","GL posting 1746","ERP"
"1747","2026-06-16","41004","CC013","1092","GBP","33814.76","GL posting 1747","ERP"
"1748","2026-04-16","41016","CC012","1010","USD","321.31","GL posting 1748","ERP"
"1749","2026-01-29","41018","CC020","1179","JPY","-2841.89","GL posting 1749","ERP"
"1750","2026-04-02","41005","CC006","1067","USD","15692.38","GL posting 1750","ERP"
"1751","2026-03-18","41049","CC013","1141","EUR","38354.56","GL posting 1751","ERP"
"1752","2026-03-08","41033","CC010","1042","USD","48876.44","GL posting 1752","ERP"
"1753","2026-02-18","41035","CC007","1002","USD","49905.37","GL posting 1753","ERP"
"1754","2026-01-09","41013","CC013","1162","USD","28928.53","GL posting 1754","ERP"
"1755","2026-07-20","41038","CC011","1038","EUR","36246.67","GL posting 1755","ERP"
"1756","2026-01-25","41048","CC001","1125","EUR","-2035.4","GL posting 1756","ERP"
"1757","2026-02-16","41014","CC010","1121","JPY","45560.98","GL posting 1757","ERP"
"1758","2026-04-28","41049","CC004","1152","EUR","20484.31","GL posting 1758","ERP"
"1759","2026-01-09","41036","CC002","1012","EUR","-3006.8","GL posting 1759","ERP"
"1760","2026-01-01","41013","CC014","1119","CHF","39114.39","GL posting 1760","ERP"
"1761","2026-02-26","41035","CC020","1048","CHF","-4302.36","GL posting 1761","ERP"
"1762","2026-02-13","41003","CC002","1041","CHF","14646.33","GL posting 1762","ERP"
"1763","2026-04-15","41049","CC012","1082","USD","-2097.44","GL posting 1763","ERP"
"1764","2026-05-29","41033","CC016","1190","CHF","46827.47","GL posting 1764","ERP"
"1765","2026-01-14","41007","CC016","1030","CHF","34878.9","GL posting 1765","ERP"
"1766","2026-03-28","41035","CC008","1153","GBP","3672.58","GL posting 1766","ERP"
"1767","2026-05-24","41031","CC015","1186","USD","14575.36","GL posting 1767","ERP"
"1768","2026-06-12","41001","CC011","1180","USD","41941.97","GL posting 1768","ERP"
"1769","2026-04-12","41016","CC007","1027","GBP","42922.49","GL posting 1769","ERP"
"1770","2026-06-09","41020","CC011","1020","CHF","6985.47","GL posting 1770","ERP"
"1771","2026-01-27","41019","CC010","1048","GBP","23574.32","GL posting 1771","ERP"
"1772","2026-01-22","41047","CC020","1051","EUR","-1257.28","GL posting 1772","ERP"
"1773","2026-02-23","41025","CC009","1011","JPY","7729.09","GL posting 1773","ERP"
"1774","2026-05-23","41026","CC003","1176","CHF","41384.84","GL posting 1774","ERP"
"1775","2026-03-05","41049","CC001","1174","EUR","36534.4","GL posting 1775","ERP"
"1776","2026-07-07","41014","CC020","1147","JPY","38402.09","GL posting 1776","ERP"
"1777","2026-03-21","41015","CC020","1183","CHF","31423.33","GL posting 1777","ERP"
"1778","2026-07-09","41031","CC012","1103","EUR","32309.18","GL posting 1778","ERP"
"1779","2026-01-25","41011","CC016","1010","EUR","10734.71","GL posting 1779","ERP"
"1780","2026-02-18","41032","CC020","1157","GBP","-2406.19","GL posting 1780","ERP"
"1781","2026-01-18","41023","CC010","1111","ZZZ","36879.14","GL posting 1781","ERP"
"1782","2026-03-05","41016","CC017","1031","CHF","19273.61","GL posting 1782","ERP"
"1783","2026-05-23","41035","CC016","1015","JPY","10993.85","GL posting 1783","ERP"
"1784","2026-06-14","41047","CC006","1121","GBP","-663.71","GL posting 1784","ERP"
"1785","2026-05-13","41041","CC020","1184","CHF","11319.02","GL posting 1785","ERP"
"1786","2026-01-11","41015","CC010","1014","GBP","38783.46","GL posting 1786","ERP"
"1787","2026-03-29","41034","CC018","1149","EUR","49577.08","GL posting 1787","ERP"
"1788","2026-07-09","41020","CC008","1147","JPY","17493.46","GL posting 1788","ERP"
"1789","2026-01-22","41027","CC010","1177","GBP","4101.81","GL posting 1789","ERP"
"1790","2026-02-23","41000","CC012","1160","USD","7240.27","GL posting 1790","ERP"
"1791","2026-04-20","41014","CC011","1170","GBP","13045.05","GL posting 1791","ERP"
"1792","2026-02-16","41028","CC004","1035","USD","7601.6","GL posting 1792","ERP"
"1793","2026-06-07","41015","CC013","1139","GBP","37887.15","GL posting 1793","ERP"
"1794","2026-04-19","41032","CC010","1184","CHF","8564.73","GL posting 1794","ERP"
"1795","2026-06-16","41002","CC008","1161","CHF","-2297.26","GL posting 1795","ERP"
"1796","2026-01-10","41011","CC012","1150","JPY","28037.02","GL posting 1796","ERP"
"1797","2026-02-20","41038","CC003","1141","CHF","31724.67","GL posting 1797","ERP"
"1798","2026-04-30","41012","CC014","1177","USD","43653.83","GL posting 1798","ERP"
"1799","2026-03-15","41006","CC019","1120","GBP","20321.13","GL posting 1799","ERP"
"1800","2026-03-27","41001","CC018","1002","USD","14081.25","GL posting 1800","ERP"
"1801","2026-04-17","41040","CC012","1156","GBP","-4227.48","GL posting 1801","ERP"
"1802","2026-06-03","41023","CC004","1014","JPY","-853.39","GL posting 1802","ERP"
"1803","2026-06-27","41005","CC008","1104","JPY","13973.52","GL posting 1803","ERP"
"1804","2026-06-11","41037","CC010","1173","EUR","7375.49","GL posting 1804","ERP"
"1805","2026-07-31","41032","CC002","1034","CHF","24534.64","GL posting 1805","ERP"
"1806","2026-03-02","41041","CC006","1042","GBP","-4552.41","GL posting 1806","ERP"
"1807","2026-04-08","41026","CC019","1149","CHF","-20.11","GL posting 1807","ERP"
"1808","2026-03-19","41016","CC007","1189","JPY","14943.13","GL posting 1808","ERP"
"1809","2026-05-18","41032","CC011","1181","CHF","4409.11","GL posting 1809","ERP"
"1810","2026-03-08","41017","CC012","1016","USD","23912.83","GL posting 1810","ERP"
"1811","2026-01-30","41019","CC015","1153","CHF","9944.04","GL posting 1811","ERP"
"1812","2026-02-18","41036","CC017","1065","JPY","27927.72","GL posting 1812","ERP"
"1813","2026-05-08","41005","CC002","1163","GBP","28648.33","GL posting 1813","ERP"
"1814","2026-03-09","41020","CC013","1037","CHF","-35.27","GL posting 1814","ERP"
"1815","2026-07-19","41001","CC016","1064","CHF","31178.66","GL posting 1815","ERP"
"1816","2026-06-14","41046","CC018","1096","CHF","36676.82","GL posting 1816","ERP"
"1817","2026-02-12","41048","CC004","1098","EUR","17507.42","GL posting 1817","ERP"
"1818","2026-04-19","41030","CC001","1147","JPY","28227.21","GL posting 1818","ERP"
"1819","2026-02-16","41009","CC018","1040","USD","26004.97","GL posting 1819","ERP"
"1820","2026-04-29","41016","CC009","1195","GBP","33281.91","GL posting 1820","ERP"
"1821","2026-07-09","41010","CC003","1010","JPY","45962.35","GL posting 1821","ERP"
"1822","2026-06-06","41007","CC020","1174","EUR","35129.06","GL posting 1822","ERP"
"1823","2026-02-01","41014","CC006","1069","CHF","7585.63","GL posting 1823","ERP"
"1824","2026-03-08","41023","CC004","1067","EUR","24325.36","GL posting 1824","ERP"
"1825","2026-01-12","41003","CC007","1056","CHF","1843.7","GL posting 1825","ERP"
"1826","2026-01-31","41007","CC005","1009","EUR","19002.2","GL posting 1826","ERP"
"1827","2026-06-28","41008","CC019","1198","JPY","6054.94","GL posting 1827","ERP"
"1828","2026-07-21","41029","CC011","1079","GBP","13433.42","GL posting 1828","ERP"
"1829","2026-02-19","41042","CC006","1007","JPY","21821.56","GL posting 1829","ERP"
"1830","2026-02-18","41041","CC004","1165","GBP","7973.61","GL posting 1830","ERP"
"1831","2026-05-22","41048","CC009","1076","USD","-4308.73","GL posting 1831","ERP"
"1832","2026-05-23","41048","CC002","1126","ZZZ","40167.41","GL posting 1832","ERP"
"1833","2026-02-15","41037","CC016","1171","USD","15985.71","GL posting 1833","ERP"
"1834","2026-03-22","41033","CC004","1174","GBP","16838.75","GL posting 1834","ERP"
"1835","2026-06-10","41026","CC008","1059","GBP","31712.89","GL posting 1835","ERP"
"1836","2026-06-27","41023","CC003","1130","USD","33769.7","GL posting 1836","ERP"
"1837","2026-01-02","41040","CC004","1016","USD","6380.99","GL posting 1837","ERP"
"1838","2026-06-23","41002","CC005","1118","EUR","32740.25","GL posting 1838","ERP"
"1839","2026-07-24","41021","CC002","1137","USD","30674.71","GL posting 1839","ERP"
"1840","2026-05-08","41002","CC001","1167","JPY","45227.13","GL posting 1840","ERP"
"1841","2026-06-18","41047","CC006","1108","CHF","18772.82","GL posting 1841","ERP"
"1842","2026-04-23","41034","CC017","1046","CHF","38508.25","GL posting 1842","ERP"
"1843","2026-05-27","41024","CC003","1057","GBP","2035.42","GL posting 1843","ERP"
"1844","2026-06-09","41012","CC020","1184","CHF","40690.77","GL posting 1844","ERP"
"1845","2026-07-30","41040","CC018","1098","CHF","36511.68","GL posting 1845","ERP"
"1846","2026-03-04","41015","CC006","1082","EUR","24786.81","GL posting 1846","ERP"
"1847","2026-05-30","41044","CC017","1194","USD","2577.81","GL posting 1847","ERP"
"1848","2026-03-26","41022","CC010","1068","CHF","36196.81","GL posting 1848","ERP"
"1849","2026-06-27","41003","CC006","1122","EUR","-1307.08","GL posting 1849","ERP"
"1850","2026-05-30","41028","CC013","1049","EUR","2651.96","GL posting 1850","ERP"
"1851","2026-03-25","41042","CC016","1111","JPY","48762.95","GL posting 1851","ERP"
"1852","2026-02-19","41006","CC001","1007","JPY","42032.14","GL posting 1852","ERP"
"1853","2026-04-06","41011","CC003","1195","GBP","30578.5","GL posting 1853","ERP"
"1854","2026-02-11","41035","CC013","1056","EUR","37877.42","GL posting 1854","ERP"
"1855","2026-07-26","41025","CC005","1074","EUR","39236.58","GL posting 1855","ERP"
"1856","2026-02-25","41021","CC001","1118","CHF","12989.17","GL posting 1856","ERP"
"1857","2026-04-10","41048","CC003","1089","CHF","24036.79","GL posting 1857","ERP"
"1858","2026-03-03","41000","CC017","1105","EUR","38142.96","GL posting 1858","ERP"
"1859","2026-01-30","41010","CC020","1183","CHF","6735.29","GL posting 1859","ERP"
"1860","2026-06-14","41039","CC001","1115","CHF","29883.39","GL posting 1860","ERP"
"1861","2026-05-17","41005","CC018","1009","JPY","20348.87","GL posting 1861","ERP"
"1862","2026-01-02","41021","CC007","1109","CHF","37577.7","GL posting 1862","ERP"
"1863","2026-01-21","41039","CC007","1175","CHF","40475.12","GL posting 1863","ERP"
"1864","2026-02-11","41023","CC015","1143","JPY","47523.09","GL posting 1864","ERP"
"1865","2026-01-29","41019","CC006","1134","GBP","4345.11","GL posting 1865","ERP"
"1866","2026-07-04","41011","CC012","1155","EUR","31374.52","GL posting 1866","ERP"
"1867","2026-03-15","41009","CC019","1108","USD","8068.09","GL posting 1867","ERP"
"1868","2026-04-26","41047","CC007","1162","CHF","3225.31","GL posting 1868","ERP"
"1869","2026-02-22","41006","CC015","1089","JPY","25674.05","GL posting 1869","ERP"
"1870","2026-04-16","41032","CC017","1118","USD","11540.75","GL posting 1870","ERP"
"1871","2026-06-21","41025","CC007","1104","CHF","10710.44","GL posting 1871","ERP"
"1872","2026-05-21","41005","CC005","1010","EUR","48936.67","GL posting 1872","ERP"
"1873","2026-05-14","41000","CC006","1119","EUR","6144.29","GL posting 1873","ERP"
"1874","2026-07-10","41032","CC007","1017","GBP","31657.32","GL posting 1874","ERP"
"1875","2026-02-13","41003","CC013","1034","USD","23587.09","GL posting 1875","ERP"
"1876","2026-06-14","41037","CC019","1045","USD","42872.91","GL posting 1876","ERP"
"1877","2026-06-01","41031","CC018","1031","EUR","30638.27","GL posting 1877","ERP"
"1878","2026-04-26","41032","CC002","1185","JPY","35143.1","GL posting 1878","ERP"
"1879","2026-07-09","41035","CC008","1171","GBP","20226.88","GL posting 1879","ERP"
"1880","2026-07-21","41021","CC007","1078","USD","-2997.18","GL posting 1880","ERP"
"1881","2026-06-18","41032","CC010","1085","GBP","6235.06","GL posting 1881","ERP"
"1882","2026-07-22","41045","CC014","1138","USD","25299.52","GL posting 1882","ERP"
"1883","2026-01-19","41023","CC006","1140","EUR","27220.52","GL posting 1883","ERP"
"1884","2026-06-15","41042","CC020","1151","USD","-4595.48","GL posting 1884","ERP"
"1885","2026-04-04","41044","CC002","1063","USD","35585.86","GL posting 1885","ERP"
"1886","2026-07-14","41041","CC009","1082","JPY","27277.63","GL posting 1886","ERP"
"1887","2026-05-12","41036","CC007","1061","GBP","35865.46","GL posting 1887","ERP"
"1888","2026-02-17","41022","CC019","1138","EUR","13189.5","GL posting 1888","ERP"
"1889","2026-03-12","41047","CC006","1093","USD","9830.65","GL posting 1889","ERP"
"1890","2026-03-10","41033","CC017","1122","GBP","1097.25","GL posting 1890","ERP"
"1891","2026-03-08","41011","CC014","1094","GBP","29140.95","GL posting 1891","ERP"
"1892","2026-07-30","41036","CC004","1124","USD","48989.21","GL posting 1892","ERP"
"1893","2026-05-14","41008","CC020","1057","GBP","19468.84","GL posting 1893","ERP"
"1894","2026-07-04","41011","CC008","1016","CHF","7486.75","GL posting 1894","ERP"
"1895","2026-04-09","41014","CC003","1174","JPY","167.66","GL posting 1895","ERP"
"1896","2026-06-08","41013","CC013","1023","JPY","19112.37","GL posting 1896","ERP"
"1897","2026-04-02","41019","CC017","1086","USD","30415.63","GL posting 1897","ERP"
"1898","2026-05-15","41023","CC015","1175","GBP","16226.51","GL posting 1898","ERP"
"1899","2026-04-01","41004","CC017","1024","EUR","26178.12","GL posting 1899","ERP"
"1900","2026-02-21","41026","CC007","1160","EUR","-2855.87","GL posting 1900","ERP"
"1901","2026-02-10","41035","CC009","1128","USD","11626.13","GL posting 1901","ERP"
"1902","2026-05-01","41038","CC010","1049","EUR","26249.03","GL posting 1902","ERP"
"1903","2026-07-14","41002","CC001","1063","CHF","17771.61","GL posting 1903","ERP"
"1904","2026-06-03","41040","CC013","1023","JPY","11565.95","GL posting 1904","ERP"
"1905","2026-04-05","41022","CC019","1125","EUR","20982.27","GL posting 1905","ERP"
"1906","2026-02-02","41012","CC005","1163","CHF","49799.01","GL posting 1906","ERP"
"1907","2026-05-13","41046","CC015","1154","JPY","19418.47","GL posting 1907","ERP"
"1908","2026-05-09","41006","CC011","1053","GBP","47030.69","GL posting 1908","ERP"
"1909","2026-05-27","41000","CC018","1158","CHF","22151.13","GL posting 1909","ERP"
"1910","2026-01-15","41000","CC020","1081","CHF","39803.08","GL posting 1910","ERP"
"1911","2026-05-09","41009","CC020","1101","GBP","15545.33","GL posting 1911","ERP"
"1912","2026-07-09","41049","CC005","1128","USD","24753.98","GL posting 1912","ERP"
"1913","2026-02-21","41036","CC002","1154","EUR","40995.48","GL posting 1913","ERP"
"1914","2026-03-28","41045","CC004","1128","EUR","24132.46","GL posting 1914","ERP"
"1915","2026-04-12","41007","CC004","1030","CHF","9031.12","GL posting 1915","ERP"
"1916","2026-05-28","41016","CC011","1125","USD","43679.13","GL posting 1916","ERP"
"1917","2026-06-22","41006","CC006","1176","CHF","43003.69","GL posting 1917","ERP"
"1918","2026-05-08","41023","CC005","1058","USD","39811.47","GL posting 1918","ERP"
"1919","2026-01-14","41047","CC006","1091","JPY","41543.83","GL posting 1919","ERP"
"1920","2026-05-06","41009","CC019","1087","GBP","43077.33","GL posting 1920","ERP"
"1921","2026-05-22","41016","CC007","1030","USD","31216.75","GL posting 1921","ERP"
"1922","2026-02-24","41018","CC001","1165","JPY","20060.25","GL posting 1922","ERP"
"1923","2026-06-04","41033","CC017","1173","GBP","24232.9","GL posting 1923","ERP"
"1924","2026-05-10","41019","CC014","1189","EUR","8102.44","GL posting 1924","ERP"
"1925","2026-06-24","41028","CC016","1017","GBP","44367.65","GL posting 1925","ERP"
"1926","2026-07-26","41041","CC004","1057","CHF","18483.42","GL posting 1926","ERP"
"1927","2026-07-13","41020","CC009","1132","EUR","45259.91","GL posting 1927","ERP"
"1928","2026-04-10","41004","CC005","1125","CHF","42702.32","GL posting 1928","ERP"
"1929","2026-06-26","41005","CC001","1080","CHF","23114.89","GL posting 1929","ERP"
"1930","2026-05-08","41019","CC020","1114","CHF","47251.64","GL posting 1930","ERP"
"1931","2026-05-18","41039","CC004","1126","JPY","47847.49","GL posting 1931","ERP"
"1932","2026-03-21","41045","CC017","1136","USD","1740.82","GL posting 1932","ERP"
"1933","2026-04-08","41033","CC017","1147","EUR","-725.41","GL posting 1933","ERP"
"1934","2026-05-29","41023","CC001","1088","JPY","45513.98","GL posting 1934","ERP"
"1935","2026-03-30","41012","CC016","1102","JPY","9679.71","GL posting 1935","ERP"
"1936","2026-01-25","41045","CC004","1031","JPY","45843.29","GL posting 1936","ERP"
"1937","2026-07-10","41044","CC004","1197","GBP","46826.13","GL posting 1937","ERP"
"1938","2026-06-11","41012","CC020","1194","USD","21308.2","GL posting 1938","ERP"
"1939","2026-05-24","41027","CC007","1172","CHF","39021.86","GL posting 1939","ERP"
"1940","2026-04-12","41044","CC007","1067","CHF","37121.09","GL posting 1940","ERP"
"1941","2026-01-21","41003","CC013","1141","CHF","35021.47","GL posting 1941","ERP"
"1942","2026-07-10","41013","CC008","1171","EUR","4814.69","GL posting 1942","ERP"
"1943","2026-04-22","41019","CC006","1093","JPY","28796.91","GL posting 1943","ERP"
"1944","2026-04-23","41019","CC010","1127","JPY","26102.78","GL posting 1944","ERP"
"1945","2026-04-20","41012","CC016","1098","CHF","34639.13","GL posting 1945","ERP"
"1946","2026-05-21","41006","CC009","1163","CHF","16998.59","GL posting 1946","ERP"
"1947","2026-07-02","41035","CC004","1128","CHF","3002.07","GL posting 1947","ERP"
"1948","2026-01-10","41002","CC007","1118","JPY","-1993.34","GL posting 1948","ERP"
"1949","2026-06-13","41033","CC019","1002","JPY","9151.85","GL posting 1949","ERP"
"1950","2026-07-31","41044","CC020","1095","EUR","49272.68","GL posting 1950","ERP"
"1951","2026-03-17","41016","CC013","1107","JPY","30133.41","GL posting 1951","ERP"
"1952","2026-02-09","41035","CC016","1041","EUR","17672.64","GL posting 1952","ERP"
"1953","2026-07-03","41008","CC018","1171","USD","9395.55","GL posting 1953","ERP"
"1954","2026-07-29","41009","CC012","1054","CHF","29918.43","GL posting 1954","ERP"
"1955","2026-03-30","41033","CC014","1170","GBP","30790.15","GL posting 1955","ERP"
"1956","2026-05-28","41026","CC006","1091","JPY","42482.07","GL posting 1956","ERP"
"1957","2026-03-03","41035","CC014","1175","EUR","29000.51","GL posting 1957","ERP"
"1958","2026-06-12","41049","CC005","1087","EUR","38157.25","GL posting 1958","ERP"
"1959","2026-02-24","41005","CC009","1055","USD","31041.67","GL posting 1959","ERP"
"1960","2026-03-23","41000","CC012","1110","JPY","39404.74","GL posting 1960","ERP"
"1961","2026-04-01","41048","CC012","1082","USD","1090.3","GL posting 1961","ERP"
"1962","2026-07-28","41043","CC014","1085","CHF","-1708.12","GL posting 1962","ERP"
"1963","2026-02-24","41031","CC013","1158","CHF","26062.43","GL posting 1963","ERP"
"1964","2026-02-17","41042","CC001","1069","EUR","2567.9","GL posting 1964","ERP"
"1965","2026-06-22","41005","CC017","1106","JPY","-1439.38","GL posting 1965","ERP"
"1966","2026-07-30","41018","CC012","1070","EUR","8255.36","GL posting 1966","ERP"
"1967","2026-04-08","41000","CC004","1172","EUR","42713.47","GL posting 1967","ERP"
"1968","2026-01-17","41020","CC004","1129","GBP","6480.39","GL posting 1968","ERP"
"1969","2026-03-19","41031","CC020","1000","CHF","33323.82","GL posting 1969","ERP"
"1970","2026-06-28","41018","CC008","1149","JPY","16992.38","GL posting 1970","ERP"
"1971","2026-07-09","41008","CC002","1015","JPY","23622.66","GL posting 1971","ERP"
"1972","2026-04-04","41032","CC006","1156","GBP","49199.89","GL posting 1972","ERP"
"1973","2026-01-21","41043","CC010","1032","JPY","17053.36","GL posting 1973","ERP"
"1974","2026-01-05","41037","CC016","1171","JPY","9693.98","GL posting 1974","ERP"
"1975","2026-06-08","41033","CC003","1145","EUR","-2864.65","GL posting 1975","ERP"
"1976","2026-05-18","41049","CC006","1159","EUR","22602.64","GL posting 1976","ERP"
"1977","2026-01-22","41047","CC020","1005","CHF","-2035.67","GL posting 1977","ERP"
"1978","2026-07-27","41040","CC016","1159","EUR","31921.3","GL posting 1978","ERP"
"1979","2026-01-19","41011","CC009","1077","GBP","41939.61","GL posting 1979","ERP"
"1980","2026-03-06","41049","CC005","1197","JPY","27812.52","GL posting 1980","ERP"
"1981","2026-01-02","41037","CC013","1151","CHF","5459.44","GL posting 1981","ERP"
"1982","2026-07-09","41021","CC017","1106","JPY","45831.69","GL posting 1982","ERP"
"1983","2026-04-12","41022","CC019","1145","JPY","16498.2","GL posting 1983","ERP"
"1984","2026-01-16","41019","CC010","1138","EUR","28931.5","GL posting 1984","ERP"
"1985","2026-04-07","41028","CC008","1113","JPY","39367.59","GL posting 1985","ERP"
"1986","2026-06-07","41024","CC002","1064","JPY","12639.9","GL posting 1986","ERP"
"1987","2026-04-27","41040","CC006","1049","JPY","1757.3","GL posting 1987","ERP"
"1988","2026-03-21","41000","CC010","1097","USD","8426.37","GL posting 1988","ERP"
"1989","2026-05-27","41000","CC006","1044","USD","42048.32","GL posting 1989","ERP"
"1990","2026-02-11","41031","CC019","1035","CHF","22362.87","GL posting 1990","ERP"
"1991","2026-04-23","41018","CC001","1187","JPY","45465.49","GL posting 1991","ERP"
"1992","2026-06-18","41006","CC019","1164","JPY","38598.88","GL posting 1992","ERP"
"1993","2026-02-09","41011","CC012","1128","EUR","40124.9","GL posting 1993","ERP"
"1994","2026-01-12","41038","CC006","1135","CHF","18504.27","GL posting 1994","ERP"
"1995","2026-01-13","41026","CC014","1123","JPY","8420.83","GL posting 1995","ERP"
"1996","2026-04-01","41023","CC008","1185","CHF","18659.18","GL posting 1996","ERP"
"1997","2026-05-03","41006","CC015","1137","GBP","4441.8","GL posting 1997","ERP"
"1998","2026-01-10","41029","CC016","1090","EUR","41645.79","GL posting 1998","ERP"
"1999","2026-04-30","41035","CC012","1199","CHF","47237.69","GL posting 1999","ERP"
"2000","2026-01-30","41006","CC005","1199","USD","33426.93","GL posting 2000","ERP"
"2001","2026-06-20","41005","CC001","1083","USD","46392.24","GL posting 2001","ERP"
"2002","2026-04-18","41042","CC018","1121","GBP","38032.73","GL posting 2002","ERP"
"2003","2026-03-27","41021","CC003","1064","JPY","20617.14","GL posting 2003","ERP"
"2004","2026-02-14","41002","CC007","1096","EUR","20199.58","GL posting 2004","ERP"
"2005","2026-03-13","41041","CC004","1092","GBP","17619.46","GL posting 2005","ERP"
"2006","2026-01-08","41039","CC010","1174","CHF","19729.41","GL posting 2006","ERP"
"2007","2026-05-22","41038","CC001","1098","USD","-3112.57","GL posting 2007","ERP"
"2008","2026-02-28","41028","CC008","1175","EUR","39904.02","GL posting 2008","ERP"
"2009","2026-03-04","41022","CC020","1011","CHF","44064.76","GL posting 2009","ERP"
"2010","2026-05-04","41033","CC009","1182","CHF","46235.72","GL posting 2010","ERP"
"2011","2026-01-16","41013","CC016","1151","EUR","29081.67","GL posting 2011","ERP"
"2012","2026-04-03","41018","CC012","1052","JPY","25940.34","GL posting 2012","ERP"
"2013","2026-01-10","41029","CC004","1072","GBP","40227.02","GL posting 2013","ERP"
"2014","2026-02-20","41003","CC006","1159","JPY","-733.22","GL posting 2014","ERP"
"2015","2026-03-19","41038","CC020","1172","USD","45927.03","GL posting 2015","ERP"
"2016","2026-05-01","41021","CC010","1106","EUR","29141.98","GL posting 2016","ERP"
"2017","2026-01-04","41031","CC015","1111","GBP","38579.16","GL posting 2017","ERP"
"2018","2026-02-04","41035","CC001","1185","GBP","-4465.91","GL posting 2018","ERP"
"2019","2026-01-13","41033","CC020","1106","USD","38697.5","GL posting 2019","ERP"
"2020","2026-03-05","41028","CC005","1062","CHF","25774.51","GL posting 2020","ERP"
"2021","2026-02-18","41024","CC017","1037","EUR","-1570.11","GL posting 2021","ERP"
"2022","2026-06-10","41048","CC008","1143","CHF","47192.18","GL posting 2022","ERP"
"2023","2026-02-10","41033","CC010","1144","EUR","24436.68","GL posting 2023","ERP"
"2024","2026-02-17","41007","CC013","1068","GBP","44397.6","GL posting 2024","ERP"
"2025","2026-05-15","41047","CC006","1118","GBP","27752.75","GL posting 2025","ERP"
"2026","2026-07-09","41002","CC012","1180","GBP","31842.75","GL posting 2026","ERP"
"2027","2026-03-13","41034","CC020","1168","JPY","24651.45","GL posting 2027","ERP"
"2028","2026-04-19","41046","CC010","1185","GBP","32640.96","GL posting 2028","ERP"
"2029","2026-04-29","41038","CC002","1159","JPY","45967.46","GL posting 2029","ERP"
"2030","2026-06-23","41041","CC009","1102","EUR","31989.61","GL posting 2030","ERP"
"2031","2026-01-11","41004","CC005","1029","CHF","24554.86","GL posting 2031","ERP"
"2032","2026-01-18","41030","CC008","1103","CHF","44593.78","GL posting 2032","ERP"
"2033","2026-03-03","41031","CC006","1052","GBP","34083.44","GL posting 2033","ERP"
"2034","2026-03-15","41015","CC003","1199","JPY","49884.15","GL posting 2034","ERP"
"2035","2026-06-18","41047","CC015","1051","USD","14587.41","GL posting 2035","ERP"
"2036","2026-02-22","41008","CC009","1139","CHF","-1712.12","GL posting 2036","ERP"
"2037","2026-07-15","41036","CC018","1171","CHF","36214.86","GL posting 2037","ERP"
"2038","2026-01-01","41012","CC004","1074","CHF","20632.41","GL posting 2038","ERP"
"2039","2026-07-15","41001","CC010","1104","USD","14254.96","GL posting 2039","ERP"
"2040","2026-04-24","41010","CC015","1015","USD","-2376.57","GL posting 2040","ERP"
"2041","2026-05-24","41017","CC007","1086","GBP","9785.51","GL posting 2041","ERP"
"2042","2026-01-05","41013","CC014","1110","CHF","30325.69","GL posting 2042","ERP"
"2043","2026-04-29","41003","CC019","1138","GBP","49143.8","GL posting 2043","ERP"
"2044","2026-07-23","41040","CC017","1188","JPY","34007.17","GL posting 2044","ERP"
"2045","2026-02-14","41044","CC017","1134","EUR","37688.66","GL posting 2045","ERP"
"2046","2026-04-27","41040","CC002","1009","CHF","27850.48","GL posting 2046","ERP"
"2047","2026-04-28","41037","CC018","1011","EUR","48108.64","GL posting 2047","ERP"
"2048","2026-07-17","41031","CC012","1016","USD","950.7","GL posting 2048","ERP"
"2049","2026-07-25","41045","CC010","1014","EUR","23467.38","GL posting 2049","ERP"
"2050","2026-05-08","41016","CC008","1037","JPY","22077.83","GL posting 2050","ERP"
"2051","2026-06-27","41043","CC003","1161","EUR","42920.57","GL posting 2051","ERP"
"2052","2026-02-21","41036","CC003","1133","JPY","672.28","GL posting 2052","ERP"
"2053","2026-05-06","41026","CC002","1061","EUR","35602.2","GL posting 2053","ERP"
"2054","2026-05-29","41018","CC010","1124","JPY","46600.82","GL posting 2054","ERP"
"2055","2026-04-04","41035","CC005","1196","JPY","25976.9","GL posting 2055","ERP"
"2056","2026-04-02","41018","CC019","1126","JPY","35917.42","GL posting 2056","ERP"
"2057","2026-02-17","41032","CC005","1005","EUR","6107.09","GL posting 2057","ERP"
"2058","2026-05-14","41008","CC020","1196","USD","-1996.5","GL posting 2058","ERP"
"2059","2026-01-30","41027","CC018","1052","JPY","16393.17","GL posting 2059","ERP"
"2060","2026-05-19","41017","CC004","1155","GBP","-3334.39","GL posting 2060","ERP"
"2061","2026-03-19","41013","CC015","1049","CHF","47166.94","GL posting 2061","ERP"
"2062","2026-04-08","41008","CC020","1016","JPY","43241.86","GL posting 2062","ERP"
"2063","2026-07-30","41027","CC018","1105","ZZZ","46183.19","GL posting 2063","ERP"
"2064","2026-05-09","41008","CC007","1190","CHF","36057.38","GL posting 2064","ERP"
"2065","2026-06-05","41000","CC018","1188","USD","16186.7","GL posting 2065","ERP"
"2066","2026-02-27","41049","CC007","1093","JPY","23502.75","GL posting 2066","ERP"
"2067","2026-03-14","41012","CC006","1005","EUR","-3135.1","GL posting 2067","ERP"
"2068","2026-02-21","41000","CC010","1058","USD","1768.47","GL posting 2068","ERP"
"2069","2026-07-24","41030","CC016","1095","USD","19584.89","GL posting 2069","ERP"
"2070","2026-06-22","41016","CC014","1118","JPY","33156.14","GL posting 2070","ERP"
"2071","2026-06-07","41014","CC012","1182","CHF","-40.83","GL posting 2071","ERP"
"2072","2026-07-22","41038","CC005","1026","JPY","7920.45","GL posting 2072","ERP"
"2073","2026-04-14","41043","CC001","1152","CHF","45661.11","GL posting 2073","ERP"
"2074","2026-01-17","41027","CC010","1175","JPY","39320.25","GL posting 2074","ERP"
"2075","2026-06-05","41019","CC015","1010","CHF","6092.28","GL posting 2075","ERP"
"2076","2026-05-11","41027","CC013","1003","JPY","-2902.76","GL posting 2076","ERP"
"2077","2026-01-26","41037","CC009","1192","USD","25202.54","GL posting 2077","ERP"
"2078","2026-07-27","41039","CC002","1014","GBP","44379.74","GL posting 2078","ERP"
"2079","2026-05-04","41000","CC001","1041","EUR","39074.21","GL posting 2079","ERP"
"2080","2026-02-07","41049","CC006","1088","EUR","1738.53","GL posting 2080","ERP"
"2081","2026-05-26","41046","CC019","1033","USD","31315.68","GL posting 2081","ERP"
"2082","2026-01-04","41041","CC001","1014","JPY","13540.24","GL posting 2082","ERP"
"2083","2026-02-01","41041","CC008","1195","USD","31776.23","GL posting 2083","ERP"
"2084","2026-05-05","41014","CC018","1060","USD","45449.94","GL posting 2084","ERP"
"2085","2026-03-05","41019","CC011","1006","GBP","29455.59","GL posting 2085","ERP"
"2086","2026-06-26","41034","CC009","1106","GBP","20606.09","GL posting 2086","ERP"
"2087","2026-03-27","41029","CC001","1141","GBP","33199.69","GL posting 2087","ERP"
"2088","2026-07-12","41000","CC010","1078","CHF","9266.88","GL posting 2088","ERP"
"2089","2026-02-02","41020","CC014","1089","USD","40041.86","GL posting 2089","ERP"
"2090","2026-06-12","41045","CC010","1187","CHF","39603.57","GL posting 2090","ERP"
"2091","2026-04-14","41010","CC013","1144","GBP","16470.24","GL posting 2091","ERP"
"2092","2026-01-27","41012","CC013","1113","GBP","968.13","GL posting 2092","ERP"
"2093","2026-04-15","41030","CC011","1000","CHF","32382.34","GL posting 2093","ERP"
"2094","2026-07-17","41010","CC013","1152","EUR","14029.1","GL posting 2094","ERP"
"2095","2026-02-25","41004","CC020","1014","JPY","27552.77","GL posting 2095","ERP"
"2096","2026-06-11","41028","CC017","1003","EUR","42331.29","GL posting 2096","ERP"
"2097","2026-05-21","41039","CC005","1143","EUR","3087.81","GL posting 2097","ERP"
"2098","2026-04-11","41014","CC013","1081","JPY","28441.82","GL posting 2098","ERP"
"2099","2026-01-01","41001","CC015","1195","JPY","26718.18","GL posting 2099","ERP"
"2100","2026-07-24","41034","CC020","1151","JPY","42234.24","GL posting 2100","ERP"
"2101","2026-02-22","41023","CC009","1194","GBP","10413.25","GL posting 2101","ERP"
"2102","2026-02-19","41017","CC011","1189","USD","9699.64","GL posting 2102","ERP"
"2103","2026-02-07","41011","CC015","1049","GBP","5406.76","GL posting 2103","ERP"
"2104","2026-05-15","41018","CC009","1082","CHF","18961.14","GL posting 2104","ERP"
"2105","2026-03-20","41017","CC015","1016","GBP","19787.06","GL posting 2105","ERP"
"2106","2026-02-13","41023","CC011","1038","GBP","3401.71","GL posting 2106","ERP"
"2107","2026-04-15","41040","CC016","1062","JPY","11009.82","GL posting 2107","ERP"
"2108","2026-07-29","41048","CC007","1172","USD","-2940.4","GL posting 2108","ERP"
"2109","2026-06-24","41004","CC018","1195","EUR","13187.55","GL posting 2109","ERP"
"2110","2026-07-26","41027","CC005","","CHF","35318.06","GL posting 2110","ERP"
"2111","2026-04-18","41007","CC012","1088","JPY","34829.06","GL posting 2111","ERP"
"2112","2026-07-27","41034","CC005","1040","GBP","42812.9","GL posting 2112","ERP"
"2113","2026-02-13","41009","CC010","1037","GBP","20701.31","GL posting 2113","ERP"
"2114","2026-06-14","41002","CC018","1117","GBP","22029.33","GL posting 2114","ERP"
"2115","2026-02-16","41029","CC010","1154","USD","39732.37","GL posting 2115","ERP"
"2116","2026-07-24","41000","CC014","1053","GBP","3140.72","GL posting 2116","ERP"
"2117","2026-06-21","41036","CC005","1053","CHF","33078.49","GL posting 2117","ERP"
"2118","2026-06-21","41004","CC009","1101","JPY","11993.12","GL posting 2118","ERP"
"2119","2026-03-13","41019","CC020","1012","JPY","-2219.15","GL posting 2119","ERP"
"2120","2026-07-26","41017","CC013","1112","CHF","2753.01","GL posting 2120","ERP"
"2121","2026-04-08","41009","CC020","1006","EUR","46655.51","GL posting 2121","ERP"
"2122","2026-07-09","41007","CC010","1114","JPY","-2387.51","GL posting 2122","ERP"
"2123","2026-04-03","41031","CC019","1010","JPY","27702.23","GL posting 2123","ERP"
"2124","2026-03-30","41004","CC011","1083","CHF","13249.91","GL posting 2124","ERP"
"2125","2026-03-28","41024","CC013","1069","EUR","35395.78","GL posting 2125","ERP"
"2126","2026-02-25","41046","CC014","","EUR","21884.63","GL posting 2126","ERP"
"2127","2026-07-28","41001","CC012","1136","GBP","40285.88","GL posting 2127","ERP"
"2128","2026-03-10","41031","CC004","1181","GBP","18069.24","GL posting 2128","ERP"
"2129","2026-03-18","41036","CC013","1122","USD","7939.91","GL posting 2129","ERP"
"2130","2026-02-27","41022","CC004","1032","EUR","18889.05","GL posting 2130","ERP"
"2131","2026-05-07","41035","CC008","1191","USD","3174.07","GL posting 2131","ERP"
"2132","2026-03-29","41009","CC006","1105","GBP","2312.85","GL posting 2132","ERP"
"2133","2026-03-31","41021","CC007","1159","CHF","21495.73","GL posting 2133","ERP"
"2134","2026-06-29","41008","CC013","1061","JPY","7823.86","GL posting 2134","ERP"
"2135","2026-03-08","41000","CC001","1141","GBP","2191.53","GL posting 2135","ERP"
"2136","2026-01-28","41025","CC016","1125","EUR","21115.96","GL posting 2136","ERP"
"2137","2026-02-28","41033","CC011","1072","EUR","23836.57","GL posting 2137","ERP"
"2138","2026-03-31","41006","CC014","","CHF","9452.23","GL posting 2138","ERP"
"2139","2026-01-31","41007","CC010","1182","USD","11073.6","GL posting 2139","ERP"
"2140","2026-02-24","41041","CC004","1171","JPY","19728.29","GL posting 2140","ERP"
"2141","2026-05-03","41005","CC009","1023","EUR","19819.87","GL posting 2141","ERP"
"2142","2026-04-12","41037","CC004","1091","EUR","12033.41","GL posting 2142","ERP"
"2143","2026-04-16","41022","CC005","1058","USD","8087.72","GL posting 2143","ERP"
"2144","2026-05-09","41003","CC014","1064","CHF","35002.9","GL posting 2144","ERP"
"2145","2026-03-19","41011","CC007","1007","CHF","22830.83","GL posting 2145","ERP"
"2146","2026-07-10","41008","CC008","1032","EUR","-2466","GL posting 2146","ERP"
"2147","2026-05-13","41046","CC013","1199","USD","49073.73","GL posting 2147","ERP"
"2148","2026-03-08","41034","CC017","1024","JPY","41223.49","GL posting 2148","ERP"
"2149","2026-01-15","41034","CC019","1104","EUR","-1120.5","GL posting 2149","ERP"
"2150","2026-06-11","41008","CC009","1013","CHF","46689.79","GL posting 2150","ERP"
"2151","2026-07-15","41035","CC009","1152","USD","41020.47","GL posting 2151","ERP"
"2152","2026-05-28","41024","CC017","1180","JPY","45570.31","GL posting 2152","ERP"
"2153","2026-05-26","41014","CC019","1154","JPY","32473.8","GL posting 2153","ERP"
"2154","2026-02-04","41033","CC008","1134","CHF","26546.3","GL posting 2154","ERP"
"2155","2026-03-10","41000","CC012","1107","GBP","23396.35","GL posting 2155","ERP"
"2156","2026-07-07","41000","CC008","1140","CHF","23049.99","GL posting 2156","ERP"
"2157","2026-04-22","41036","CC002","","USD","27099.19","GL posting 2157","ERP"
"2158","2026-05-23","41041","CC015","1014","CHF","41002.46","GL posting 2158","ERP"
"2159","2026-01-03","41016","CC009","1023","GBP","45647.18","GL posting 2159","ERP"
"2160","2026-01-05","41020","CC016","1143","EUR","645.47","GL posting 2160","ERP"
"2161","2026-04-07","41038","CC001","1169","JPY","3593.49","GL posting 2161","ERP"
"2162","2026-01-04","41038","CC001","1057","JPY","28676.47","GL posting 2162","ERP"
"2163","2026-01-24","41022","CC010","1195","CHF","28556.57","GL posting 2163","ERP"
"2164","2026-07-02","41048","CC001","1177","EUR","26823.78","GL posting 2164","ERP"
"2165","2026-04-10","41028","CC014","1093","CHF","609.8","GL posting 2165","ERP"
"2166","2026-05-27","41041","CC014","1083","USD","28426.12","GL posting 2166","ERP"
"2167","2026-01-21","41008","CC015","1165","CHF","42069.05","GL posting 2167","ERP"
"2168","2026-06-14","41021","CC009","1052","GBP","46680.05","GL posting 2168","ERP"
"2169","2026-05-16","41045","CC010","1148","USD","42275.05","GL posting 2169","ERP"
"2170","2026-02-19","41042","CC004","1055","EUR","22582.93","GL posting 2170","ERP"
"2171","2026-06-01","41009","CC008","1148","CHF","47380.28","GL posting 2171","ERP"
"2172","2026-07-28","41036","CC013","1154","EUR","48964.53","GL posting 2172","ERP"
"2173","2026-02-01","41041","CC004","1171","GBP","23192.02","GL posting 2173","ERP"
"2174","2026-06-26","41011","CC001","1002","EUR","5835.48","GL posting 2174","ERP"
"2175","2026-06-14","41023","CC001","1055","USD","27435.04","GL posting 2175","ERP"
"2176","2026-07-18","41025","CC006","1032","CHF","37598.31","GL posting 2176","ERP"
"2177","2026-05-06","41033","CC012","1157","USD","36532.62","GL posting 2177","ERP"
"2178","2026-06-28","41008","CC019","1198","GBP","35619.91","GL posting 2178","ERP"
"2179","2026-05-08","41002","CC002","1041","CHF","1948.33","GL posting 2179","ERP"
"2180","2026-03-28","41020","CC002","1145","EUR","7881.73","GL posting 2180","ERP"
"2181","2026-07-13","41013","CC014","1181","JPY","13763.95","GL posting 2181","ERP"
"2182","2026-07-17","41014","CC007","1126","USD","2693.87","GL posting 2182","ERP"
"2183","2026-06-27","41008","CC004","1129","CHF","7490.85","GL posting 2183","ERP"
"2184","2026-07-26","41017","CC012","1042","EUR","22261.31","GL posting 2184","ERP"
"2185","2026-02-19","41029","CC006","1120","EUR","9603.9","GL posting 2185","ERP"
"2186","2026-04-09","41046","CC016","1114","GBP","20272.3","GL posting 2186","ERP"
"2187","2026-04-10","41042","CC002","1035","JPY","4996.39","GL posting 2187","ERP"
"2188","2026-07-26","41009","CC014","1105","USD","12412.34","GL posting 2188","ERP"
"2189","2026-02-18","41002","CC009","1186","EUR","11258.26","GL posting 2189","ERP"
"2190","2026-03-08","41035","CC015","1079","CHF","38082.95","GL posting 2190","ERP"
"2191","2026-01-21","41019","CC003","1097","CHF","44995.43","GL posting 2191","ERP"
"2192","2026-05-22","41048","CC012","1142","EUR","22627.03","GL posting 2192","ERP"
"2193","2026-03-16","41024","CC019","1168","USD","21311.38","GL posting 2193","ERP"
"2194","2026-05-18","41014","CC005","1145","JPY","499.92","GL posting 2194","ERP"
"2195","2026-04-10","41037","CC017","1136","CHF","42183.72","GL posting 2195","ERP"
"2196","2026-02-08","41045","CC015","1034","CHF","33587.18","GL posting 2196","ERP"
"2197","2026-06-25","41013","CC003","1192","JPY","16120.01","GL posting 2197","ERP"
"2198","2026-01-30","41001","CC002","1063","GBP","8167.75","GL posting 2198","ERP"
"2199","2026-04-10","41036","CC008","1058","USD","7400.15","GL posting 2199","ERP"
"2200","2026-06-12","41012","CC011","1131","GBP","21071.64","GL posting 2200","ERP"
"2201","2026-07-09","41041","CC017","1151","GBP","10334.28","GL posting 2201","ERP"
"2202","2026-04-15","41029","CC001","1146","USD","20845.17","GL posting 2202","ERP"
"2203","2026-03-24","41024","CC010","1167","CHF","49392.86","GL posting 2203","ERP"
"2204","2026-05-17","41032","CC012","1008","GBP","749.96","GL posting 2204","ERP"
"2205","2026-05-30","41038","CC008","1186","EUR","41198.99","GL posting 2205","ERP"
"2206","2026-01-10","41044","CC004","1099","USD","10236.27","GL posting 2206","ERP"
"2207","2026-07-02","41027","CC008","1104","JPY","13198.45","GL posting 2207","ERP"
"2208","2026-04-26","41037","CC002","1128","CHF","3855.08","GL posting 2208","ERP"
"2209","2026-04-13","41009","CC003","1131","JPY","49413.89","GL posting 2209","ERP"
"2210","2026-05-04","41010","CC020","1007","GBP","27898.6","GL posting 2210","ERP"
"2211","2026-01-01","41010","CC002","1021","EUR","42019.21","GL posting 2211","ERP"
"2212","2026-04-17","41011","CC019","1184","GBP","18406.67","GL posting 2212","ERP"
"2213","2026-07-08","41008","CC001","1121","JPY","10407.92","GL posting 2213","ERP"
"2214","2026-07-11","41038","CC002","1100","JPY","48282.37","GL posting 2214","ERP"
"2215","2026-03-12","41011","CC013","1124","USD","37823.11","GL posting 2215","ERP"
"2216","2026-02-06","41034","CC011","1085","JPY","-4334.36","GL posting 2216","ERP"
"2217","2026-05-01","41035","CC005","1163","CHF","12409.34","GL posting 2217","ERP"
"2218","2026-07-17","41004","CC001","1082","JPY","16137.43","GL posting 2218","ERP"
"2219","2026-05-18","41008","CC006","1076","EUR","13255.39","GL posting 2219","ERP"
"2220","2026-03-10","41001","CC007","1098","JPY","38394.93","GL posting 2220","ERP"
"2221","2026-07-05","41036","CC001","1195","GBP","42361.54","GL posting 2221","ERP"
"2222","2026-01-08","41013","CC010","1114","CHF","17816.27","GL posting 2222","ERP"
"2223","2026-04-28","41010","CC004","1123","GBP","37046.92","GL posting 2223","ERP"
"2224","2026-01-31","41021","CC002","1157","JPY","14684.63","GL posting 2224","ERP"
"2225","2026-01-16","41007","CC011","1143","EUR","19947.31","GL posting 2225","ERP"
"2226","2026-01-26","41042","CC010","1137","USD","20781.55","GL posting 2226","ERP"
"2227","2026-04-01","41028","CC009","1071","JPY","42177.92","GL posting 2227","ERP"
"2228","2026-01-09","41034","CC009","1177","USD","21526.35","GL posting 2228","ERP"
"2229","2026-07-24","41001","CC011","1105","GBP","39575.4","GL posting 2229","ERP"
"2230","2026-06-24","41034","CC014","1191","CHF","48941.46","GL posting 2230","ERP"
"2231","2026-06-05","41011","CC006","1185","CHF","4877.55","GL posting 2231","ERP"
"2232","2026-01-13","41001","CC013","1004","CHF","40745.88","GL posting 2232","ERP"
"2233","2026-01-06","41032","CC008","1136","GBP","38184.02","GL posting 2233","ERP"
"2234","2026-02-04","41021","CC002","1137","EUR","23156.06","GL posting 2234","ERP"
"2235","2026-01-11","41012","CC016","1125","EUR","33172.62","GL posting 2235","ERP"
"2236","2026-07-10","41035","CC018","1175","GBP","24796.2","GL posting 2236","ERP"
"2237","2026-03-10","41043","CC018","1189","USD","48275.07","GL posting 2237","ERP"
"2238","2026-03-11","41038","CC018","1059","CHF","49019.61","GL posting 2238","ERP"
"2239","2026-04-12","41047","CC013","1077","USD","44088.59","GL posting 2239","ERP"
"2240","2026-05-18","41042","CC016","1182","GBP","7339.87","GL posting 2240","ERP"
"2241","2026-05-08","41004","CC006","1143","CHF","18789.68","GL posting 2241","ERP"
"2242","2026-04-13","41040","CC011","1142","USD","136.1","GL posting 2242","ERP"
"2243","2026-04-07","41049","CC010","1056","CHF","15761.06","GL posting 2243","ERP"
"2244","2026-01-31","41033","CC013","1065","GBP","39891","GL posting 2244","ERP"
"2245","2026-04-23","41021","CC016","1020","GBP","15537.6","GL posting 2245","ERP"
"2246","2026-02-13","41026","CC009","1055","USD","7591.89","GL posting 2246","ERP"
"2247","2026-05-23","41020","CC006","1051","CHF","-2985.04","GL posting 2247","ERP"
"2248","2026-02-08","41024","CC012","1174","EUR","32109.07","GL posting 2248","ERP"
"2249","2026-05-27","41008","CC015","1122","JPY","18994.13","GL posting 2249","ERP"
"2250","2026-03-21","41011","CC003","1102","CHF","44945.74","GL posting 2250","ERP"
"2251","2026-03-23","41030","CC009","1115","EUR","32815.32","GL posting 2251","ERP"
"2252","2026-01-22","41005","CC002","1154","JPY","28817.02","GL posting 2252","ERP"
"2253","2026-05-10","41049","CC012","1149","CHF","26112.36","GL posting 2253","ERP"
"2254","2026-02-23","41017","CC010","1161","JPY","37493.57","GL posting 2254","ERP"
"2255","2026-05-14","41043","CC005","1052","CHF","24324.7","GL posting 2255","ERP"
"2256","2026-03-02","41006","CC009","1010","USD","18906.85","GL posting 2256","ERP"
"2257","2026-05-09","41027","CC020","1144","CHF","14900.58","GL posting 2257","ERP"
"2258","2026-03-26","41032","CC011","1105","GBP","28397.93","GL posting 2258","ERP"
"2259","2026-07-19","41028","CC003","1091","JPY","13717.31","GL posting 2259","ERP"
"2260","2026-03-14","41006","CC011","1022","JPY","20056.8","GL posting 2260","ERP"
"2261","2026-03-31","41006","CC014","1115","USD","41131.77","GL posting 2261","ERP"
"2262","2026-07-09","41030","CC012","1050","CHF","26817.29","GL posting 2262","ERP"
"2263","2026-03-09","41003","CC016","1112","JPY","31816.72","GL posting 2263","ERP"
"2264","2026-02-11","41025","CC004","1049","USD","48847.81","GL posting 2264","ERP"
"2265","2026-05-27","41033","CC001","1192","EUR","44683.01","GL posting 2265","ERP"
"2266","2026-01-24","41026","CC005","1128","CHF","11071.14","GL posting 2266","ERP"
"2267","2026-04-08","41042","CC006","1036","GBP","3663.45","GL posting 2267","ERP"
"2268","2026-04-29","41033","CC002","1060","JPY","28893.86","GL posting 2268","ERP"
"2269","2026-03-21","41034","CC018","1060","EUR","21764.54","GL posting 2269","ERP"
"2270","2026-04-23","41024","CC003","1195","GBP","36461.82","GL posting 2270","ERP"
"2271","2026-05-27","41000","CC010","1155","EUR","17037.8","GL posting 2271","ERP"
"2272","2026-01-30","41020","CC002","1140","GBP","48335.61","GL posting 2272","ERP"
"2273","2026-04-15","41036","CC017","1058","EUR","28807.29","GL posting 2273","ERP"
"2274","2026-01-30","41025","CC016","1068","CHF","18517.82","GL posting 2274","ERP"
"2275","2026-06-04","41032","CC013","1048","EUR","4414.39","GL posting 2275","ERP"
"2276","2026-04-19","41044","CC017","1091","GBP","19080.73","GL posting 2276","ERP"
"2277","2026-05-21","41025","CC006","1150","CHF","10865.43","GL posting 2277","ERP"
"2278","2026-01-05","41003","CC012","1172","EUR","41243.38","GL posting 2278","ERP"
"2279","2026-03-23","41045","CC012","1131","GBP","15466.69","GL posting 2279","ERP"
"2280","2026-03-26","41018","CC017","1173","JPY","3457.7","GL posting 2280","ERP"
"2281","2026-02-25","41024","CC012","1006","GBP","34742.08","GL posting 2281","ERP"
"2282","2026-02-08","41038","CC009","1013","EUR","1429.96","GL posting 2282","ERP"
"2283","2026-04-19","41022","CC008","1190","JPY","26158.27","GL posting 2283","ERP"
"2284","2026-07-13","41006","CC010","1010","CHF","11125.59","GL posting 2284","ERP"
"2285","2026-05-06","41041","CC008","1043","JPY","37110.74","GL posting 2285","ERP"
"2286","2026-03-09","41022","CC014","1137","USD","6567.25","GL posting 2286","ERP"
"2287","2026-01-20","41012","CC011","1174","CHF","34120.84","GL posting 2287","ERP"
"2288","2026-06-25","41014","CC004","1114","CHF","43368.34","GL posting 2288","ERP"
"2289","2026-07-21","41033","CC007","1074","JPY","35903.26","GL posting 2289","ERP"
"2290","2026-05-02","41007","CC015","1190","USD","5675.06","GL posting 2290","ERP"
"2291","2026-06-08","41037","CC003","1081","JPY","8321.79","GL posting 2291","ERP"
"2292","2026-07-24","41025","CC018","1105","CHF","4476.49","GL posting 2292","ERP"
"2293","2026-01-24","41046","CC019","1017","GBP","47158.22","GL posting 2293","ERP"
"2294","2026-01-14","41016","CC020","1054","USD","22603.23","GL posting 2294","ERP"
"2295","2026-07-16","41045","CC013","1149","JPY","-3290.7","GL posting 2295","ERP"
"2296","2026-06-18","41008","CC020","1196","USD","33222.97","GL posting 2296","ERP"
"2297","2026-05-20","41039","CC006","1159","JPY","-1618.24","GL posting 2297","ERP"
"2298","2026-03-12","41031","CC010","1154","CHF","12394.61","GL posting 2298","ERP"
"2299","2026-03-12","41041","CC004","1119","USD","22548.18","GL posting 2299","ERP"
"2300","2026-01-24","41010","CC010","1050","CHF","11705.46","GL posting 2300","ERP"
"2301","2026-03-04","41046","CC002","1028","EUR","47148.16","GL posting 2301","ERP"
"2302","2026-07-29","41015","CC013","1182","GBP","41176.57","GL posting 2302","ERP"
"2303","2026-05-27","41023","CC010","1126","USD","31480.84","GL posting 2303","ERP"
"2304","2026-01-18","41049","CC014","1184","CHF","2393.31","GL posting 2304","ERP"
"2305","2026-07-01","41025","CC006","1134","JPY","33808.87","GL posting 2305","ERP"
"2306","2026-05-23","41015","CC006","1066","GBP","45495.3","GL posting 2306","ERP"
"2307","2026-06-16","41040","CC010","1118","CHF","42995.34","GL posting 2307","ERP"
"2308","2026-06-11","41047","CC017","1198","GBP","23352.07","GL posting 2308","ERP"
"2309","2026-04-05","41046","CC016","1037","JPY","6627.9","GL posting 2309","ERP"
"2310","2026-02-01","41026","CC005","1168","CHF","1219.53","GL posting 2310","ERP"
"2311","2026-01-07","41039","CC018","1128","EUR","-4636.4","GL posting 2311","ERP"
"2312","2026-04-21","41038","CC012","1161","USD","-4642.23","GL posting 2312","ERP"
"2313","2026-01-20","41002","CC003","1019","JPY","5370.55","GL posting 2313","ERP"
"2314","2026-02-11","41016","CC017","1192","USD","32585.31","GL posting 2314","ERP"
"2315","2026-05-29","41040","CC004","1127","JPY","4788","GL posting 2315","ERP"
"2316","2026-03-26","41038","CC007","1196","JPY","26212.3","GL posting 2316","ERP"
"2317","2026-03-22","41002","CC011","1032","EUR","-4660.14","GL posting 2317","ERP"
"2318","2026-06-30","41009","CC013","1095","EUR","44918.09","GL posting 2318","ERP"
"2319","2026-06-16","41019","CC008","1199","GBP","4000.89","GL posting 2319","ERP"
"2320","2026-02-04","41028","CC012","1190","CHF","31271.92","GL posting 2320","ERP"
"2321","2026-07-28","41041","CC006","1110","CHF","32023.37","GL posting 2321","ERP"
"2322","2026-01-25","41012","CC003","1113","CHF","16992.63","GL posting 2322","ERP"
"2323","2026-03-19","41007","CC008","1083","CHF","22113.42","GL posting 2323","ERP"
"2324","2026-04-10","41044","CC007","1028","GBP","5471.53","GL posting 2324","ERP"
"2325","2026-01-10","41046","CC001","1174","JPY","-358.17","GL posting 2325","ERP"
"2326","2026-05-19","41049","CC017","1043","JPY","9325.54","GL posting 2326","ERP"
"2327","2026-01-11","41003","CC004","1149","GBP","9919.94","GL posting 2327","ERP"
"2328","2026-06-21","41003","CC002","1134","USD","26191.45","GL posting 2328","ERP"
"2329","2026-02-02","41001","CC008","1186","USD","47890.85","GL posting 2329","ERP"
"2330","2026-06-18","41005","CC010","1181","CHF","24157.26","GL posting 2330","ERP"
"2331","2026-01-12","41001","CC017","1026","EUR","11609.86","GL posting 2331","ERP"
"2332","2026-03-23","41022","CC009","1138","CHF","-3365.36","GL posting 2332","ERP"
"2333","2026-03-14","41043","CC012","1118","JPY","38077.83","GL posting 2333","ERP"
"2334","2026-02-16","41032","CC018","1005","JPY","35621.81","GL posting 2334","ERP"
"2335","2026-07-19","41039","CC018","1054","EUR","24204.99","GL posting 2335","ERP"
"2336","2026-03-14","41017","CC011","1036","GBP","34571.78","GL posting 2336","ERP"
"2337","2026-01-16","41035","CC016","1089","CHF","15295.29","GL posting 2337","ERP"
"2338","2026-05-18","41003","CC010","1146","JPY","1670.87","GL posting 2338","ERP"
"2339","2026-04-09","41043","CC013","1066","EUR","48198.52","GL posting 2339","ERP"
"2340","2026-07-06","41043","CC014","1193","EUR","15710.63","GL posting 2340","ERP"
"2341","2026-07-03","41024","CC004","1092","EUR","47938.81","GL posting 2341","ERP"
"2342","2026-03-02","41037","CC011","1167","JPY","41373.87","GL posting 2342","ERP"
"2343","2026-06-28","41027","CC020","1197","EUR","45496.3","GL posting 2343","ERP"
"2344","2026-07-26","41020","CC017","1006","JPY","6671.29","GL posting 2344","ERP"
"2345","2026-02-22","41025","CC010","1165","EUR","34043.79","GL posting 2345","ERP"
"2346","2026-01-07","41040","CC014","1013","USD","6670.99","GL posting 2346","ERP"
"2347","2026-06-01","41038","CC013","1163","USD","7068.33","GL posting 2347","ERP"
"2348","2026-05-26","41049","CC018","1175","CHF","-2722.99","GL posting 2348","ERP"
"2349","2026-01-10","41041","CC015","1043","EUR","8076.66","GL posting 2349","ERP"
"2350","2026-02-14","41038","CC001","1005","GBP","4247.87","GL posting 2350","ERP"
"2351","2026-04-23","41031","CC003","","GBP","7349.7","GL posting 2351","ERP"
"2352","2026-02-02","41021","CC008","1129","EUR","19632.64","GL posting 2352","ERP"
"2353","2026-03-20","41021","CC016","1049","CHF","-4525.73","GL posting 2353","ERP"
"2354","2026-01-17","41022","CC014","1102","GBP","29268.31","GL posting 2354","ERP"
"2355","2026-01-22","41031","CC014","1038","JPY","32475.44","GL posting 2355","ERP"
"2356","2026-01-15","41014","CC017","1156","CHF","6735.68","GL posting 2356","ERP"
"2357","2026-07-23","41049","CC009","1156","JPY","-325.23","GL posting 2357","ERP"
"2358","2026-05-09","41024","CC012","1143","USD","30383.05","GL posting 2358","ERP"
"2359","2026-04-22","41034","CC003","1197","GBP","27855.55","GL posting 2359","ERP"
"2360","2026-05-14","41027","CC009","1037","EUR","26692.08","GL posting 2360","ERP"
"2361","2026-01-21","41028","CC005","1147","GBP","29641.34","GL posting 2361","ERP"
"2362","2026-03-31","41002","CC004","1161","GBP","35255.11","GL posting 2362","ERP"
"2363","2026-05-15","41012","CC005","1088","USD","22881.96","GL posting 2363","ERP"
"2364","2026-07-11","41042","CC002","1003","USD","45815.21","GL posting 2364","ERP"
"2365","2026-05-02","41046","CC018","1140","CHF","14668.83","GL posting 2365","ERP"
"2366","2026-02-24","41020","CC016","1119","USD","13900.3","GL posting 2366","ERP"
"2367","2026-04-18","41046","CC002","1080","CHF","38766.94","GL posting 2367","ERP"
"2368","2026-07-17","41015","CC018","1162","GBP","46226.77","GL posting 2368","ERP"
"2369","2026-04-05","41040","CC018","1054","GBP","46939.5","GL posting 2369","ERP"
"2370","2026-06-12","41045","CC016","1060","CHF","38001.97","GL posting 2370","ERP"
"2371","2026-04-19","41014","CC004","1181","EUR","8625.34","GL posting 2371","ERP"
"2372","2026-05-10","41047","CC014","1010","USD","32249.7","GL posting 2372","ERP"
"2373","2026-05-09","41040","CC020","1005","CHF","23477.05","GL posting 2373","ERP"
"2374","2026-06-11","41015","CC001","1011","JPY","-1884.16","GL posting 2374","ERP"
"2375","2026-02-22","41032","CC016","1019","GBP","32633.73","GL posting 2375","ERP"
"2376","2026-04-06","41009","CC014","1164","EUR","31258.24","GL posting 2376","ERP"
"2377","2026-05-21","41011","CC006","1000","JPY","25779.45","GL posting 2377","ERP"
"2378","2026-04-04","41006","CC005","1118","USD","20731.35","GL posting 2378","ERP"
"2379","2026-03-31","41048","CC016","1012","JPY","5481.34","GL posting 2379","ERP"
"2380","2026-02-23","41014","CC013","1060","EUR","39288.06","GL posting 2380","ERP"
"2381","2026-04-14","41023","CC009","1122","USD","28938.54","GL posting 2381","ERP"
"2382","2026-02-11","41014","CC008","1181","GBP","8860.41","GL posting 2382","ERP"
"2383","2026-05-18","41024","CC012","1084","EUR","5528.79","GL posting 2383","ERP"
"2384","2026-02-27","41024","CC007","1163","USD","8037.05","GL posting 2384","ERP"
"2385","2026-07-03","41031","CC012","1000","USD","28222.67","GL posting 2385","ERP"
"2386","2026-05-05","41026","CC003","1054","CHF","21270.08","GL posting 2386","ERP"
"2387","2026-03-22","41020","CC020","1032","GBP","36390.93","GL posting 2387","ERP"
"2388","2026-03-20","41009","CC013","1172","USD","47658.68","GL posting 2388","ERP"
"2389","2026-02-06","41038","CC012","1128","JPY","13805.39","GL posting 2389","ERP"
"2390","2026-04-03","41005","CC005","1190","CHF","-4597.33","GL posting 2390","ERP"
"2391","2026-02-22","41028","CC013","1168","EUR","34721.64","GL posting 2391","ERP"
"2392","2026-03-19","41030","CC018","1197","CHF","17026.71","GL posting 2392","ERP"
"2393","2026-05-22","41038","CC020","1127","GBP","6100.34","GL posting 2393","ERP"
"2394","2026-01-11","41047","CC009","1057","CHF","35558.46","GL posting 2394","ERP"
"2395","2026-01-03","41045","CC008","1030","USD","18493.08","GL posting 2395","ERP"
"2396","2026-03-31","41007","CC012","1006","JPY","45359.88","GL posting 2396","ERP"
"2397","2026-02-20","41000","CC004","1061","JPY","-4519.55","GL posting 2397","ERP"
"2398","2026-06-09","41044","CC019","1132","CHF","47136.73","GL posting 2398","ERP"
"2399","2026-01-18","41023","CC013","1191","CHF","47109.75","GL posting 2399","ERP"
"2400","2026-03-09","41003","CC018","1021","GBP","38184.66","GL posting 2400","ERP"
"2401","2026-07-22","41020","CC019","1170","JPY","12519.55","GL posting 2401","ERP"
"2402","2026-02-07","41022","CC006","1045","USD","1051.36","GL posting 2402","ERP"
"2403","2026-07-31","41031","CC005","1178","CHF","7078.93","GL posting 2403","ERP"
"2404","2026-05-04","41019","CC007","1056","GBP","17458.78","GL posting 2404","ERP"
"2405","2026-07-09","41030","CC020","1178","GBP","7522.7","GL posting 2405","ERP"
"2406","2026-07-31","41025","CC019","1086","USD","6414.9","GL posting 2406","ERP"
"2407","2026-07-31","41032","CC017","1119","EUR","40016.11","GL posting 2407","ERP"
"2408","2026-04-03","41024","CC013","1019","USD","-1232.41","GL posting 2408","ERP"
"2409","2026-02-16","41002","CC020","1176","EUR","11263.61","GL posting 2409","ERP"
"2410","2026-07-17","41000","CC006","1070","EUR","-1255.63","GL posting 2410","ERP"
"2411","2026-04-28","41026","CC018","1121","CHF","-3400.21","GL posting 2411","ERP"
"2412","2026-03-27","41046","CC020","1079","GBP","5127.44","GL posting 2412","ERP"
"2413","2026-04-03","41031","CC008","1160","USD","17472.58","GL posting 2413","ERP"
"2414","2026-06-01","41038","CC004","1099","EUR","14022.41","GL posting 2414","ERP"
"2415","2026-05-16","41030","CC007","1058","EUR","-1897.23","GL posting 2415","ERP"
"2416","2026-01-28","41040","CC019","1003","JPY","-58.53","GL posting 2416","ERP"
"2417","2026-03-14","41043","CC004","1118","JPY","1071.77","GL posting 2417","ERP"
"2418","2026-02-14","41027","CC014","1065","GBP","-1148.49","GL posting 2418","ERP"
"2419","2026-06-22","41046","CC004","1052","CHF","38897.03","GL posting 2419","ERP"
"2420","2026-03-21","41014","CC008","1134","EUR","36919.72","GL posting 2420","ERP"
"2421","2026-07-30","41002","CC019","1153","EUR","26962.9","GL posting 2421","ERP"
"2422","2026-02-02","41012","CC017","1111","EUR","10115.01","GL posting 2422","ERP"
"2423","2026-01-11","41007","CC016","1032","CHF","22108.89","GL posting 2423","ERP"
"2424","2026-02-05","41020","CC019","1147","CHF","32902.55","GL posting 2424","ERP"
"2425","2026-07-01","41004","CC006","1146","GBP","21800.65","GL posting 2425","ERP"
"2426","2026-07-07","41043","CC011","1184","JPY","-3619.92","GL posting 2426","ERP"
"2427","2026-02-04","41043","CC015","1051","CHF","15655.95","GL posting 2427","ERP"
"2428","2026-04-05","41012","CC008","1078","CHF","43039.95","GL posting 2428","ERP"
"2429","2026-06-01","41015","CC007","1007","CHF","19407.5","GL posting 2429","ERP"
"2430","2026-06-17","41037","CC017","1181","JPY","41553.29","GL posting 2430","ERP"
"2431","2026-05-15","41028","CC012","1021","JPY","29245.9","GL posting 2431","ERP"
"2432","2026-04-16","41019","CC010","1026","CHF","44506.8","GL posting 2432","ERP"
"2433","2026-05-09","41003","CC011","1087","CHF","25823.05","GL posting 2433","ERP"
"2434","2026-01-15","41043","CC013","1107","USD","47389.71","GL posting 2434","ERP"
"2435","2026-03-30","41038","CC009","1040","GBP","103.05","GL posting 2435","ERP"
"2436","2026-06-15","41020","CC008","1053","JPY","26496.92","GL posting 2436","ERP"
"2437","2026-04-29","41014","CC011","1068","JPY","20799.24","GL posting 2437","ERP"
"2438","2026-07-17","41030","CC002","1107","CHF","37390.22","GL posting 2438","ERP"
"2439","2026-01-27","41018","CC001","1027","EUR","-4576.19","GL posting 2439","ERP"
"2440","2026-05-13","41048","CC016","1010","CHF","20418.52","GL posting 2440","ERP"
"2441","2026-06-26","41006","CC013","1168","EUR","33596.39","GL posting 2441","ERP"
"2442","2026-03-22","41031","CC007","1167","CHF","896.67","GL posting 2442","ERP"
"2443","2026-05-11","41019","CC005","1029","GBP","19416.09","GL posting 2443","ERP"
"2444","2026-04-13","41001","CC019","1072","USD","30012.36","GL posting 2444","ERP"
"2445","2026-03-26","41018","CC007","1171","EUR","29516.91","GL posting 2445","ERP"
"2446","2026-01-21","41045","CC014","1083","JPY","16358.74","GL posting 2446","ERP"
"2447","2026-07-18","41015","CC005","1058","EUR","12183.6","GL posting 2447","ERP"
"2448","2026-05-04","41000","CC007","1015","GBP","41833.49","GL posting 2448","ERP"
"2449","2026-03-11","41035","CC016","1192","CHF","40651.84","GL posting 2449","ERP"
"2450","2026-03-21","41041","CC006","1145","GBP","31052.23","GL posting 2450","ERP"
"2451","2026-05-20","41029","CC019","1088","USD","40718.08","GL posting 2451","ERP"
"2452","2026-01-02","41022","CC017","1050","USD","24845.65","GL posting 2452","ERP"
"2453","2026-03-18","41042","CC020","1140","JPY","31735.83","GL posting 2453","ERP"
"2454","2026-04-29","41028","CC015","1179","CHF","12418.88","GL posting 2454","ERP"
"2455","2026-07-23","41025","CC006","1052","EUR","12486.2","GL posting 2455","ERP"
"2456","2026-02-05","41010","CC015","1046","EUR","390.59","GL posting 2456","ERP"
"2457","2026-02-26","41029","CC002","1113","JPY","11914.23","GL posting 2457","ERP"
"2458","2026-03-04","41029","CC014","1095","USD","49769.77","GL posting 2458","ERP"
"2459","2026-07-12","41025","CC015","1156","EUR","153.28","GL posting 2459","ERP"
"2460","2026-03-14","41043","CC015","1021","JPY","-1434.36","GL posting 2460","ERP"
"2461","2026-04-21","41019","CC020","1139","CHF","22806.54","GL posting 2461","ERP"
"2462","2026-05-04","41014","CC019","1010","CHF","39102.5","GL posting 2462","ERP"
"2463","2026-02-24","41030","CC014","1186","JPY","43751.3","GL posting 2463","ERP"
"2464","2026-04-05","41000","CC003","1055","USD","46468.12","GL posting 2464","ERP"
"2465","2026-01-15","41009","CC006","1088","EUR","25380.33","GL posting 2465","ERP"
"2466","2026-04-16","41046","CC011","1027","USD","41122.06","GL posting 2466","ERP"
"2467","2026-03-04","41041","CC009","1096","USD","29188.89","GL posting 2467","ERP"
"2468","2026-07-02","41002","CC012","1066","GBP","27435.21","GL posting 2468","ERP"
"2469","2026-02-23","41019","CC018","1166","CHF","13871.73","GL posting 2469","ERP"
"2470","2026-03-18","41040","CC016","1084","EUR","11811.49","GL posting 2470","ERP"
"2471","2026-04-28","41025","CC003","1078","EUR","6881.4","GL posting 2471","ERP"
"2472","2026-01-01","41033","CC006","1120","CHF","39946.02","GL posting 2472","ERP"
"2473","2026-04-30","41008","CC005","1045","USD","45606.65","GL posting 2473","ERP"
"2474","2026-02-19","41006","CC020","1001","USD","42109.11","GL posting 2474","ERP"
"2475","2026-04-20","41016","CC006","1056","EUR","39115.11","GL posting 2475","ERP"
"2476","2026-07-15","41001","CC009","1088","EUR","24421.17","GL posting 2476","ERP"
"2477","2026-07-14","41043","CC017","1163","GBP","46273.9","GL posting 2477","ERP"
"2478","2026-03-17","41014","CC008","1046","CHF","23095.77","GL posting 2478","ERP"
"2479","2026-04-13","41023","CC015","1136","JPY","6046.38","GL posting 2479","ERP"
"2480","2026-05-17","41034","CC002","1012","GBP","38840.81","GL posting 2480","ERP"
"2481","2026-02-16","41001","CC008","1068","JPY","42049.43","GL posting 2481","ERP"
"2482","2026-04-16","41038","CC002","1123","CHF","49064.45","GL posting 2482","ERP"
"2483","2026-05-27","41010","CC007","1028","EUR","35718.53","GL posting 2483","ERP"
"2484","2026-03-20","41001","CC012","1139","JPY","20539.95","GL posting 2484","ERP"
"2485","2026-05-07","41025","CC010","1028","EUR","-4045.39","GL posting 2485","ERP"
"2486","2026-04-17","41036","CC012","1143","CHF","24290.69","GL posting 2486","ERP"
"2487","2026-07-11","41017","CC013","1079","USD","38037.94","GL posting 2487","ERP"
"2488","2026-02-25","41044","CC005","","GBP","15640.69","GL posting 2488","ERP"
"2489","2026-07-05","41003","CC011","1192","USD","49563.37","GL posting 2489","ERP"
"2490","2026-07-30","41039","CC004","1180","EUR","47441.41","GL posting 2490","ERP"
"2491","2026-05-14","41040","CC005","1190","USD","-4011.5","GL posting 2491","ERP"
"2492","2026-03-10","41004","CC010","1020","CHF","27385.94","GL posting 2492","ERP"
"2493","2026-02-10","41028","CC011","1187","EUR","32029.49","GL posting 2493","ERP"
"2494","2026-04-01","41034","CC009","1060","CHF","40573.1","GL posting 2494","ERP"
"2495","2026-06-19","41011","CC007","1042","CHF","43247.89","GL posting 2495","ERP"
"2496","2026-01-13","41047","CC012","1111","EUR","16580.52","GL posting 2496","ERP"
"2497","2026-05-13","41025","CC016","1064","JPY","34957.44","GL posting 2497","ERP"
"2498","2026-04-01","41020","CC014","1142","CHF","2079.87","GL posting 2498","ERP"
"2499","2026-07-29","41028","CC003","1032","GBP","-395.15","GL posting 2499","ERP"
"2500","2026-04-03","41006","CC005","1055","CHF","36656.13","GL posting 2500","ERP"
"2501","2026-02-20","41034","CC012","1172","CHF","18961.05","GL posting 2501","ERP"
"2502","2026-01-03","41009","CC003","1061","EUR","-4637.91","GL posting 2502","ERP"
"2503","2026-02-09","41024","CC007","1036","JPY","9157.91","GL posting 2503","ERP"
"2504","2026-04-02","41049","CC006","1009","CHF","-4605.58","GL posting 2504","ERP"
"2505","2026-02-13","41011","CC019","1149","EUR","15196.06","GL posting 2505","ERP"
"2506","2026-04-30","41005","CC006","1078","USD","27984.3","GL posting 2506","ERP"
"2507","2026-06-20","41049","CC014","1151","EUR","20469.92","GL posting 2507","ERP"
"2508","2026-07-11","41028","CC018","1090","JPY","-2133.04","GL posting 2508","ERP"
"2509","2026-07-31","41038","CC020","1098","GBP","31014.96","GL posting 2509","ERP"
"2510","2026-07-08","41036","CC010","1104","GBP","34806.35","GL posting 2510","ERP"
"2511","2026-07-31","41040","CC019","1150","CHF","24276.21","GL posting 2511","ERP"
"2512","2026-05-23","41043","CC010","1113","JPY","-2515.9","GL posting 2512","ERP"
"2513","2026-05-21","41030","CC015","1129","EUR","10848.32","GL posting 2513","ERP"
"2514","2026-07-20","41047","CC012","1147","CHF","43062.92","GL posting 2514","ERP"
"2515","2026-01-13","41017","CC010","1005","JPY","42733.43","GL posting 2515","ERP"
"2516","2026-01-26","41046","CC017","1062","USD","8827.68","GL posting 2516","ERP"
"2517","2026-02-23","41009","CC002","1035","EUR","37748.62","GL posting 2517","ERP"
"2518","2026-03-25","41002","CC013","1064","USD","23362.71","GL posting 2518","ERP"
"2519","2026-06-07","41030","CC012","1151","GBP","41607.33","GL posting 2519","ERP"
"2520","2026-05-17","41024","CC013","1049","JPY","37392.45","GL posting 2520","ERP"
"2521","2026-06-20","41039","CC015","1199","JPY","24828.85","GL posting 2521","ERP"
"2522","2026-06-04","41048","CC019","1095","JPY","9993.26","GL posting 2522","ERP"
"2523","2026-04-30","41000","CC009","1056","USD","20691.21","GL posting 2523","ERP"
"2524","2026-02-23","41015","CC014","1166","CHF","-699.44","GL posting 2524","ERP"
"2525","2026-05-14","41003","CC019","1158","GBP","3505.9","GL posting 2525","ERP"
"2526","2026-01-08","41015","CC011","1081","CHF","46384.85","GL posting 2526","ERP"
"2527","2026-04-02","41007","CC009","1130","USD","18460.14","GL posting 2527","ERP"
"2528","2026-05-13","41033","CC005","1127","CHF","45268.01","GL posting 2528","ERP"
"2529","2026-01-20","41038","CC014","1085","GBP","680.97","GL posting 2529","ERP"
"2530","2026-07-09","41024","CC016","1039","USD","31498.09","GL posting 2530","ERP"
"2531","2026-06-22","41012","CC008","1104","USD","27184.28","GL posting 2531","ERP"
"2532","2026-03-17","41001","CC016","1006","USD","-3468.14","GL posting 2532","ERP"
"2533","2026-02-14","41020","CC012","1050","JPY","8150.64","GL posting 2533","ERP"
"2534","2026-05-05","41038","CC015","1099","GBP","37468.76","GL posting 2534","ERP"
"2535","2026-06-27","41031","CC013","1062","CHF","1108.9","GL posting 2535","ERP"
"2536","2026-03-29","41031","CC017","1178","EUR","41438.26","GL posting 2536","ERP"
"2537","2026-05-28","41027","CC007","1049","CHF","6403.44","GL posting 2537","ERP"
"2538","2026-01-21","41029","CC009","1195","CHF","23233.86","GL posting 2538","ERP"
"2539","2026-04-15","41033","CC009","1089","EUR","3649.36","GL posting 2539","ERP"
"2540","2026-04-19","41035","CC002","1006","GBP","3105.1","GL posting 2540","ERP"
"2541","2026-06-13","41026","CC013","1078","EUR","10665.08","GL posting 2541","ERP"
"2542","2026-01-15","41004","CC016","1052","CHF","23207.3","GL posting 2542","ERP"
"2543","2026-03-28","41034","CC016","1174","JPY","15773.53","GL posting 2543","ERP"
"2544","2026-06-10","41007","CC010","1043","CHF","38075.35","GL posting 2544","ERP"
"2545","2026-05-27","41007","CC014","1051","USD","5389.81","GL posting 2545","ERP"
"2546","2026-04-21","41044","CC020","1196","EUR","45836.45","GL posting 2546","ERP"
"2547","2026-03-20","41035","CC020","1197","GBP","-2101.29","GL posting 2547","ERP"
"2548","2026-03-27","41041","CC011","1158","GBP","39754.67","GL posting 2548","ERP"
"2549","2026-01-11","41030","CC004","1148","GBP","43746.07","GL posting 2549","ERP"
"2550","2026-03-30","41041","CC014","1092","JPY","19844.2","GL posting 2550","ERP"
"2551","2026-05-14","41020","CC018","1005","CHF","40141.73","GL posting 2551","ERP"
"2552","2026-06-12","41042","CC012","1109","GBP","-3858.76","GL posting 2552","ERP"
"2553","2026-05-15","41003","CC019","1119","EUR","29592.68","GL posting 2553","ERP"
"2554","2026-06-08","41026","CC008","1105","JPY","-4698","GL posting 2554","ERP"
"2555","2026-02-06","41034","CC003","1065","CHF","8639.94","GL posting 2555","ERP"
"2556","2026-04-30","41007","CC014","1142","GBP","38055.52","GL posting 2556","ERP"
"2557","2026-01-04","41003","CC008","1187","ZZZ","43793.95","GL posting 2557","ERP"
"2558","2026-01-30","41044","CC016","1183","USD","25897.89","GL posting 2558","ERP"
"2559","2026-01-08","41016","CC009","1135","CHF","15283.51","GL posting 2559","ERP"
"2560","2026-03-25","41007","CC020","1154","EUR","45045.93","GL posting 2560","ERP"
"2561","2026-04-23","41024","CC007","1124","USD","16337","GL posting 2561","ERP"
"2562","2026-05-14","41027","CC012","1182","GBP","-2920.65","GL posting 2562","ERP"
"2563","2026-01-22","41016","CC018","1024","CHF","42074.64","GL posting 2563","ERP"
"2564","2026-04-04","41022","CC011","1094","CHF","44958.81","GL posting 2564","ERP"
"2565","2026-05-22","41020","CC003","1014","GBP","38785.32","GL posting 2565","ERP"
"2566","2026-03-05","41019","CC003","1084","USD","1747.75","GL posting 2566","ERP"
"2567","2026-02-25","41005","CC011","1179","EUR","15587.04","GL posting 2567","ERP"
"2568","2026-01-05","41020","CC010","1010","EUR","11321.9","GL posting 2568","ERP"
"2569","2026-03-17","41038","CC010","1118","USD","5544.88","GL posting 2569","ERP"
"2570","2026-07-30","41038","CC004","1104","CHF","47854.21","GL posting 2570","ERP"
"2571","2026-04-10","41007","CC017","1112","GBP","46473.91","GL posting 2571","ERP"
"2572","2026-07-23","41042","CC008","1014","CHF","45891.97","GL posting 2572","ERP"
"2573","2026-04-21","41047","CC011","1010","JPY","13992.74","GL posting 2573","ERP"
"2574","2026-05-18","41027","CC002","1154","GBP","38644.88","GL posting 2574","ERP"
"2575","2026-01-07","41026","CC003","1137","EUR","19538.48","GL posting 2575","ERP"
"2576","2026-04-01","41026","CC012","1050","GBP","7423.63","GL posting 2576","ERP"
"2577","2026-01-09","41041","CC001","1007","GBP","8404.22","GL posting 2577","ERP"
"2578","2026-05-18","41000","CC009","1030","GBP","-4753.36","GL posting 2578","ERP"
"2579","2026-05-16","41047","CC020","1073","GBP","-1511.79","GL posting 2579","ERP"
"2580","2026-05-24","41015","CC007","1030","JPY","35161.19","GL posting 2580","ERP"
"2581","2026-02-27","41040","CC013","1106","CHF","5437.32","GL posting 2581","ERP"
"2582","2026-05-18","41005","CC013","1150","CHF","18378.59","GL posting 2582","ERP"
"2583","2026-02-06","41024","CC008","1025","USD","36912.98","GL posting 2583","ERP"
"2584","2026-05-12","41015","CC010","1024","EUR","26004.13","GL posting 2584","ERP"
"2585","2026-03-04","41011","CC002","1149","USD","5597.28","GL posting 2585","ERP"
"2586","2026-04-27","41027","CC011","1050","GBP","27293.36","GL posting 2586","ERP"
"2587","2026-01-31","41028","CC008","1104","CHF","37457.87","GL posting 2587","ERP"
"2588","2026-02-13","41003","CC003","1082","GBP","2526.38","GL posting 2588","ERP"
"2589","2026-01-03","41020","CC017","1112","EUR","11293.28","GL posting 2589","ERP"
"2590","2026-03-04","41040","CC012","1026","CHF","26159.57","GL posting 2590","ERP"
"2591","2026-07-19","41035","CC012","1191","JPY","24868.81","GL posting 2591","ERP"
"2592","2026-04-24","41047","CC001","1139","CHF","33405.65","GL posting 2592","ERP"
"2593","2026-03-23","41010","CC011","1191","EUR","43779.23","GL posting 2593","ERP"
"2594","2026-06-27","41039","CC003","1094","USD","7980.11","GL posting 2594","ERP"
"2595","2026-03-24","41029","CC013","1050","GBP","1258.12","GL posting 2595","ERP"
"2596","2026-02-28","41006","CC012","1177","GBP","12341.87","GL posting 2596","ERP"
"2597","2026-06-20","41034","CC012","1171","CHF","30870.47","GL posting 2597","ERP"
"2598","2026-06-06","41017","CC018","1086","EUR","33850.51","GL posting 2598","ERP"
"2599","2026-04-07","41046","CC012","1041","EUR","37982.53","GL posting 2599","ERP"
"2600","2026-07-11","41009","CC004","1182","GBP","45651.03","GL posting 2600","ERP"
"2601","2026-05-30","41022","CC009","1024","JPY","-2452.09","GL posting 2601","ERP"
"2602","2026-03-03","41045","CC003","1068","GBP","4068.93","GL posting 2602","ERP"
"2603","2026-04-07","41040","CC008","1143","JPY","16398.56","GL posting 2603","ERP"
"2604","2026-07-03","41032","CC011","1189","USD","32238.93","GL posting 2604","ERP"
"2605","2026-07-29","41040","CC010","1078","GBP","29387.81","GL posting 2605","ERP"
"2606","2026-03-26","41019","CC013","1025","EUR","15583.39","GL posting 2606","ERP"
"2607","2026-04-09","41040","CC014","1022","CHF","39298.64","GL posting 2607","ERP"
"2608","2026-06-25","41038","CC010","1165","JPY","23763.3","GL posting 2608","ERP"
"2609","2026-06-28","41025","CC015","1111","EUR","1552.48","GL posting 2609","ERP"
"2610","2026-02-17","41001","CC011","1161","JPY","1483.19","GL posting 2610","ERP"
"2611","2026-03-11","41035","CC019","1169","EUR","36526.89","GL posting 2611","ERP"
"2612","2026-07-30","41048","CC006","1046","EUR","25905.37","GL posting 2612","ERP"
"2613","2026-02-25","41024","CC006","1136","CHF","9204.66","GL posting 2613","ERP"
"2614","2026-07-01","41027","CC012","1094","USD","42262.93","GL posting 2614","ERP"
"2615","2026-01-16","41035","CC005","1139","CHF","12197.84","GL posting 2615","ERP"
"2616","2026-05-09","41007","CC017","1169","USD","27686.66","GL posting 2616","ERP"
"2617","2026-02-13","41014","CC012","1126","USD","5331.62","GL posting 2617","ERP"
"2618","2026-04-19","41003","CC008","1015","USD","40111.14","GL posting 2618","ERP"
"2619","2026-01-05","41049","CC013","1193","JPY","-3872.73","GL posting 2619","ERP"
"2620","2026-07-06","41033","CC018","1030","CHF","14909.81","GL posting 2620","ERP"
"2621","2026-03-05","41020","CC010","1048","JPY","27065.03","GL posting 2621","ERP"
"2622","2026-03-17","41020","CC007","1121","USD","41741.61","GL posting 2622","ERP"
"2623","2026-04-12","41039","CC013","1029","EUR","16387.43","GL posting 2623","ERP"
"2624","2026-02-20","41010","CC005","1065","JPY","7652.7","GL posting 2624","ERP"
"2625","2026-04-20","41039","CC014","1116","USD","46326.99","GL posting 2625","ERP"
"2626","2026-07-15","41037","CC016","1049","JPY","3201.53","GL posting 2626","ERP"
"2627","2026-06-05","41023","CC016","1083","JPY","6988.41","GL posting 2627","ERP"
"2628","2026-01-08","41012","CC008","1185","CHF","6099.24","GL posting 2628","ERP"
"2629","2026-03-02","41019","CC013","1036","JPY","7790.73","GL posting 2629","ERP"
"2630","2026-02-04","41022","CC009","1147","GBP","17536.77","GL posting 2630","ERP"
"2631","2026-03-21","41049","CC017","1185","USD","13609.35","GL posting 2631","ERP"
"2632","2026-07-06","41022","CC005","1180","USD","10779.75","GL posting 2632","ERP"
"2633","2026-02-26","41028","CC003","1096","JPY","18804.97","GL posting 2633","ERP"
"2634","2026-06-22","41017","CC016","1050","USD","-3059.18","GL posting 2634","ERP"
"2635","2026-05-23","41001","CC017","1105","CHF","-816.06","GL posting 2635","ERP"
"2636","2026-04-03","41017","CC017","1139","JPY","-461.75","GL posting 2636","ERP"
"2637","2026-07-27","41048","CC014","1110","EUR","34655.18","GL posting 2637","ERP"
"2638","2026-06-12","41040","CC002","1147","CHF","9510.01","GL posting 2638","ERP"
"2639","2026-04-27","41006","CC017","1003","EUR","43885.25","GL posting 2639","ERP"
"2640","2026-05-28","41002","CC017","1136","JPY","31886.26","GL posting 2640","ERP"
"2641","2026-05-17","41001","CC011","1187","USD","29879.93","GL posting 2641","ERP"
"2642","2026-07-23","41027","CC019","1172","USD","13737.15","GL posting 2642","ERP"
"2643","2026-07-06","41047","CC020","1168","EUR","-4929.09","GL posting 2643","ERP"
"2644","2026-02-08","41049","CC001","1071","USD","5595.24","GL posting 2644","ERP"
"2645","2026-02-25","41022","CC008","1158","EUR","428.56","GL posting 2645","ERP"
"2646","2026-07-08","41023","CC015","1084","CHF","15737.51","GL posting 2646","ERP"
"2647","2026-03-29","41040","CC001","1018","CHF","41383.07","GL posting 2647","ERP"
"2648","2026-07-20","41017","CC014","1062","JPY","28939.16","GL posting 2648","ERP"
"2649","2026-04-26","41041","CC012","1071","GBP","39907.54","GL posting 2649","ERP"
"2650","2026-03-28","41030","CC010","1015","EUR","10205.5","GL posting 2650","ERP"
"2651","2026-06-26","41009","CC008","1184","USD","7584.79","GL posting 2651","ERP"
"2652","2026-02-09","41037","CC010","1142","GBP","-1292.22","GL posting 2652","ERP"
"2653","2026-05-16","41045","CC011","1109","CHF","18459.68","GL posting 2653","ERP"
"2654","2026-05-30","41038","CC019","1007","USD","5725.27","GL posting 2654","ERP"
"2655","2026-01-05","41022","CC011","1010","JPY","47558.83","GL posting 2655","ERP"
"2656","2026-03-26","41025","CC018","1192","GBP","42058.73","GL posting 2656","ERP"
"2657","2026-03-23","41002","CC006","1147","JPY","6658.79","GL posting 2657","ERP"
"2658","2026-06-25","41008","CC001","1081","EUR","36416.83","GL posting 2658","ERP"
"2659","2026-04-05","41025","CC011","1066","JPY","41476.08","GL posting 2659","ERP"
"2660","2026-02-08","41034","CC013","1098","JPY","23982.51","GL posting 2660","ERP"
"2661","2026-03-31","41034","CC014","1175","GBP","2682.09","GL posting 2661","ERP"
"2662","2026-05-06","41038","CC003","1138","GBP","34968.99","GL posting 2662","ERP"
"2663","2026-02-05","41002","CC006","1184","GBP","-3635.77","GL posting 2663","ERP"
"2664","2026-05-30","41037","CC005","1047","GBP","364.99","GL posting 2664","ERP"
"2665","2026-06-04","41043","CC019","1151","JPY","5904.7","GL posting 2665","ERP"
"2666","2026-01-01","41039","CC018","1019","JPY","24732.91","GL posting 2666","ERP"
"2667","2026-05-13","41030","CC015","1181","GBP","38700.84","GL posting 2667","ERP"
"2668","2026-02-01","41028","CC020","1029","USD","25992.7","GL posting 2668","ERP"
"2669","2026-02-13","41046","CC004","1064","JPY","28629.99","GL posting 2669","ERP"
"2670","2026-02-26","41037","CC005","1049","EUR","23155.34","GL posting 2670","ERP"
"2671","2026-03-12","41021","CC003","1049","CHF","10291.3","GL posting 2671","ERP"
"2672","2026-06-12","41017","CC019","1008","USD","23436.66","GL posting 2672","ERP"
"2673","2026-06-03","41014","CC014","1026","JPY","7930.45","GL posting 2673","ERP"
"2674","2026-03-04","41009","CC018","1048","USD","30886.53","GL posting 2674","ERP"
"2675","2026-05-16","41035","CC020","1121","CHF","22880.07","GL posting 2675","ERP"
"2676","2026-01-16","41033","CC010","1051","JPY","38270.79","GL posting 2676","ERP"
"2677","2026-07-07","41049","CC011","1028","GBP","39370.71","GL posting 2677","ERP"
"2678","2026-01-25","41023","CC015","1138","CHF","3883.23","GL posting 2678","ERP"
"2679","2026-06-08","41022","CC010","1018","EUR","45092.64","GL posting 2679","ERP"
"2680","2026-07-21","41045","CC004","1195","EUR","32994.74","GL posting 2680","ERP"
"2681","2026-03-16","41003","CC015","1116","JPY","591.8","GL posting 2681","ERP"
"2682","2026-05-22","41041","CC003","1197","USD","47024.06","GL posting 2682","ERP"
"2683","2026-01-28","41028","CC008","1034","USD","40309.81","GL posting 2683","ERP"
"2684","2026-03-27","41041","CC015","1117","JPY","10593.36","GL posting 2684","ERP"
"2685","2026-06-28","41032","CC015","1008","EUR","46796.15","GL posting 2685","ERP"
"2686","2026-07-07","41027","CC006","1094","EUR","41075.6","GL posting 2686","ERP"
"2687","2026-05-21","41017","CC009","1130","EUR","33911","GL posting 2687","ERP"
"2688","2026-06-06","41021","CC012","1023","JPY","21248.75","GL posting 2688","ERP"
"2689","2026-03-16","41009","CC007","1101","GBP","6606.51","GL posting 2689","ERP"
"2690","2026-07-30","41027","CC015","1129","EUR","26318.92","GL posting 2690","ERP"
"2691","2026-04-01","41001","CC008","1031","EUR","49033.08","GL posting 2691","ERP"
"2692","2026-02-21","41013","CC015","1036","GBP","38931.18","GL posting 2692","ERP"
"2693","2026-01-27","41004","CC006","1019","CHF","15294.8","GL posting 2693","ERP"
"2694","2026-01-11","41044","CC003","1052","GBP","43667.16","GL posting 2694","ERP"
"2695","2026-05-10","41029","CC002","1045","USD","-2568.1","GL posting 2695","ERP"
"2696","2026-01-09","41026","CC008","1028","GBP","49783.6","GL posting 2696","ERP"
"2697","2026-07-08","41016","CC001","1048","GBP","45684.36","GL posting 2697","ERP"
"2698","2026-06-24","41024","CC003","1098","EUR","31389.93","GL posting 2698","ERP"
"2699","2026-03-18","41034","CC010","1025","USD","49713.65","GL posting 2699","ERP"
"2700","2026-07-07","41014","CC005","1078","CHF","43505.32","GL posting 2700","ERP"
"2701","2026-03-04","41010","CC007","1114","USD","42025.14","GL posting 2701","ERP"
"2702","2026-05-30","41020","CC007","1002","USD","-2165.87","GL posting 2702","ERP"
"2703","2026-01-16","41020","CC018","1127","GBP","739.47","GL posting 2703","ERP"
"2704","2026-01-20","41007","CC013","1071","JPY","15017.05","GL posting 2704","ERP"
"2705","2026-05-19","41013","CC017","1021","USD","42321.04","GL posting 2705","ERP"
"2706","2026-01-10","41021","CC014","1006","EUR","47176.69","GL posting 2706","ERP"
"2707","2026-04-24","41005","CC010","1116","USD","39574.15","GL posting 2707","ERP"
"2708","2026-02-27","41048","CC019","1194","GBP","404.4","GL posting 2708","ERP"
"2709","2026-01-26","41022","CC020","1014","CHF","16185.23","GL posting 2709","ERP"
"2710","2026-05-13","41046","CC007","1170","USD","29749.32","GL posting 2710","ERP"
"2711","2026-03-22","41039","CC012","1056","EUR","21936.71","GL posting 2711","ERP"
"2712","2026-01-28","41036","CC016","1043","CHF","4086.87","GL posting 2712","ERP"
"2713","2026-06-02","41015","CC010","1125","EUR","22921.84","GL posting 2713","ERP"
"2714","2026-05-10","41043","CC007","1151","JPY","39241.39","GL posting 2714","ERP"
"2715","2026-06-23","41021","CC014","1031","GBP","45626.07","GL posting 2715","ERP"
"2716","2026-05-25","41040","CC015","1002","CHF","38294.6","GL posting 2716","ERP"
"2717","2026-06-17","41039","CC012","1101","CHF","45666.6","GL posting 2717","ERP"
"2718","2026-02-17","41038","CC013","1042","CHF","20011.41","GL posting 2718","ERP"
"2719","2026-02-01","41041","CC017","1195","CHF","9571.4","GL posting 2719","ERP"
"2720","2026-06-07","41033","CC002","1019","GBP","7145.56","GL posting 2720","ERP"
"2721","2026-06-09","41020","CC008","1164","USD","34781.63","GL posting 2721","ERP"
"2722","2026-04-30","41011","CC016","1077","USD","17762.51","GL posting 2722","ERP"
"2723","2026-06-26","41022","CC008","1039","CHF","-1750.77","GL posting 2723","ERP"
"2724","2026-02-24","41016","CC010","1026","GBP","31208.78","GL posting 2724","ERP"
"2725","2026-07-17","41044","CC005","1046","USD","3508.41","GL posting 2725","ERP"
"2726","2026-06-23","41019","CC011","1118","USD","37403.73","GL posting 2726","ERP"
"2727","2026-07-06","41000","CC020","1157","USD","3312.24","GL posting 2727","ERP"
"2728","2026-04-18","41035","CC003","1154","JPY","35609.63","GL posting 2728","ERP"
"2729","2026-07-30","41031","CC006","1194","CHF","23259.7","GL posting 2729","ERP"
"2730","2026-04-14","41029","CC007","1001","USD","7784.02","GL posting 2730","ERP"
"2731","2026-01-02","41015","CC008","1140","EUR","45242.86","GL posting 2731","ERP"
"2732","2026-02-21","41023","CC002","1064","GBP","7423.71","GL posting 2732","ERP"
"2733","2026-03-07","41000","CC016","1111","EUR","-3581.63","GL posting 2733","ERP"
"2734","2026-02-14","41037","CC006","1143","GBP","32175.35","GL posting 2734","ERP"
"2735","2026-03-24","41010","CC020","1026","USD","16053.34","GL posting 2735","ERP"
"2736","2026-02-10","41001","CC016","1119","EUR","23544.21","GL posting 2736","ERP"
"2737","2026-06-03","41014","CC008","1182","GBP","22029.77","GL posting 2737","ERP"
"2738","2026-04-26","41033","CC003","1094","USD","32766.19","GL posting 2738","ERP"
"2739","2026-02-17","41034","CC004","1064","GBP","11534.2","GL posting 2739","ERP"
"2740","2026-05-02","41013","CC011","1052","GBP","25244.92","GL posting 2740","ERP"
"2741","2026-07-29","41039","CC009","1007","EUR","47659.15","GL posting 2741","ERP"
"2742","2026-03-22","41013","CC001","1021","EUR","38139.72","GL posting 2742","ERP"
"2743","2026-02-14","41023","CC014","1154","JPY","43678.76","GL posting 2743","ERP"
"2744","2026-05-29","41041","CC018","1087","GBP","19917.19","GL posting 2744","ERP"
"2745","2026-01-27","41007","CC007","1014","GBP","31886.2","GL posting 2745","ERP"
"2746","2026-05-18","41018","CC018","1082","CHF","19103.05","GL posting 2746","ERP"
"2747","2026-07-20","41031","CC017","1155","USD","19564.22","GL posting 2747","ERP"
"2748","2026-03-13","41047","CC009","1019","GBP","21849.76","GL posting 2748","ERP"
"2749","2026-01-31","41018","CC013","1145","CHF","26952.47","GL posting 2749","ERP"
"2750","2026-06-02","41012","CC016","1099","JPY","21679.11","GL posting 2750","ERP"
"2751","2026-07-17","41022","CC003","1144","JPY","43251.03","GL posting 2751","ERP"
"2752","2026-03-03","41042","CC002","1092","CHF","-4491.23","GL posting 2752","ERP"
"2753","2026-05-25","41015","CC013","1190","USD","32389.74","GL posting 2753","ERP"
"2754","2026-05-17","41017","CC008","1169","GBP","-3434.23","GL posting 2754","ERP"
"2755","2026-06-03","41026","CC016","1192","USD","30996.68","GL posting 2755","ERP"
"2756","2026-07-11","41031","CC005","1087","CHF","1201.83","GL posting 2756","ERP"
"2757","2026-05-26","41005","CC001","1192","CHF","33321.51","GL posting 2757","ERP"
"2758","2026-06-19","41005","CC017","1064","GBP","23745.71","GL posting 2758","ERP"
"2759","2026-07-26","41020","CC005","1125","JPY","2853.81","GL posting 2759","ERP"
"2760","2026-05-26","41025","CC019","1158","USD","19584.4","GL posting 2760","ERP"
"2761","2026-02-07","41034","CC006","1112","USD","27937.94","GL posting 2761","ERP"
"2762","2026-06-27","41013","CC013","1047","GBP","13056.7","GL posting 2762","ERP"
"2763","2026-07-22","41002","CC020","1149","EUR","15637.3","GL posting 2763","ERP"
"2764","2026-02-26","41029","CC013","1086","CHF","26312.09","GL posting 2764","ERP"
"2765","2026-07-14","41010","CC009","1108","EUR","303.61","GL posting 2765","ERP"
"2766","2026-06-23","41044","CC019","1195","USD","18268.71","GL posting 2766","ERP"
"2767","2026-01-12","41028","CC013","1195","EUR","33102.96","GL posting 2767","ERP"
"2768","2026-02-16","41034","CC020","1030","JPY","38384.15","GL posting 2768","ERP"
"2769","2026-07-21","41026","CC017","1105","CHF","33774.03","GL posting 2769","ERP"
"2770","2026-01-06","41027","CC013","1040","EUR","23260.24","GL posting 2770","ERP"
"2771","2026-04-29","41046","CC010","1189","EUR","4284.73","GL posting 2771","ERP"
"2772","2026-04-05","41032","CC015","1180","EUR","3598.92","GL posting 2772","ERP"
"2773","2026-01-04","41011","CC001","1114","EUR","36420.75","GL posting 2773","ERP"
"2774","2026-04-06","41004","CC003","1191","USD","25886.98","GL posting 2774","ERP"
"2775","2026-05-10","41040","CC020","1034","GBP","35036","GL posting 2775","ERP"
"2776","2026-02-05","41033","CC016","1197","EUR","38171.64","GL posting 2776","ERP"
"2777","2026-01-11","41042","CC019","1179","JPY","23394.47","GL posting 2777","ERP"
"2778","2026-06-18","41046","CC009","1040","EUR","35425.98","GL posting 2778","ERP"
"2779","2026-03-07","41001","CC020","1089","GBP","28449.86","GL posting 2779","ERP"
"2780","2026-01-14","41011","CC016","1135","EUR","-2869.53","GL posting 2780","ERP"
"2781","2026-01-10","41030","CC003","1120","GBP","44906.55","GL posting 2781","ERP"
"2782","2026-07-10","41011","CC004","1059","CHF","20822.63","GL posting 2782","ERP"
"2783","2026-05-21","41007","CC012","1132","EUR","48196.93","GL posting 2783","ERP"
"2784","2026-05-25","41043","CC003","1145","EUR","23819.98","GL posting 2784","ERP"
"2785","2026-01-22","41026","CC008","1047","USD","24615.09","GL posting 2785","ERP"
"2786","2026-06-12","41024","CC016","1088","GBP","4051.39","GL posting 2786","ERP"
"2787","2026-04-15","41040","CC019","1065","USD","13279.68","GL posting 2787","ERP"
"2788","2026-05-16","41029","CC013","1185","JPY","32117.05","GL posting 2788","ERP"
"2789","2026-04-29","41032","CC012","1007","GBP","27895.62","GL posting 2789","ERP"
"2790","2026-04-08","41020","CC020","1000","USD","47138.95","GL posting 2790","ERP"
"2791","2026-03-22","41040","CC015","1018","JPY","4055.87","GL posting 2791","ERP"
"2792","2026-02-14","41035","CC016","1111","USD","-4733.77","GL posting 2792","ERP"
"2793","2026-03-22","41008","CC016","1097","GBP","36143.9","GL posting 2793","ERP"
"2794","2026-07-15","41049","CC010","1140","CHF","5586.72","GL posting 2794","ERP"
"2795","2026-03-29","41022","CC014","1052","GBP","-4917.71","GL posting 2795","ERP"
"2796","2026-06-16","41027","CC016","1041","USD","39578.06","GL posting 2796","ERP"
"2797","2026-02-25","41010","CC015","1125","EUR","39455.64","GL posting 2797","ERP"
"2798","2026-06-21","41027","CC013","1086","CHF","43357.16","GL posting 2798","ERP"
"2799","2026-05-17","41039","CC002","1076","USD","48862.19","GL posting 2799","ERP"
"2800","2026-07-19","41047","CC019","1133","CHF","40256.35","GL posting 2800","ERP"
"2801","2026-01-31","41032","CC001","1084","JPY","23271.59","GL posting 2801","ERP"
"2802","2026-02-22","41039","CC008","1189","EUR","45802.25","GL posting 2802","ERP"
"2803","2026-05-26","41040","CC020","1146","CHF","4949.04","GL posting 2803","ERP"
"2804","2026-06-05","41044","CC010","1142","USD","12038.53","GL posting 2804","ERP"
"2805","2026-07-02","41005","CC005","1184","EUR","19020.78","GL posting 2805","ERP"
"2806","2026-05-22","41007","CC009","1128","JPY","-4893.77","GL posting 2806","ERP"
"2807","2026-04-03","41036","CC015","1042","EUR","-7.28","GL posting 2807","ERP"
"2808","2026-06-26","41034","CC005","1180","EUR","47949.79","GL posting 2808","ERP"
"2809","2026-05-10","41047","CC018","1127","GBP","20470.41","GL posting 2809","ERP"
"2810","2026-03-17","41048","CC001","1165","JPY","37051.2","GL posting 2810","ERP"
"2811","2026-07-31","41019","CC010","1040","JPY","49024.42","GL posting 2811","ERP"
"2812","2026-07-19","41013","CC017","1172","GBP","43150.99","GL posting 2812","ERP"
"2813","2026-06-19","41047","CC012","1184","JPY","19652.24","GL posting 2813","ERP"
"2814","2026-02-01","41048","CC011","1120","CHF","25299.56","GL posting 2814","ERP"
"2815","2026-07-18","41011","CC013","1086","CHF","7304.94","GL posting 2815","ERP"
"2816","2026-07-15","41049","CC018","1153","JPY","13164.34","GL posting 2816","ERP"
"2817","2026-01-27","41029","CC008","1069","GBP","24015.32","GL posting 2817","ERP"
"2818","2026-07-15","41046","CC015","1164","GBP","45862.68","GL posting 2818","ERP"
"2819","2026-01-17","41029","CC020","1017","JPY","48205.79","GL posting 2819","ERP"
"2820","2026-04-25","41013","CC014","1099","GBP","11971.87","GL posting 2820","ERP"
"2821","2026-07-14","41000","CC007","1182","GBP","21681.6","GL posting 2821","ERP"
"2822","2026-01-28","41035","CC017","1072","EUR","37865.17","GL posting 2822","ERP"
"2823","2026-01-13","41045","CC006","1164","JPY","12242.1","GL posting 2823","ERP"
"2824","2026-07-07","41004","CC006","1100","JPY","-2798.93","GL posting 2824","ERP"
"2825","2026-04-07","41010","CC004","1149","EUR","38303.16","GL posting 2825","ERP"
"2826","2026-03-19","41009","CC008","1146","USD","33246.73","GL posting 2826","ERP"
"2827","2026-05-24","41018","CC017","1097","USD","6993.87","GL posting 2827","ERP"
"2828","2026-05-24","41013","CC010","1057","CHF","15127.25","GL posting 2828","ERP"
"2829","2026-07-27","41002","CC008","1097","GBP","46490.74","GL posting 2829","ERP"
"2830","2026-04-20","41028","CC003","1115","GBP","21855.62","GL posting 2830","ERP"
"2831","2026-05-02","41002","CC002","1099","GBP","49485.22","GL posting 2831","ERP"
"2832","2026-03-31","41040","CC002","1023","USD","21668.81","GL posting 2832","ERP"
"2833","2026-07-10","41021","CC010","1008","GBP","44127.93","GL posting 2833","ERP"
"2834","2026-03-17","41017","CC016","1039","EUR","39726.08","GL posting 2834","ERP"
"2835","2026-04-10","41024","CC019","1060","CHF","40064.67","GL posting 2835","ERP"
"2836","2026-01-29","41043","CC004","1010","EUR","24365.58","GL posting 2836","ERP"
"2837","2026-07-28","41011","CC012","1071","CHF","28493.92","GL posting 2837","ERP"
"2838","2026-07-30","41012","CC016","1152","USD","29527.25","GL posting 2838","ERP"
"2839","2026-05-13","41011","CC012","1010","JPY","1380.04","GL posting 2839","ERP"
"2840","2026-06-28","41048","CC002","1123","CHF","34443.08","GL posting 2840","ERP"
"2841","2026-07-23","41007","CC007","1133","JPY","16424.74","GL posting 2841","ERP"
"2842","2026-01-06","41014","CC002","1120","JPY","43111.1","GL posting 2842","ERP"
"2843","2026-02-18","41001","CC015","1032","EUR","23203.9","GL posting 2843","ERP"
"2844","2026-06-10","41043","CC019","1117","USD","19697.58","GL posting 2844","ERP"
"2845","2026-02-23","41018","CC001","1078","EUR","10363.55","GL posting 2845","ERP"
"2846","2026-06-12","41034","CC012","1105","USD","6058.61","GL posting 2846","ERP"
"2847","2026-01-24","41027","CC009","1143","EUR","8898.44","GL posting 2847","ERP"
"2848","2026-04-26","41043","CC017","1151","CHF","4940.06","GL posting 2848","ERP"
"2849","2026-04-05","41039","CC019","1168","EUR","7514.29","GL posting 2849","ERP"
"2850","2026-05-15","41026","CC017","1008","EUR","4789.11","GL posting 2850","ERP"
"2851","2026-05-03","41033","CC006","1140","GBP","19017.44","GL posting 2851","ERP"
"2852","2026-03-21","41042","CC020","1197","USD","40819.07","GL posting 2852","ERP"
"2853","2026-03-17","41017","CC006","1088","USD","33279.88","GL posting 2853","ERP"
"2854","2026-03-14","41012","CC003","1139","EUR","37955.07","GL posting 2854","ERP"
"2855","2026-07-08","41020","CC006","1092","JPY","30433.46","GL posting 2855","ERP"
"2856","2026-04-14","41003","CC014","1171","JPY","14833.25","GL posting 2856","ERP"
"2857","2026-06-26","41005","CC007","1142","USD","-1694.56","GL posting 2857","ERP"
"2858","2026-07-24","41024","CC013","1169","JPY","12733.9","GL posting 2858","ERP"
"2859","2026-07-04","41016","CC011","1023","CHF","-954.14","GL posting 2859","ERP"
"2860","2026-04-16","41045","CC005","1162","USD","49454.87","GL posting 2860","ERP"
"2861","2026-03-02","41002","CC013","1066","EUR","26264.45","GL posting 2861","ERP"
"2862","2026-03-21","41046","CC018","1098","CHF","28100.15","GL posting 2862","ERP"
"2863","2026-06-29","41029","CC017","1060","JPY","30723.36","GL posting 2863","ERP"
"2864","2026-02-15","41017","CC007","1003","USD","49489.87","GL posting 2864","ERP"
"2865","2026-01-15","41003","CC017","1147","GBP","48524.79","GL posting 2865","ERP"
"2866","2026-03-10","41047","CC009","1183","USD","34714.52","GL posting 2866","ERP"
"2867","2026-04-19","41027","CC010","1077","CHF","36313.83","GL posting 2867","ERP"
"2868","2026-03-08","41031","CC006","1005","GBP","1598.99","GL posting 2868","ERP"
"2869","2026-02-12","41045","CC005","1123","CHF","32389.69","GL posting 2869","ERP"
"2870","2026-04-13","41005","CC014","1132","CHF","716.22","GL posting 2870","ERP"
"2871","2026-01-19","41029","CC005","1057","JPY","28640.77","GL posting 2871","ERP"
"2872","2026-06-04","41035","CC012","1107","USD","31376.12","GL posting 2872","ERP"
"2873","2026-04-01","41037","CC004","1117","EUR","-2463.55","GL posting 2873","ERP"
"2874","2026-01-26","41018","CC011","1010","USD","-3659.7","GL posting 2874","ERP"
"2875","2026-05-08","41032","CC011","1008","JPY","47466.28","GL posting 2875","ERP"
"2876","2026-01-20","41028","CC019","1043","GBP","20076.09","GL posting 2876","ERP"
"2877","2026-02-11","41032","CC018","1041","CHF","49218.46","GL posting 2877","ERP"
"2878","2026-06-10","41009","CC009","1199","GBP","21470.07","GL posting 2878","ERP"
"2879","2026-03-10","41031","CC020","1168","USD","31894.79","GL posting 2879","ERP"
"2880","2026-03-02","41036","CC020","1165","CHF","19610.69","GL posting 2880","ERP"
"2881","2026-06-08","41026","CC017","1163","JPY","9709.68","GL posting 2881","ERP"
"2882","2026-03-31","41002","CC010","1012","USD","29293.56","GL posting 2882","ERP"
"2883","2026-05-12","41012","CC018","1174","EUR","12541.9","GL posting 2883","ERP"
"2884","2026-05-21","41020","CC015","1051","CHF","22218.05","GL posting 2884","ERP"
"2885","2026-01-14","41007","CC002","1090","GBP","2041.2","GL posting 2885","ERP"
"2886","2026-07-02","41017","CC008","1143","CHF","46044.85","GL posting 2886","ERP"
"2887","2026-04-18","41031","CC004","1187","USD","30942.06","GL posting 2887","ERP"
"2888","2026-04-18","41017","CC009","1084","JPY","46656.71","GL posting 2888","ERP"
"2889","2026-02-20","41016","CC016","1160","JPY","49919.56","GL posting 2889","ERP"
"2890","2026-06-17","41047","CC008","1084","EUR","35366.83","GL posting 2890","ERP"
"2891","2026-04-22","41002","CC019","1103","EUR","24581.63","GL posting 2891","ERP"
"2892","2026-06-09","41007","CC005","1076","USD","5527.65","GL posting 2892","ERP"
"2893","2026-06-10","41019","CC014","1116","EUR","24366.79","GL posting 2893","ERP"
"2894","2026-02-22","41022","CC013","1183","USD","49579.67","GL posting 2894","ERP"
"2895","2026-01-21","41043","CC006","1159","EUR","18181.8","GL posting 2895","ERP"
"2896","2026-07-21","41030","CC014","1129","USD","41779.61","GL posting 2896","ERP"
"2897","2026-06-02","41043","CC016","1080","USD","1476.17","GL posting 2897","ERP"
"2898","2026-07-19","41047","CC003","1003","EUR","-1740.84","GL posting 2898","ERP"
"2899","2026-05-13","41038","CC010","1156","JPY","42483.25","GL posting 2899","ERP"
"2900","2026-05-14","41041","CC020","1124","EUR","24307.56","GL posting 2900","ERP"
"2901","2026-02-13","41025","CC002","1145","JPY","18831.95","GL posting 2901","ERP"
"2902","2026-05-19","41010","CC015","1124","GBP","36552.57","GL posting 2902","ERP"
"2903","2026-07-09","41040","CC016","1087","GBP","14752.65","GL posting 2903","ERP"
"2904","2026-05-31","41011","CC008","1107","USD","2018.07","GL posting 2904","ERP"
"2905","2026-02-27","41034","CC012","1113","USD","7519.25","GL posting 2905","ERP"
"2906","2026-06-10","41036","CC020","1051","EUR","1505.86","GL posting 2906","ERP"
"2907","2026-06-08","41030","CC017","1038","CHF","29961.55","GL posting 2907","ERP"
"2908","2026-06-18","41047","CC019","1010","CHF","26363.1","GL posting 2908","ERP"
"2909","2026-07-21","41023","CC004","1183","GBP","3731.26","GL posting 2909","ERP"
"2910","2026-01-15","41032","CC016","1078","EUR","39055.9","GL posting 2910","ERP"
"2911","2026-06-15","41037","CC017","1124","JPY","49635.77","GL posting 2911","ERP"
"2912","2026-05-08","41049","CC010","1157","JPY","1900.86","GL posting 2912","ERP"
"2913","2026-03-16","41040","CC005","1115","ZZZ","11561.9","GL posting 2913","ERP"
"2914","2026-06-11","41001","CC019","1083","EUR","45351.5","GL posting 2914","ERP"
"2915","2026-05-30","41045","CC003","1057","USD","9831.17","GL posting 2915","ERP"
"2916","2026-02-09","41001","CC016","1073","JPY","32858.4","GL posting 2916","ERP"
"2917","2026-05-19","41023","CC006","1086","USD","8442.8","GL posting 2917","ERP"
"2918","2026-04-26","41044","CC001","1174","USD","34850.8","GL posting 2918","ERP"
"2919","2026-01-21","41009","CC018","","USD","1651","GL posting 2919","ERP"
"2920","2026-03-09","41027","CC005","1054","JPY","36618.56","GL posting 2920","ERP"
"2921","2026-03-28","41034","CC013","1105","USD","21934.24","GL posting 2921","ERP"
"2922","2026-04-12","41020","CC017","1180","USD","43476.4","GL posting 2922","ERP"
"2923","2026-03-01","41033","CC007","1149","EUR","4978.75","GL posting 2923","ERP"
"2924","2026-06-22","41025","CC011","1036","EUR","-4337.87","GL posting 2924","ERP"
"2925","2026-03-17","41026","CC005","1147","EUR","37199.1","GL posting 2925","ERP"
"2926","2026-02-13","41049","CC016","1132","USD","-1384.15","GL posting 2926","ERP"
"2927","2026-02-12","41002","CC005","1059","CHF","21070.35","GL posting 2927","ERP"
"2928","2026-01-29","41030","CC002","1122","EUR","-1484.96","GL posting 2928","ERP"
"2929","2026-07-20","41002","CC008","1143","EUR","25835.26","GL posting 2929","ERP"
"2930","2026-06-11","41013","CC020","1008","JPY","18193.1","GL posting 2930","ERP"
"2931","2026-03-10","41003","CC011","1084","EUR","44389.26","GL posting 2931","ERP"
"2932","2026-04-05","41008","CC011","1111","JPY","49645.01","GL posting 2932","ERP"
"2933","2026-05-29","41011","CC007","1152","JPY","47266.94","GL posting 2933","ERP"
"2934","2026-02-20","41040","CC017","1156","EUR","22629.73","GL posting 2934","ERP"
"2935","2026-04-02","41009","CC008","1036","USD","43678.51","GL posting 2935","ERP"
"2936","2026-06-04","41019","CC012","1082","JPY","306.37","GL posting 2936","ERP"
"2937","2026-05-25","41001","CC015","1086","GBP","26166.05","GL posting 2937","ERP"
"2938","2026-02-13","41001","CC007","1063","CHF","4791.79","GL posting 2938","ERP"
"2939","2026-05-21","41031","CC007","1173","GBP","38001.31","GL posting 2939","ERP"
"2940","2026-03-16","41012","CC001","1120","CHF","48310.8","GL posting 2940","ERP"
"2941","2026-02-07","41013","CC010","1028","EUR","5299.67","GL posting 2941","ERP"
"2942","2026-06-23","41010","CC005","1073","CHF","-4082.6","GL posting 2942","ERP"
"2943","2026-06-16","41040","CC016","1140","EUR","27120.92","GL posting 2943","ERP"
"2944","2026-06-19","41037","CC020","1110","JPY","22870.17","GL posting 2944","ERP"
"2945","2026-05-30","41006","CC014","1131","USD","36975.95","GL posting 2945","ERP"
"2946","2026-05-19","41015","CC016","1147","JPY","20473.98","GL posting 2946","ERP"
"2947","2026-02-04","41023","CC008","1121","CHF","12833.78","GL posting 2947","ERP"
"2948","2026-04-20","41049","CC012","1149","JPY","1943.39","GL posting 2948","ERP"
"2949","2026-05-04","41021","CC020","1039","USD","27369.68","GL posting 2949","ERP"
"2950","2026-07-26","41015","CC018","1058","USD","24829.87","GL posting 2950","ERP"
"2951","2026-02-12","41032","CC010","1084","USD","9619.55","GL posting 2951","ERP"
"2952","2026-05-22","41027","CC005","1182","CHF","46101.42","GL posting 2952","ERP"
"2953","2026-05-20","41009","CC001","1133","JPY","12672.77","GL posting 2953","ERP"
"2954","2026-04-22","41040","CC016","1108","EUR","39328.13","GL posting 2954","ERP"
"2955","2026-04-07","41014","CC020","1074","CHF","14867.97","GL posting 2955","ERP"
"2956","2026-03-16","41002","CC013","1118","CHF","33127.19","GL posting 2956","ERP"
"2957","2026-01-16","41028","CC016","1158","GBP","13162.87","GL posting 2957","ERP"
"2958","2026-05-20","41034","CC008","1015","GBP","46656.67","GL posting 2958","ERP"
"2959","2026-05-29","41042","CC005","1012","GBP","29214.38","GL posting 2959","ERP"
"2960","2026-04-12","41016","CC004","1077","JPY","45267.64","GL posting 2960","ERP"
"2961","2026-07-20","41021","CC006","1097","JPY","8892.48","GL posting 2961","ERP"
"2962","2026-05-03","41002","CC019","1062","USD","20483.98","GL posting 2962","ERP"
"2963","2026-01-03","41000","CC002","1031","USD","29703.65","GL posting 2963","ERP"
"2964","2026-01-20","41042","CC013","1058","GBP","18551.34","GL posting 2964","ERP"
"2965","2026-01-05","41006","CC003","1163","CHF","20315.29","GL posting 2965","ERP"
"2966","2026-05-14","41037","CC017","1139","EUR","45751.75","GL posting 2966","ERP"
"2967","2026-06-10","41027","CC010","1120","JPY","40505.03","GL posting 2967","ERP"
"2968","2026-06-09","41043","CC005","1127","GBP","20656.6","GL posting 2968","ERP"
"2969","2026-06-08","41023","CC003","1088","GBP","13678.33","GL posting 2969","ERP"
"2970","2026-05-22","41007","CC014","1049","EUR","10074.14","GL posting 2970","ERP"
"2971","2026-03-05","41038","CC002","1066","JPY","37373.32","GL posting 2971","ERP"
"2972","2026-07-19","41032","CC019","1050","JPY","30757.04","GL posting 2972","ERP"
"2973","2026-01-18","41023","CC017","1111","EUR","6833.22","GL posting 2973","ERP"
"2974","2026-03-15","41009","CC020","1049","GBP","43136.43","GL posting 2974","ERP"
"2975","2026-02-03","41022","CC003","1193","JPY","31827.14","GL posting 2975","ERP"
"2976","2026-01-27","41024","CC007","1081","USD","-934.71","GL posting 2976","ERP"
"2977","2026-03-29","41022","CC005","1178","CHF","37240.48","GL posting 2977","ERP"
"2978","2026-04-12","41008","CC019","1042","USD","49776.15","GL posting 2978","ERP"
"2979","2026-07-02","41013","CC008","1114","JPY","101.88","GL posting 2979","ERP"
"2980","2026-07-08","41038","CC003","1015","JPY","32010.86","GL posting 2980","ERP"
"2981","2026-04-05","41009","CC011","1141","GBP","32752.33","GL posting 2981","ERP"
"2982","2026-07-02","41007","CC019","1052","JPY","32988.88","GL posting 2982","ERP"
"2983","2026-04-26","41010","CC001","","EUR","35574.09","GL posting 2983","ERP"
"2984","2026-05-06","41028","CC007","1137","USD","-1276.65","GL posting 2984","ERP"
"2985","2026-02-23","41010","CC003","1094","USD","-1228.68","GL posting 2985","ERP"
"2986","2026-06-26","41035","CC005","1104","CHF","10476.86","GL posting 2986","ERP"
"2987","2026-03-28","41019","CC004","1123","EUR","43447.95","GL posting 2987","ERP"
"2988","2026-02-09","41023","CC014","1160","USD","37493.16","GL posting 2988","ERP"
"2989","2026-02-02","41042","CC019","1005","USD","48590.97","GL posting 2989","ERP"
"2990","2026-06-01","41037","CC017","1059","CHF","42280.12","GL posting 2990","ERP"
"2991","2026-03-28","41022","CC002","1113","EUR","45317.49","GL posting 2991","ERP"
"2992","2026-06-18","41017","CC007","1193","JPY","-4757.01","GL posting 2992","ERP"
"2993","2026-03-17","41012","CC010","1074","GBP","42883.03","GL posting 2993","ERP"
"2994","2026-04-14","41014","CC002","1115","JPY","26097.16","GL posting 2994","ERP"
"2995","2026-06-26","41037","CC013","1130","USD","38333.07","GL posting 2995","ERP"
"2996","2026-02-06","41046","CC010","1165","CHF","47458.71","GL posting 2996","ERP"
"2997","2026-06-02","41048","CC005","1109","EUR","8838.84","GL posting 2997","ERP"
"2998","2026-04-06","41024","CC010","1043","CHF","24550.36","GL posting 2998","ERP"
"2999","2026-01-07","41027","CC011","1088","GBP","46659.49","GL posting 2999","ERP"
"3000","2026-07-31","41025","CC008","1053","CHF","48322.85","GL posting 3000","ERP"
"3001","2026-04-07","41041","CC019","1166","USD","48025.46","GL posting 3001","ERP"
"3002","2026-05-05","41003","CC008","1085","JPY","36871.82","GL posting 3002","ERP"
"3003","2026-03-09","41027","CC011","1083","CHF","2735.05","GL posting 3003","ERP"
"3004","2026-01-03","41011","CC005","1195","CHF","23070.69","GL posting 3004","ERP"
"3005","2026-04-04","41025","CC020","1086","JPY","-4873.84","GL posting 3005","ERP"
"3006","2026-05-27","41038","CC014","1058","GBP","46222.98","GL posting 3006","ERP"
"3007","2026-05-23","41012","CC011","1155","CHF","5564.61","GL posting 3007","ERP"
"3008","2026-04-01","41020","CC009","1165","CHF","43180.18","GL posting 3008","ERP"
"3009","2026-07-14","41018","CC020","1083","CHF","8357.07","GL posting 3009","ERP"
"3010","2026-02-26","41029","CC006","1083","CHF","2370.62","GL posting 3010","ERP"
"3011","2026-02-09","41001","CC016","1043","CHF","20568.81","GL posting 3011","ERP"
"3012","2026-04-23","41005","CC018","1083","CHF","14568.26","GL posting 3012","ERP"
"3013","2026-05-26","41021","CC018","1137","JPY","9712.7","GL posting 3013","ERP"
"3014","2026-02-16","41018","CC012","1095","EUR","2082.66","GL posting 3014","ERP"
"3015","2026-06-08","41047","CC005","1071","CHF","38595.87","GL posting 3015","ERP"
"3016","2026-03-05","41031","CC018","1173","JPY","26670.79","GL posting 3016","ERP"
"3017","2026-04-24","41000","CC011","1144","JPY","16340.69","GL posting 3017","ERP"
"3018","2026-05-20","41031","CC004","1092","JPY","24989.11","GL posting 3018","ERP"
"3019","2026-01-28","41003","CC019","1094","JPY","37644.15","GL posting 3019","ERP"
"3020","2026-01-07","41013","CC004","1168","JPY","-4516.73","GL posting 3020","ERP"
"3021","2026-01-03","41008","CC017","1192","JPY","42494.06","GL posting 3021","ERP"
"3022","2026-01-11","41034","CC005","1160","USD","25392.79","GL posting 3022","ERP"
"3023","2026-01-15","41005","CC012","1008","EUR","27181.67","GL posting 3023","ERP"
"3024","2026-03-29","41026","CC009","1121","EUR","14097.98","GL posting 3024","ERP"
"3025","2026-02-07","41016","CC010","1101","GBP","-4732.46","GL posting 3025","ERP"
"3026","2026-01-13","41019","CC016","1126","CHF","28501.65","GL posting 3026","ERP"
"3027","2026-04-15","41029","CC018","1196","CHF","4.96","GL posting 3027","ERP"
"3028","2026-04-02","41023","CC008","1132","GBP","21928.64","GL posting 3028","ERP"
"3029","2026-07-09","41009","CC018","1141","GBP","1015.78","GL posting 3029","ERP"
"3030","2026-04-28","41048","CC011","1030","EUR","12417.21","GL posting 3030","ERP"
"3031","2026-07-31","41016","CC001","1008","JPY","42023.6","GL posting 3031","ERP"
"3032","2026-07-08","41048","CC004","1086","GBP","13005.33","GL posting 3032","ERP"
"3033","2026-06-29","41033","CC002","1084","USD","25222.29","GL posting 3033","ERP"
"3034","2026-07-10","41028","CC003","1157","JPY","13213.82","GL posting 3034","ERP"
"3035","2026-01-23","41026","CC015","1016","USD","31741.37","GL posting 3035","ERP"
"3036","2026-02-24","41026","CC006","1151","EUR","37177.98","GL posting 3036","ERP"
"3037","2026-04-08","41049","CC004","1106","CHF","33787.12","GL posting 3037","ERP"
"3038","2026-06-05","41034","CC011","1013","JPY","29283.17","GL posting 3038","ERP"
"3039","2026-02-15","41026","CC007","1100","GBP","22044.19","GL posting 3039","ERP"
"3040","2026-05-13","41015","CC011","1169","GBP","35911.84","GL posting 3040","ERP"
"3041","2026-05-11","41019","CC013","1030","GBP","29357.08","GL posting 3041","ERP"
"3042","2026-03-19","41004","CC001","1062","USD","23826.35","GL posting 3042","ERP"
"3043","2026-04-20","41038","CC007","1165","EUR","16782.28","GL posting 3043","ERP"
"3044","2026-07-20","41022","CC009","1087","CHF","33198.38","GL posting 3044","ERP"
"3045","2026-03-08","41045","CC018","1075","GBP","31279.17","GL posting 3045","ERP"
"3046","2026-04-26","41039","CC010","1127","USD","24353.81","GL posting 3046","ERP"
"3047","2026-05-01","41006","CC013","1012","JPY","-1133.36","GL posting 3047","ERP"
"3048","2026-06-27","41046","CC008","1068","JPY","22989.11","GL posting 3048","ERP"
"3049","2026-05-01","41017","CC011","1152","USD","14109.48","GL posting 3049","ERP"
"3050","2026-04-13","41038","CC018","1135","JPY","39305.35","GL posting 3050","ERP"
"3051","2026-03-01","41018","CC017","1035","JPY","34250.59","GL posting 3051","ERP"
"3052","2026-02-21","41018","CC016","1187","USD","15846.84","GL posting 3052","ERP"
"3053","2026-03-10","41006","CC010","1063","USD","46330.01","GL posting 3053","ERP"
"3054","2026-07-26","41041","CC018","1079","JPY","20304.08","GL posting 3054","ERP"
"3055","2026-07-28","41032","CC010","1198","GBP","13502.28","GL posting 3055","ERP"
"3056","2026-04-08","41006","CC009","1174","CHF","16703.98","GL posting 3056","ERP"
"3057","2026-04-13","41047","CC018","1061","USD","47089.18","GL posting 3057","ERP"
"3058","2026-07-27","41017","CC020","1101","GBP","37889.61","GL posting 3058","ERP"
"3059","2026-04-15","41022","CC007","1112","USD","36635.36","GL posting 3059","ERP"
"3060","2026-02-04","41004","CC019","1139","GBP","38262.26","GL posting 3060","ERP"
"3061","2026-03-19","41045","CC011","1120","GBP","2132.94","GL posting 3061","ERP"
"3062","2026-05-21","41034","CC018","1017","JPY","18547.86","GL posting 3062","ERP"
"3063","2026-06-17","41033","CC017","1094","EUR","25150.04","GL posting 3063","ERP"
"3064","2026-06-26","41003","CC007","1173","EUR","-2427.3","GL posting 3064","ERP"
"3065","2026-02-12","41041","CC004","1183","JPY","43865.06","GL posting 3065","ERP"
"3066","2026-01-27","41045","CC001","1082","EUR","1674.29","GL posting 3066","ERP"
"3067","2026-01-05","41019","CC017","1075","EUR","36754.98","GL posting 3067","ERP"
"3068","2026-01-06","41022","CC006","1082","USD","27714.96","GL posting 3068","ERP"
"3069","2026-07-29","41049","CC006","1114","GBP","9652.18","GL posting 3069","ERP"
"3070","2026-04-26","41034","CC015","1151","USD","24806.38","GL posting 3070","ERP"
"3071","2026-07-01","41029","CC018","1122","JPY","4531.54","GL posting 3071","ERP"
"3072","2026-02-14","41029","CC008","1048","EUR","45196.73","GL posting 3072","ERP"
"3073","2026-01-21","41038","CC008","1192","CHF","33623.89","GL posting 3073","ERP"
"3074","2026-02-21","41013","CC018","1112","USD","14527.24","GL posting 3074","ERP"
"3075","2026-07-23","41004","CC015","1118","EUR","23366.95","GL posting 3075","ERP"
"3076","2026-03-23","41017","CC011","1091","EUR","33022.91","GL posting 3076","ERP"
"3077","2026-05-08","41001","CC011","1124","USD","49156.48","GL posting 3077","ERP"
"3078","2026-01-08","41026","CC020","1198","GBP","16976.72","GL posting 3078","ERP"
"3079","2026-06-07","41043","CC020","1067","EUR","5876.68","GL posting 3079","ERP"
"3080","2026-01-19","41034","CC004","1185","CHF","24216.98","GL posting 3080","ERP"
"3081","2026-06-01","41043","CC020","1007","CHF","-1600.54","GL posting 3081","ERP"
"3082","2026-03-05","41015","CC009","1106","EUR","-4014.5","GL posting 3082","ERP"
"3083","2026-07-31","41017","CC018","1002","EUR","14934.69","GL posting 3083","ERP"
"3084","2026-07-03","41048","CC018","1084","GBP","48080.92","GL posting 3084","ERP"
"3085","2026-04-08","41046","CC013","1087","JPY","800.05","GL posting 3085","ERP"
"3086","2026-04-12","41048","CC013","1111","GBP","43092.45","GL posting 3086","ERP"
"3087","2026-04-03","41040","CC001","1110","USD","36288.82","GL posting 3087","ERP"
"3088","2026-06-08","41001","CC014","1116","GBP","-271.87","GL posting 3088","ERP"
"3089","2026-06-25","41015","CC012","1105","CHF","25459.9","GL posting 3089","ERP"
"3090","2026-05-18","41049","CC019","1129","JPY","4044.08","GL posting 3090","ERP"
"3091","2026-01-05","41007","CC020","1042","GBP","34493.03","GL posting 3091","ERP"
"3092","2026-01-13","41026","CC017","1194","JPY","39252.32","GL posting 3092","ERP"
"3093","2026-06-05","41003","CC015","1003","GBP","23571.02","GL posting 3093","ERP"
"3094","2026-04-13","41043","CC019","1183","EUR","35153.49","GL posting 3094","ERP"
"3095","2026-02-28","41047","CC011","1012","JPY","3758.17","GL posting 3095","ERP"
"3096","2026-02-26","41037","CC012","1169","CHF","45538.23","GL posting 3096","ERP"
"3097","2026-01-22","41021","CC010","1037","CHF","21118.64","GL posting 3097","ERP"
"3098","2026-01-24","41013","CC010","1191","CHF","33497.94","GL posting 3098","ERP"
"3099","2026-04-08","41032","CC015","1167","CHF","16726.53","GL posting 3099","ERP"
"3100","2026-02-15","41040","CC013","1047","JPY","19797.34","GL posting 3100","ERP"
"3101","2026-07-07","41022","CC020","1170","JPY","4508.07","GL posting 3101","ERP"
"3102","2026-06-23","41040","CC015","1059","GBP","18973.13","GL posting 3102","ERP"
"3103","2026-05-20","41009","CC015","1139","JPY","10342","GL posting 3103","ERP"
"3104","2026-07-02","41001","CC015","1050","EUR","-2655.76","GL posting 3104","ERP"
"3105","2026-04-03","41015","CC019","1013","GBP","9642.38","GL posting 3105","ERP"
"3106","2026-03-17","41015","CC009","1106","GBP","13219.82","GL posting 3106","ERP"
"3107","2026-07-02","41018","CC004","1174","USD","5679.54","GL posting 3107","ERP"
"3108","2026-05-17","41045","CC009","1111","GBP","2084.26","GL posting 3108","ERP"
"3109","2026-06-28","41023","CC006","1031","USD","24792.96","GL posting 3109","ERP"
"3110","2026-07-26","41019","CC018","1098","GBP","42340.32","GL posting 3110","ERP"
"3111","2026-03-21","41026","CC005","1052","USD","49699.61","GL posting 3111","ERP"
"3112","2026-05-30","41040","CC018","1168","GBP","41874.14","GL posting 3112","ERP"
"3113","2026-01-15","41043","CC001","1021","USD","2332.56","GL posting 3113","ERP"
"3114","2026-01-24","41016","CC012","1175","JPY","19615.74","GL posting 3114","ERP"
"3115","2026-02-13","41021","CC016","1145","JPY","33653.49","GL posting 3115","ERP"
"3116","2026-03-07","41020","CC016","1172","GBP","18817.61","GL posting 3116","ERP"
"3117","2026-04-08","41037","CC004","1052","EUR","45718.1","GL posting 3117","ERP"
"3118","2026-03-31","41037","CC015","1094","CHF","6403.02","GL posting 3118","ERP"
"3119","2026-01-06","41008","CC019","1153","CHF","14790.66","GL posting 3119","ERP"
"3120","2026-03-31","41029","CC012","1187","USD","31300.19","GL posting 3120","ERP"
"3121","2026-06-26","41032","CC006","1041","USD","47997.74","GL posting 3121","ERP"
"3122","2026-01-12","41028","CC009","1187","GBP","15137.78","GL posting 3122","ERP"
"3123","2026-02-21","41021","CC005","1051","JPY","43264.8","GL posting 3123","ERP"
"3124","2026-05-17","41026","CC001","1071","USD","15791.91","GL posting 3124","ERP"
"3125","2026-06-29","41037","CC019","1067","USD","26174.11","GL posting 3125","ERP"
"3126","2026-03-26","41026","CC018","1036","GBP","33717.9","GL posting 3126","ERP"
"3127","2026-07-29","41034","CC020","1140","JPY","35027.77","GL posting 3127","ERP"
"3128","2026-01-01","41044","CC006","1194","JPY","9550.98","GL posting 3128","ERP"
"3129","2026-06-09","41043","CC009","1124","USD","42840.27","GL posting 3129","ERP"
"3130","2026-02-15","41026","CC020","1186","JPY","-4406.52","GL posting 3130","ERP"
"3131","2026-04-29","41015","CC007","1143","JPY","38071.42","GL posting 3131","ERP"
"3132","2026-01-09","41033","CC004","1120","USD","10631.7","GL posting 3132","ERP"
"3133","2026-04-06","41000","CC019","1059","CHF","47250.29","GL posting 3133","ERP"
"3134","2026-07-27","41047","CC016","1157","EUR","26187.22","GL posting 3134","ERP"
"3135","2026-02-01","41025","CC002","","JPY","-2327","GL posting 3135","ERP"
"3136","2026-07-14","41006","CC018","1193","GBP","44150.85","GL posting 3136","ERP"
"3137","2026-01-23","41000","CC006","1020","USD","29036.71","GL posting 3137","ERP"
"3138","2026-03-17","41038","CC013","1138","GBP","22770.87","GL posting 3138","ERP"
"3139","2026-01-20","41006","CC003","1054","GBP","-3125.8","GL posting 3139","ERP"
"3140","2026-03-17","41002","CC018","1088","EUR","47737.71","GL posting 3140","ERP"
"3141","2026-07-07","41006","CC020","1064","GBP","26411.21","GL posting 3141","ERP"
"3142","2026-02-05","41027","CC013","1120","JPY","6143.38","GL posting 3142","ERP"
"3143","2026-04-05","41042","CC001","1065","CHF","-1850.5","GL posting 3143","ERP"
"3144","2026-02-03","41015","CC007","1023","USD","30077.1","GL posting 3144","ERP"
"3145","2026-04-07","41002","CC008","1194","GBP","21986.13","GL posting 3145","ERP"
"3146","2026-01-20","41047","CC006","1197","CHF","6210.86","GL posting 3146","ERP"
"3147","2026-02-26","41040","CC018","1198","CHF","48996.16","GL posting 3147","ERP"
"3148","2026-01-11","41017","CC009","1065","CHF","9200.17","GL posting 3148","ERP"
"3149","2026-02-16","41005","CC018","1089","EUR","3275.41","GL posting 3149","ERP"
"3150","2026-04-29","41040","CC001","1167","CHF","14770.75","GL posting 3150","ERP"
"3151","2026-02-16","41017","CC014","1065","USD","29809.54","GL posting 3151","ERP"
"3152","2026-06-06","41006","CC019","1056","GBP","9007.76","GL posting 3152","ERP"
"3153","2026-06-24","41006","CC016","1108","JPY","-4216.45","GL posting 3153","ERP"
"3154","2026-05-14","41025","CC016","1150","JPY","20131.52","GL posting 3154","ERP"
"3155","2026-05-01","41040","CC005","1009","GBP","47158.23","GL posting 3155","ERP"
"3156","2026-04-12","41030","CC002","1043","USD","6367.48","GL posting 3156","ERP"
"3157","2026-02-04","41000","CC011","1173","CHF","34115.03","GL posting 3157","ERP"
"3158","2026-03-16","41012","CC014","1046","USD","47699.18","GL posting 3158","ERP"
"3159","2026-02-17","41049","CC020","1127","USD","36654.39","GL posting 3159","ERP"
"3160","2026-01-25","41027","CC006","1171","JPY","49180.64","GL posting 3160","ERP"
"3161","2026-06-20","41002","CC018","1010","GBP","49317.66","GL posting 3161","ERP"
"3162","2026-06-26","41013","CC018","1032","EUR","24647.06","GL posting 3162","ERP"
"3163","2026-04-23","41016","CC013","1027","GBP","44035.6","GL posting 3163","ERP"
"3164","2026-03-22","41025","CC003","1181","JPY","35171.05","GL posting 3164","ERP"
"3165","2026-05-21","41033","CC017","1157","JPY","6868.84","GL posting 3165","ERP"
"3166","2026-03-20","41021","CC001","1039","JPY","25324.21","GL posting 3166","ERP"
"3167","2026-05-08","41018","CC011","1072","EUR","36051.35","GL posting 3167","ERP"
"3168","2026-07-24","41007","CC016","1170","EUR","47015.62","GL posting 3168","ERP"
"3169","2026-04-12","41032","CC010","1195","EUR","44980.69","GL posting 3169","ERP"
"3170","2026-01-12","41004","CC011","1105","EUR","28376.94","GL posting 3170","ERP"
"3171","2026-06-02","41018","CC004","1049","CHF","43492.72","GL posting 3171","ERP"
"3172","2026-03-15","41044","CC005","1077","EUR","49107.7","GL posting 3172","ERP"
"3173","2026-05-18","41005","CC018","1109","GBP","24390.43","GL posting 3173","ERP"
"3174","2026-02-09","41045","CC016","1186","GBP","41099.09","GL posting 3174","ERP"
"3175","2026-07-31","41044","CC005","1085","GBP","7975.03","GL posting 3175","ERP"
"3176","2026-07-17","41024","CC004","1038","JPY","24427.49","GL posting 3176","ERP"
"3177","2026-01-20","41049","CC012","1133","EUR","36032.8","GL posting 3177","ERP"
"3178","2026-02-04","41017","CC004","1147","CHF","19461.25","GL posting 3178","ERP"
"3179","2026-06-14","41049","CC011","1098","GBP","10147.75","GL posting 3179","ERP"
"3180","2026-05-08","41017","CC020","1049","GBP","9043.68","GL posting 3180","ERP"
"3181","2026-04-06","41002","CC007","1106","GBP","24258.62","GL posting 3181","ERP"
"3182","2026-01-08","41040","CC001","1030","EUR","36697.29","GL posting 3182","ERP"
"3183","2026-05-20","41045","CC018","1063","GBP","30417.96","GL posting 3183","ERP"
"3184","2026-01-25","41016","CC003","1107","GBP","10973.19","GL posting 3184","ERP"
"3185","2026-01-07","41033","CC001","1102","USD","28933.43","GL posting 3185","ERP"
"3186","2026-05-10","41039","CC005","1023","CHF","17174.81","GL posting 3186","ERP"
"3187","2026-07-24","41017","CC018","1051","JPY","26979.94","GL posting 3187","ERP"
"3188","2026-03-17","41002","CC001","1039","JPY","7727.11","GL posting 3188","ERP"
"3189","2026-04-07","41020","CC006","1029","USD","33847.83","GL posting 3189","ERP"
"3190","2026-01-23","41023","CC019","1106","CHF","48380.68","GL posting 3190","ERP"
"3191","2026-02-28","41027","CC011","1064","GBP","25271.89","GL posting 3191","ERP"
"3192","2026-02-21","41040","CC016","1182","EUR","9164.85","GL posting 3192","ERP"
"3193","2026-02-28","41025","CC016","1184","JPY","35197.41","GL posting 3193","ERP"
"3194","2026-05-20","41045","CC002","1072","USD","33713.91","GL posting 3194","ERP"
"3195","2026-04-21","41024","CC018","1038","CHF","45782.26","GL posting 3195","ERP"
"3196","2026-04-08","41001","CC006","1141","USD","11660.68","GL posting 3196","ERP"
"3197","2026-03-09","41009","CC001","1035","EUR","20024.66","GL posting 3197","ERP"
"3198","2026-07-21","41041","CC005","1102","JPY","36096.66","GL posting 3198","ERP"
"3199","2026-05-05","41041","CC008","1112","GBP","2738.35","GL posting 3199","ERP"
"3200","2026-02-23","41024","CC018","1033","JPY","31916.26","GL posting 3200","ERP"
"3201","2026-05-04","41031","CC018","1052","USD","43742.48","GL posting 3201","ERP"
"3202","2026-02-16","41005","CC015","1133","GBP","14760.53","GL posting 3202","ERP"
"3203","2026-05-11","41007","CC012","1101","USD","33360.5","GL posting 3203","ERP"
"3204","2026-06-19","41018","CC006","1133","USD","42426.94","GL posting 3204","ERP"
"3205","2026-05-15","41017","CC020","","USD","24108.87","GL posting 3205","ERP"
"3206","2026-04-26","41001","CC019","1086","CHF","43115.62","GL posting 3206","ERP"
"3207","2026-02-24","41009","CC013","1134","JPY","25821.88","GL posting 3207","ERP"
"3208","2026-07-24","41000","CC018","1020","CHF","18766.97","GL posting 3208","ERP"
"3209","2026-05-11","41011","CC018","1138","EUR","6833.18","GL posting 3209","ERP"
"3210","2026-01-14","41035","CC003","1000","JPY","42817.49","GL posting 3210","ERP"
"3211","2026-01-14","41034","CC018","","USD","45062.98","GL posting 3211","ERP"
"3212","2026-06-30","41026","CC010","1013","USD","114.71","GL posting 3212","ERP"
"3213","2026-07-19","41036","CC001","1179","CHF","16531.07","GL posting 3213","ERP"
"3214","2026-03-26","41038","CC001","1098","GBP","19657.62","GL posting 3214","ERP"
"3215","2026-06-30","41047","CC013","1022","EUR","47795.57","GL posting 3215","ERP"
"3216","2026-04-20","41038","CC004","1152","USD","6730.67","GL posting 3216","ERP"
"3217","2026-03-04","41036","CC009","1036","USD","31473.1","GL posting 3217","ERP"
"3218","2026-07-01","41021","CC014","1094","CHF","36506.16","GL posting 3218","ERP"
"3219","2026-03-07","41025","CC001","1117","USD","33017.9","GL posting 3219","ERP"
"3220","2026-07-06","41041","CC020","1190","JPY","45185.13","GL posting 3220","ERP"
"3221","2026-06-18","41018","CC017","1049","GBP","21714.57","GL posting 3221","ERP"
"3222","2026-01-13","41043","CC019","1141","JPY","5189.23","GL posting 3222","ERP"
"3223","2026-01-23","41022","CC018","1171","USD","45951.9","GL posting 3223","ERP"
"3224","2026-05-10","41024","CC012","1169","CHF","29810.94","GL posting 3224","ERP"
"3225","2026-03-10","41009","CC016","1023","JPY","5844.53","GL posting 3225","ERP"
"3226","2026-04-17","41042","CC018","1005","JPY","25115.19","GL posting 3226","ERP"
"3227","2026-07-29","41002","CC003","1184","JPY","28298.34","GL posting 3227","ERP"
"3228","2026-04-14","41009","CC002","1141","JPY","36705.08","GL posting 3228","ERP"
"3229","2026-02-27","41035","CC011","1052","GBP","17962.2","GL posting 3229","ERP"
"3230","2026-04-21","41016","CC007","1035","EUR","2633.72","GL posting 3230","ERP"
"3231","2026-07-19","41049","CC003","1004","GBP","13796.93","GL posting 3231","ERP"
"3232","2026-05-01","41001","CC011","1132","EUR","-1859.05","GL posting 3232","ERP"
"3233","2026-03-19","41023","CC013","1121","CHF","28750.45","GL posting 3233","ERP"
"3234","2026-07-09","41000","CC004","1011","JPY","2265.59","GL posting 3234","ERP"
"3235","2026-03-07","41037","CC007","1094","CHF","23338.33","GL posting 3235","ERP"
"3236","2026-03-04","41023","CC013","1037","JPY","15549.64","GL posting 3236","ERP"
"3237","2026-07-20","41036","CC014","1091","USD","41569.87","GL posting 3237","ERP"
"3238","2026-07-03","41049","CC016","1139","USD","25928.77","GL posting 3238","ERP"
"3239","2026-04-01","41049","CC006","1101","JPY","48784.72","GL posting 3239","ERP"
"3240","2026-04-27","41013","CC016","1026","USD","24213.53","GL posting 3240","ERP"
"3241","2026-06-06","41016","CC011","1056","JPY","14128.19","GL posting 3241","ERP"
"3242","2026-02-02","41037","CC007","1042","CHF","22452.03","GL posting 3242","ERP"
"3243","2026-03-13","41031","CC001","1153","GBP","14369.7","GL posting 3243","ERP"
"3244","2026-07-03","41006","CC003","1074","USD","36836.49","GL posting 3244","ERP"
"3245","2026-02-16","41020","CC016","1013","GBP","5802.99","GL posting 3245","ERP"
"3246","2026-06-20","41039","CC020","1078","EUR","23127.21","GL posting 3246","ERP"
"3247","2026-05-10","41020","CC019","1120","CHF","2530.16","GL posting 3247","ERP"
"3248","2026-06-27","41037","CC007","1029","JPY","28438.81","GL posting 3248","ERP"
"3249","2026-07-25","41006","CC011","1164","JPY","41190.98","GL posting 3249","ERP"
"3250","2026-05-05","41025","CC012","1134","JPY","18168.85","GL posting 3250","ERP"
"3251","2026-05-22","41000","CC010","1094","GBP","37322.96","GL posting 3251","ERP"
"3252","2026-03-10","41007","CC011","1128","USD","39517.6","GL posting 3252","ERP"
"3253","2026-03-13","41006","CC013","1135","EUR","32744.84","GL posting 3253","ERP"
"3254","2026-04-13","41026","CC012","1148","EUR","14078.7","GL posting 3254","ERP"
"3255","2026-07-02","41028","CC003","1024","CHF","46804.41","GL posting 3255","ERP"
"3256","2026-05-01","41036","CC007","1156","JPY","12754.41","GL posting 3256","ERP"
"3257","2026-06-15","41043","CC003","1100","JPY","14869.26","GL posting 3257","ERP"
"3258","2026-04-20","41005","CC003","1003","USD","43211.75","GL posting 3258","ERP"
"3259","2026-05-29","41030","CC017","1171","GBP","33550.64","GL posting 3259","ERP"
"3260","2026-05-22","41015","CC004","1000","GBP","23629.33","GL posting 3260","ERP"
"3261","2026-05-24","41009","CC007","1167","EUR","7476.78","GL posting 3261","ERP"
"3262","2026-03-18","41013","CC006","1196","EUR","33261.85","GL posting 3262","ERP"
"3263","2026-06-12","41032","CC016","1113","JPY","2414.58","GL posting 3263","ERP"
"3264","2026-07-01","41030","CC008","1021","EUR","40083.53","GL posting 3264","ERP"
"3265","2026-04-11","41046","CC004","1194","CHF","24040.75","GL posting 3265","ERP"
"3266","2026-07-18","41005","CC013","1180","GBP","9813.44","GL posting 3266","ERP"
"3267","2026-01-15","41001","CC002","1163","JPY","-2516.75","GL posting 3267","ERP"
"3268","2026-07-13","41026","CC003","1162","GBP","40865.5","GL posting 3268","ERP"
"3269","2026-06-28","41036","CC002","1177","GBP","48640.66","GL posting 3269","ERP"
"3270","2026-04-02","41026","CC004","1150","EUR","37701.02","GL posting 3270","ERP"
"3271","2026-06-10","41015","CC018","1067","GBP","16902.36","GL posting 3271","ERP"
"3272","2026-01-31","41016","CC020","1195","USD","47368.98","GL posting 3272","ERP"
"3273","2026-03-30","41033","CC020","1115","CHF","7526.4","GL posting 3273","ERP"
"3274","2026-07-29","41014","CC008","1196","USD","35084.68","GL posting 3274","ERP"
"3275","2026-03-27","41035","CC003","1134","USD","19401.58","GL posting 3275","ERP"
"3276","2026-03-25","41006","CC012","1155","CHF","7081.96","GL posting 3276","ERP"
"3277","2026-03-13","41047","CC019","1022","USD","518.58","GL posting 3277","ERP"
"3278","2026-06-01","41008","CC020","1107","EUR","30652.37","GL posting 3278","ERP"
"3279","2026-05-30","41026","CC004","1008","USD","33589.11","GL posting 3279","ERP"
"3280","2026-01-04","41037","CC012","1032","USD","32989.89","GL posting 3280","ERP"
"3281","2026-03-23","41013","CC007","1047","EUR","23781.91","GL posting 3281","ERP"
"3282","2026-05-26","41023","CC002","1081","EUR","9504.93","GL posting 3282","ERP"
"3283","2026-04-23","41044","CC009","1130","JPY","34942.64","GL posting 3283","ERP"
"3284","2026-04-23","41011","CC011","1167","USD","45458.75","GL posting 3284","ERP"
"3285","2026-06-19","41022","CC014","1152","EUR","7533.09","GL posting 3285","ERP"
"3286","2026-05-06","41045","CC010","1196","USD","28026.78","GL posting 3286","ERP"
"3287","2026-06-14","41042","CC015","1148","USD","17656.61","GL posting 3287","ERP"
"3288","2026-03-23","41020","CC018","1123","GBP","30698.37","GL posting 3288","ERP"
"3289","2026-03-13","41041","CC017","1060","EUR","44412.63","GL posting 3289","ERP"
"3290","2026-06-03","41040","CC005","","CHF","13305.24","GL posting 3290","ERP"
"3291","2026-03-01","41005","CC020","1079","USD","36950.37","GL posting 3291","ERP"
"3292","2026-02-19","41000","CC012","1143","GBP","9476.9","GL posting 3292","ERP"
"3293","2026-02-13","41028","CC008","1186","USD","17204.37","GL posting 3293","ERP"
"3294","2026-04-09","41018","CC018","1106","CHF","37590.74","GL posting 3294","ERP"
"3295","2026-07-01","41005","CC001","1054","USD","7250.56","GL posting 3295","ERP"
"3296","2026-05-25","41029","CC002","1098","USD","39459.41","GL posting 3296","ERP"
"3297","2026-06-18","41041","CC004","1189","EUR","41488.2","GL posting 3297","ERP"
"3298","2026-05-16","41010","CC005","1138","JPY","29472.07","GL posting 3298","ERP"
"3299","2026-05-12","41018","CC002","1144","JPY","16907.05","GL posting 3299","ERP"
"3300","2026-06-11","41029","CC017","1043","CHF","6507.04","GL posting 3300","ERP"
"3301","2026-03-19","41002","CC010","1068","EUR","-4976.15","GL posting 3301","ERP"
"3302","2026-02-26","41019","CC018","1094","JPY","40433.55","GL posting 3302","ERP"
"3303","2026-05-12","41032","CC007","1002","JPY","38863.99","GL posting 3303","ERP"
"3304","2026-05-16","41049","CC019","1009","USD","10077.76","GL posting 3304","ERP"
"3305","2026-06-28","41012","CC007","1035","GBP","1114.25","GL posting 3305","ERP"
"3306","2026-07-12","41012","CC019","1119","EUR","45561.08","GL posting 3306","ERP"
"3307","2026-03-30","41002","CC015","1094","JPY","31520.52","GL posting 3307","ERP"
"3308","2026-01-13","41009","CC017","1189","USD","26480.01","GL posting 3308","ERP"
"3309","2026-03-18","41037","CC004","1133","JPY","37033.76","GL posting 3309","ERP"
"3310","2026-07-11","41019","CC003","1102","JPY","2087.23","GL posting 3310","ERP"
"3311","2026-04-21","41012","CC016","1030","CHF","20307.73","GL posting 3311","ERP"
"3312","2026-05-16","41038","CC011","1026","JPY","23859.94","GL posting 3312","ERP"
"3313","2026-05-07","41009","CC003","1042","JPY","29095.15","GL posting 3313","ERP"
"3314","2026-05-21","41029","CC001","1188","GBP","41320.57","GL posting 3314","ERP"
"3315","2026-05-07","41018","CC003","1164","GBP","24897.54","GL posting 3315","ERP"
"3316","2026-06-27","41032","CC018","1105","EUR","9875.46","GL posting 3316","ERP"
"3317","2026-02-24","41026","CC012","1196","GBP","39654.5","GL posting 3317","ERP"
"3318","2026-03-14","41045","CC010","1134","EUR","26347.01","GL posting 3318","ERP"
"3319","2026-01-11","41049","CC013","1040","GBP","5245.11","GL posting 3319","ERP"
"3320","2026-02-13","41041","CC002","1059","CHF","-496.17","GL posting 3320","ERP"
"3321","2026-01-26","41011","CC012","1073","GBP","21789.1","GL posting 3321","ERP"
"3322","2026-07-14","41028","CC004","1132","CHF","45817.13","GL posting 3322","ERP"
"3323","2026-03-04","41034","CC019","1124","GBP","36194.74","GL posting 3323","ERP"
"3324","2026-04-02","41023","CC010","1010","EUR","30206.31","GL posting 3324","ERP"
"3325","2026-01-24","41048","CC002","1114","EUR","17153.09","GL posting 3325","ERP"
"3326","2026-07-01","41034","CC008","1168","EUR","49387.06","GL posting 3326","ERP"
"3327","2026-05-13","41017","CC002","1076","EUR","18849.41","GL posting 3327","ERP"
"3328","2026-03-18","41045","CC005","1080","GBP","47495.5","GL posting 3328","ERP"
"3329","2026-01-18","41038","CC011","1085","JPY","40913.72","GL posting 3329","ERP"
"3330","2026-03-25","41046","CC004","1014","JPY","28159.62","GL posting 3330","ERP"
"3331","2026-04-04","41001","CC019","1175","JPY","47791.67","GL posting 3331","ERP"
"3332","2026-01-12","41006","CC010","1047","GBP","14858.52","GL posting 3332","ERP"
"3333","2026-03-15","41027","CC006","1125","EUR","10681.02","GL posting 3333","ERP"
"3334","2026-01-28","41023","CC001","1134","CHF","8466.2","GL posting 3334","ERP"
"3335","2026-06-01","41013","CC020","1017","EUR","43483.13","GL posting 3335","ERP"
"3336","2026-03-24","41007","CC001","1117","JPY","49787.29","GL posting 3336","ERP"
"3337","2026-04-27","41045","CC011","1114","CHF","23933.12","GL posting 3337","ERP"
"3338","2026-03-02","41034","CC003","1049","GBP","21297.9","GL posting 3338","ERP"
"3339","2026-07-23","41029","CC019","1110","GBP","49676.05","GL posting 3339","ERP"
"3340","2026-06-03","41015","CC006","1041","CHF","7977.42","GL posting 3340","ERP"
"3341","2026-03-12","41024","CC011","1165","CHF","24501.3","GL posting 3341","ERP"
"3342","2026-02-27","41025","CC006","1130","EUR","4935.19","GL posting 3342","ERP"
"3343","2026-03-13","41001","CC013","1187","GBP","127.74","GL posting 3343","ERP"
"3344","2026-02-23","41014","CC011","1063","JPY","35897.54","GL posting 3344","ERP"
"3345","2026-03-18","41028","CC005","1178","USD","1090.29","GL posting 3345","ERP"
"3346","2026-07-09","41036","CC019","1121","JPY","-2554.79","GL posting 3346","ERP"
"3347","2026-03-23","41009","CC010","1076","EUR","19818.92","GL posting 3347","ERP"
"3348","2026-06-27","41039","CC008","1186","EUR","17109.73","GL posting 3348","ERP"
"3349","2026-07-25","41009","CC012","1050","USD","370.48","GL posting 3349","ERP"
"3350","2026-04-30","41028","CC009","1088","GBP","4841.9","GL posting 3350","ERP"
"3351","2026-01-12","41003","CC010","1194","CHF","23515.09","GL posting 3351","ERP"
"3352","2026-06-02","41040","CC016","1015","JPY","13636.35","GL posting 3352","ERP"
"3353","2026-06-20","41041","CC009","1195","JPY","-693.59","GL posting 3353","ERP"
"3354","2026-06-29","41015","CC008","1065","GBP","-1153.87","GL posting 3354","ERP"
"3355","2026-04-29","41043","CC004","1000","EUR","26876.75","GL posting 3355","ERP"
"3356","2026-05-16","41011","CC015","1064","USD","14816.9","GL posting 3356","ERP"
"3357","2026-07-12","41017","CC004","1048","EUR","14779.07","GL posting 3357","ERP"
"3358","2026-05-24","41021","CC005","1032","CHF","9477.48","GL posting 3358","ERP"
"3359","2026-03-28","41009","CC009","1078","USD","40797.25","GL posting 3359","ERP"
"3360","2026-04-01","41002","CC014","1179","GBP","47800.68","GL posting 3360","ERP"
"3361","2026-07-08","41049","CC002","1189","GBP","21551.31","GL posting 3361","ERP"
"3362","2026-04-22","41046","CC013","1051","JPY","30585.32","GL posting 3362","ERP"
"3363","2026-04-14","41044","CC017","1179","JPY","577.47","GL posting 3363","ERP"
"3364","2026-05-04","41009","CC015","1075","CHF","26694.51","GL posting 3364","ERP"
"3365","2026-07-13","41037","CC010","1161","USD","23722.05","GL posting 3365","ERP"
"3366","2026-04-06","41038","CC008","1052","EUR","4063.49","GL posting 3366","ERP"
"3367","2026-07-20","41029","CC010","1015","JPY","17530.7","GL posting 3367","ERP"
"3368","2026-05-18","41025","CC014","1038","USD","15173.64","GL posting 3368","ERP"
"3369","2026-06-07","41005","CC020","1107","EUR","1087.67","GL posting 3369","ERP"
"3370","2026-06-15","41033","CC019","1175","EUR","-4827.07","GL posting 3370","ERP"
"3371","2026-06-30","41016","CC018","1039","GBP","34087.51","GL posting 3371","ERP"
"3372","2026-02-16","41006","CC013","1131","CHF","37428.62","GL posting 3372","ERP"
"3373","2026-03-14","41012","CC007","1187","CHF","23710.1","GL posting 3373","ERP"
"3374","2026-07-15","41022","CC009","1115","CHF","307.47","GL posting 3374","ERP"
"3375","2026-05-15","41048","CC014","1132","USD","15793.04","GL posting 3375","ERP"
"3376","2026-07-15","41010","CC013","1038","GBP","35889.22","GL posting 3376","ERP"
"3377","2026-01-04","41020","CC018","1078","USD","6415.62","GL posting 3377","ERP"
"3378","2026-04-03","41037","CC015","1182","CHF","15750.23","GL posting 3378","ERP"
"3379","2026-07-15","41011","CC006","1103","EUR","44163.02","GL posting 3379","ERP"
"3380","2026-01-23","41029","CC014","1172","CHF","26687.47","GL posting 3380","ERP"
"3381","2026-02-24","41010","CC013","1139","CHF","5692.28","GL posting 3381","ERP"
"3382","2026-02-01","41014","CC016","1165","EUR","12733.91","GL posting 3382","ERP"
"3383","2026-05-19","41037","CC010","1063","GBP","15770.67","GL posting 3383","ERP"
"3384","2026-07-21","41013","CC016","1001","EUR","25344.73","GL posting 3384","ERP"
"3385","2026-07-10","41026","CC006","1069","JPY","46565.33","GL posting 3385","ERP"
"3386","2026-06-17","41048","CC015","1079","CHF","28718.12","GL posting 3386","ERP"
"3387","2026-04-04","41013","CC001","1120","JPY","20924.76","GL posting 3387","ERP"
"3388","2026-07-08","41004","CC018","1015","GBP","45539.02","GL posting 3388","ERP"
"3389","2026-06-09","41040","CC009","1039","EUR","-3699.34","GL posting 3389","ERP"
"3390","2026-03-12","41042","CC005","1103","USD","45489.84","GL posting 3390","ERP"
"3391","2026-06-07","41016","CC019","1094","JPY","39886.2","GL posting 3391","ERP"
"3392","2026-06-14","41016","CC011","1077","GBP","-2453.34","GL posting 3392","ERP"
"3393","2026-03-07","41034","CC017","1163","CHF","32766.16","GL posting 3393","ERP"
"3394","2026-06-19","41006","CC015","1179","JPY","32485.15","GL posting 3394","ERP"
"3395","2026-02-22","41002","CC010","1034","JPY","4629.18","GL posting 3395","ERP"
"3396","2026-07-12","41018","CC015","1038","USD","10221.55","GL posting 3396","ERP"
"3397","2026-06-10","41026","CC004","1008","USD","1130.21","GL posting 3397","ERP"
"3398","2026-02-19","41010","CC012","1192","CHF","34674.5","GL posting 3398","ERP"
"3399","2026-01-12","41016","CC012","1194","JPY","21619.34","GL posting 3399","ERP"
"3400","2026-06-07","41028","CC020","1164","JPY","-3413.65","GL posting 3400","ERP"
"3401","2026-01-15","41031","CC009","1071","USD","2266.09","GL posting 3401","ERP"
"3402","2026-07-22","41036","CC020","1021","GBP","11010.68","GL posting 3402","ERP"
"3403","2026-07-23","41012","CC020","1198","JPY","4178.18","GL posting 3403","ERP"
"3404","2026-01-10","41006","CC005","1187","GBP","41517.05","GL posting 3404","ERP"
"3405","2026-06-18","41022","CC018","1060","CHF","4998.8","GL posting 3405","ERP"
"3406","2026-01-05","41013","CC018","1021","USD","34600.36","GL posting 3406","ERP"
"3407","2026-01-06","41040","CC008","1007","CHF","37021.55","GL posting 3407","ERP"
"3408","2026-03-02","41028","CC002","1006","GBP","41028.33","GL posting 3408","ERP"
"3409","2026-03-04","41038","CC004","","GBP","7075.9","GL posting 3409","ERP"
"3410","2026-07-10","41013","CC019","1047","GBP","31112.57","GL posting 3410","ERP"
"3411","2026-06-18","41022","CC006","1166","USD","24612.06","GL posting 3411","ERP"
"3412","2026-03-31","41002","CC017","1031","USD","11410.45","GL posting 3412","ERP"
"3413","2026-07-22","41032","CC015","1153","USD","-4265.16","GL posting 3413","ERP"
"3414","2026-07-26","41037","CC003","1035","USD","27290.77","GL posting 3414","ERP"
"3415","2026-05-24","41026","CC005","1159","EUR","48959.7","GL posting 3415","ERP"
"3416","2026-05-19","41044","CC017","1136","JPY","43872.23","GL posting 3416","ERP"
"3417","2026-05-23","41044","CC018","1006","JPY","24853.96","GL posting 3417","ERP"
"3418","2026-06-12","41034","CC004","1148","EUR","33101.89","GL posting 3418","ERP"
"3419","2026-05-06","41041","CC002","1120","USD","7016","GL posting 3419","ERP"
"3420","2026-06-11","41042","CC011","1143","GBP","38615.48","GL posting 3420","ERP"
"3421","2026-03-10","41029","CC003","1087","USD","44218.47","GL posting 3421","ERP"
"3422","2026-03-06","41025","CC019","1140","USD","47837.3","GL posting 3422","ERP"
"3423","2026-02-07","41029","CC009","1009","CHF","12673.94","GL posting 3423","ERP"
"3424","2026-05-11","41003","CC020","1158","CHF","35964.53","GL posting 3424","ERP"
"3425","2026-06-02","41014","CC006","1143","GBP","1644.38","GL posting 3425","ERP"
"3426","2026-03-30","41006","CC009","1138","USD","42498.3","GL posting 3426","ERP"
"3427","2026-02-20","41010","CC006","1129","GBP","21272.72","GL posting 3427","ERP"
"3428","2026-02-11","41018","CC002","1140","USD","28859.3","GL posting 3428","ERP"
"3429","2026-01-23","41039","CC007","1051","JPY","23527.63","GL posting 3429","ERP"
"3430","2026-05-31","41028","CC008","1140","GBP","3902.42","GL posting 3430","ERP"
"3431","2026-02-26","41024","CC010","1176","USD","16139.3","GL posting 3431","ERP"
"3432","2026-03-24","41032","CC010","1199","EUR","24634.04","GL posting 3432","ERP"
"3433","2026-03-16","41044","CC011","1169","CHF","34239.28","GL posting 3433","ERP"
"3434","2026-01-21","41004","CC020","1048","CHF","12258.03","GL posting 3434","ERP"
"3435","2026-05-18","41034","CC020","1128","CHF","19670.54","GL posting 3435","ERP"
"3436","2026-07-04","41039","CC007","1052","USD","16733.51","GL posting 3436","ERP"
"3437","2026-04-09","41032","CC011","1070","EUR","-619.89","GL posting 3437","ERP"
"3438","2026-01-06","41007","CC018","1083","USD","3213.08","GL posting 3438","ERP"
"3439","2026-03-15","41002","CC004","1089","JPY","14998.2","GL posting 3439","ERP"
"3440","2026-07-11","41006","CC008","1049","JPY","26419.45","GL posting 3440","ERP"
"3441","2026-07-03","41045","CC004","1023","CHF","40445.66","GL posting 3441","ERP"
"3442","2026-02-15","41041","CC005","1033","EUR","4092.32","GL posting 3442","ERP"
"3443","2026-01-15","41047","CC001","1015","CHF","27819.45","GL posting 3443","ERP"
"3444","2026-02-06","41047","CC011","1080","GBP","28800.02","GL posting 3444","ERP"
"3445","2026-03-01","41003","CC012","1015","GBP","44603.32","GL posting 3445","ERP"
"3446","2026-06-21","41001","CC001","1166","GBP","19409.36","GL posting 3446","ERP"
"3447","2026-04-11","41038","CC001","1162","JPY","14767.31","GL posting 3447","ERP"
"3448","2026-04-09","41027","CC020","1175","GBP","43730.56","GL posting 3448","ERP"
"3449","2026-04-17","41016","CC016","1112","USD","41534.88","GL posting 3449","ERP"
"3450","2026-01-18","41027","CC012","1165","CHF","22996.29","GL posting 3450","ERP"
"3451","2026-02-26","41007","CC013","1011","CHF","37475.11","GL posting 3451","ERP"
"3452","2026-03-09","41034","CC008","1071","USD","39006.6","GL posting 3452","ERP"
"3453","2026-07-27","41009","CC007","1111","EUR","30698.55","GL posting 3453","ERP"
"3454","2026-02-28","41026","CC016","1058","JPY","29545.31","GL posting 3454","ERP"
"3455","2026-04-29","41010","CC006","1113","CHF","40637.28","GL posting 3455","ERP"
"3456","2026-04-27","41049","CC011","1048","EUR","-3413.02","GL posting 3456","ERP"
"3457","2026-04-17","41047","CC002","1056","EUR","37869.92","GL posting 3457","ERP"
"3458","2026-06-11","41048","CC002","1155","USD","17310.26","GL posting 3458","ERP"
"3459","2026-06-09","41026","CC020","1157","JPY","29688.49","GL posting 3459","ERP"
"3460","2026-05-20","41013","CC015","1069","GBP","10671.39","GL posting 3460","ERP"
"3461","2026-05-07","41000","CC002","1122","USD","13653.07","GL posting 3461","ERP"
"3462","2026-01-11","41044","CC010","1192","JPY","41807.37","GL posting 3462","ERP"
"3463","2026-01-19","41043","CC011","1116","JPY","13345.79","GL posting 3463","ERP"
"3464","2026-06-29","41039","CC003","1193","CHF","32900.54","GL posting 3464","ERP"
"3465","2026-06-26","41036","CC004","1012","CHF","30744.89","GL posting 3465","ERP"
"3466","2026-01-07","41007","CC006","1138","GBP","27259.85","GL posting 3466","ERP"
"3467","2026-07-17","41020","CC011","1026","USD","45140.78","GL posting 3467","ERP"
"3468","2026-02-20","41018","CC003","1098","EUR","49934.03","GL posting 3468","ERP"
"3469","2026-06-27","41041","CC015","1165","GBP","21896.94","GL posting 3469","ERP"
"3470","2026-06-30","41046","CC019","1178","EUR","2109.8","GL posting 3470","ERP"
"3471","2026-01-28","41009","CC003","1162","USD","13079.89","GL posting 3471","ERP"
"3472","2026-03-14","41009","CC009","1114","GBP","30709.96","GL posting 3472","ERP"
"3473","2026-02-25","41040","CC006","1159","CHF","27913.42","GL posting 3473","ERP"
"3474","2026-02-18","41019","CC013","1103","JPY","10097.97","GL posting 3474","ERP"
"3475","2026-01-04","41038","CC014","1130","USD","28497.01","GL posting 3475","ERP"
"3476","2026-06-11","41004","CC011","1173","USD","10422.4","GL posting 3476","ERP"
"3477","2026-03-28","41016","CC011","1075","USD","30766.15","GL posting 3477","ERP"
"3478","2026-06-29","41042","CC007","1099","USD","14145.45","GL posting 3478","ERP"
"3479","2026-04-14","41041","CC016","1131","CHF","36517.83","GL posting 3479","ERP"
"3480","2026-03-18","41000","CC015","1015","EUR","47040.87","GL posting 3480","ERP"
"3481","2026-01-25","41049","CC005","1136","USD","41251.07","GL posting 3481","ERP"
"3482","2026-02-16","41017","CC001","1188","GBP","4776.82","GL posting 3482","ERP"
"3483","2026-05-30","41039","CC018","1090","CHF","13832.77","GL posting 3483","ERP"
"3484","2026-01-08","41029","CC003","1076","JPY","35688.36","GL posting 3484","ERP"
"3485","2026-06-18","41024","CC011","1064","GBP","42780.32","GL posting 3485","ERP"
"3486","2026-04-29","41029","CC018","1188","GBP","10698.11","GL posting 3486","ERP"
"3487","2026-05-19","41020","CC020","1034","JPY","26225.46","GL posting 3487","ERP"
"3488","2026-06-29","41024","CC018","1090","GBP","45307.77","GL posting 3488","ERP"
"3489","2026-02-18","41007","CC014","1089","GBP","13656.49","GL posting 3489","ERP"
"3490","2026-01-17","41029","CC017","1096","USD","8588.69","GL posting 3490","ERP"
"3491","2026-05-14","41028","CC014","1005","USD","5408.88","GL posting 3491","ERP"
"3492","2026-02-28","41031","CC002","1138","CHF","1276.94","GL posting 3492","ERP"
"3493","2026-04-18","41025","CC019","1139","EUR","28472.19","GL posting 3493","ERP"
"3494","2026-02-22","41036","CC008","1104","GBP","7248.8","GL posting 3494","ERP"
"3495","2026-03-29","41035","CC017","1099","CHF","43295.12","GL posting 3495","ERP"
"3496","2026-03-20","41027","CC005","1101","USD","26229.19","GL posting 3496","ERP"
"3497","2026-03-23","41010","CC011","1126","USD","39389.9","GL posting 3497","ERP"
"3498","2026-02-23","41022","CC009","1166","ZZZ","2639.38","GL posting 3498","ERP"
"3499","2026-01-12","41010","CC006","1037","USD","-753.56","GL posting 3499","ERP"
"3500","2026-01-19","41018","CC003","1171","EUR","1028.9","GL posting 3500","ERP"
"3501","2026-01-08","41028","CC003","1130","USD","37965.64","GL posting 3501","ERP"
"3502","2026-05-31","41033","CC006","1131","JPY","41642.63","GL posting 3502","ERP"
"3503","2026-03-03","41006","CC012","1169","CHF","-174.24","GL posting 3503","ERP"
"3504","2026-07-07","41020","CC015","1028","GBP","31907.3","GL posting 3504","ERP"
"3505","2026-05-01","41032","CC003","1133","EUR","26086.51","GL posting 3505","ERP"
"3506","2026-03-17","41021","CC003","1146","GBP","11659.24","GL posting 3506","ERP"
"3507","2026-01-20","41002","CC008","1157","EUR","41380.35","GL posting 3507","ERP"
"3508","2026-02-15","41022","CC016","1031","GBP","5881.99","GL posting 3508","ERP"
"3509","2026-06-24","41034","CC006","1054","GBP","14586.31","GL posting 3509","ERP"
"3510","2026-06-04","41013","CC016","1060","GBP","32792.08","GL posting 3510","ERP"
"3511","2026-02-24","41044","CC012","1154","JPY","17197.58","GL posting 3511","ERP"
"3512","2026-01-15","41047","CC011","1072","CHF","41126.29","GL posting 3512","ERP"
"3513","2026-07-31","41039","CC020","1147","CHF","4532.49","GL posting 3513","ERP"
"3514","2026-01-30","41033","CC009","1156","USD","24705.93","GL posting 3514","ERP"
"3515","2026-02-18","41018","CC001","1169","CHF","30038.98","GL posting 3515","ERP"
"3516","2026-02-19","41021","CC005","1024","JPY","1755.14","GL posting 3516","ERP"
"3517","2026-07-28","41030","CC016","1029","GBP","27833.5","GL posting 3517","ERP"
"3518","2026-01-31","41001","CC005","1184","JPY","17373.5","GL posting 3518","ERP"
"3519","2026-04-06","41043","CC010","1065","USD","8180.29","GL posting 3519","ERP"
"3520","2026-03-31","41041","CC011","1096","GBP","46054.4","GL posting 3520","ERP"
"3521","2026-06-24","41041","CC018","1157","JPY","47294.26","GL posting 3521","ERP"
"3522","2026-02-06","41030","CC020","1067","GBP","38566.7","GL posting 3522","ERP"
"3523","2026-04-25","41049","CC014","1118","CHF","28736.19","GL posting 3523","ERP"
"3524","2026-01-12","41041","CC010","1033","JPY","39849.85","GL posting 3524","ERP"
"3525","2026-04-23","41013","CC011","1158","CHF","24834.76","GL posting 3525","ERP"
"3526","2026-07-01","41035","CC007","1089","JPY","42584.39","GL posting 3526","ERP"
"3527","2026-07-28","41046","CC005","1104","GBP","16009.4","GL posting 3527","ERP"
"3528","2026-03-17","41001","CC006","1126","CHF","19622.35","GL posting 3528","ERP"
"3529","2026-06-22","41021","CC002","1046","GBP","36818","GL posting 3529","ERP"
"3530","2026-06-23","41041","CC007","1118","EUR","48975.91","GL posting 3530","ERP"
"3531","2026-06-11","41005","CC017","1198","GBP","-190.5","GL posting 3531","ERP"
"3532","2026-01-02","41002","CC002","1195","GBP","5687.81","GL posting 3532","ERP"
"3533","2026-06-21","41027","CC015","1147","USD","29303.57","GL posting 3533","ERP"
"3534","2026-01-18","41013","CC017","1153","CHF","26470.76","GL posting 3534","ERP"
"3535","2026-03-29","41009","CC010","1016","GBP","16965.77","GL posting 3535","ERP"
"3536","2026-06-19","41043","CC012","1198","EUR","30909.06","GL posting 3536","ERP"
"3537","2026-01-13","41034","CC004","1098","USD","42888.87","GL posting 3537","ERP"
"3538","2026-02-26","41011","CC018","1105","USD","9761.19","GL posting 3538","ERP"
"3539","2026-05-23","41034","CC007","1183","USD","35213.7","GL posting 3539","ERP"
"3540","2026-07-22","41002","CC020","1017","EUR","43480.2","GL posting 3540","ERP"
"3541","2026-04-29","41046","CC001","1008","CHF","47815.81","GL posting 3541","ERP"
"3542","2026-01-03","41010","CC015","1068","GBP","25260.51","GL posting 3542","ERP"
"3543","2026-05-28","41042","CC017","1040","GBP","8592.08","GL posting 3543","ERP"
"3544","2026-04-15","41014","CC012","1128","CHF","9933.77","GL posting 3544","ERP"
"3545","2026-07-28","41046","CC007","1040","CHF","45188.23","GL posting 3545","ERP"
"3546","2026-04-25","41038","CC002","1084","EUR","39854.17","GL posting 3546","ERP"
"3547","2026-06-09","41035","CC007","1055","GBP","9770.95","GL posting 3547","ERP"
"3548","2026-04-26","41037","CC017","1013","EUR","46802.64","GL posting 3548","ERP"
"3549","2026-06-29","41040","CC005","1163","USD","43072.11","GL posting 3549","ERP"
"3550","2026-02-16","41049","CC002","1023","USD","42861.61","GL posting 3550","ERP"
"3551","2026-04-06","41015","CC009","1008","EUR","22399.69","GL posting 3551","ERP"
"3552","2026-06-13","41020","CC018","1039","JPY","15452.14","GL posting 3552","ERP"
"3553","2026-01-26","41010","CC009","1157","CHF","27561.08","GL posting 3553","ERP"
"3554","2026-07-30","41023","CC017","1053","JPY","42772.94","GL posting 3554","ERP"
"3555","2026-04-27","41017","CC008","1109","EUR","18547.48","GL posting 3555","ERP"
"3556","2026-04-02","41042","CC007","1199","EUR","25729.97","GL posting 3556","ERP"
"3557","2026-04-10","41025","CC019","1187","GBP","17092.5","GL posting 3557","ERP"
"3558","2026-03-19","41029","CC004","1068","JPY","35075.93","GL posting 3558","ERP"
"3559","2026-01-02","41022","CC005","1064","EUR","31434","GL posting 3559","ERP"
"3560","2026-01-26","41043","CC017","1126","EUR","31725.99","GL posting 3560","ERP"
"3561","2026-05-04","41022","CC002","","USD","-1911.55","GL posting 3561","ERP"
"3562","2026-05-14","41031","CC013","1001","GBP","28576.38","GL posting 3562","ERP"
"3563","2026-07-29","41034","CC019","1185","USD","28174.78","GL posting 3563","ERP"
"3564","2026-03-29","41012","CC005","1114","JPY","46306.74","GL posting 3564","ERP"
"3565","2026-06-03","41007","CC015","1164","GBP","14796.96","GL posting 3565","ERP"
"3566","2026-05-29","41030","CC020","1005","JPY","47046.05","GL posting 3566","ERP"
"3567","2026-06-09","41011","CC019","1167","CHF","14752.68","GL posting 3567","ERP"
"3568","2026-04-17","41006","CC012","1141","GBP","12285.91","GL posting 3568","ERP"
"3569","2026-03-01","41013","CC004","1187","CHF","41037.95","GL posting 3569","ERP"
"3570","2026-02-13","41048","CC018","1021","GBP","2259.67","GL posting 3570","ERP"
"3571","2026-06-28","41043","CC002","1017","USD","8061.83","GL posting 3571","ERP"
"3572","2026-06-18","41021","CC010","1177","CHF","18964.07","GL posting 3572","ERP"
"3573","2026-01-25","41007","CC011","1125","USD","37483.98","GL posting 3573","ERP"
"3574","2026-03-23","41040","CC010","1132","CHF","29201.46","GL posting 3574","ERP"
"3575","2026-01-26","41017","CC002","1022","EUR","16244.46","GL posting 3575","ERP"
"3576","2026-07-29","41037","CC007","1198","CHF","30005.39","GL posting 3576","ERP"
"3577","2026-07-04","41004","CC020","1121","JPY","31080.92","GL posting 3577","ERP"
"3578","2026-04-22","41022","CC010","1022","EUR","24308.65","GL posting 3578","ERP"
"3579","2026-03-22","41005","CC010","1007","GBP","24531.67","GL posting 3579","ERP"
"3580","2026-02-06","41045","CC014","1182","EUR","22008.03","GL posting 3580","ERP"
"3581","2026-07-19","41042","CC005","1044","CHF","3936.56","GL posting 3581","ERP"
"3582","2026-01-21","41027","CC010","1065","USD","36929.18","GL posting 3582","ERP"
"3583","2026-06-07","41038","CC005","1085","GBP","40594.12","GL posting 3583","ERP"
"3584","2026-02-10","41024","CC019","1109","JPY","35884.84","GL posting 3584","ERP"
"3585","2026-04-08","41016","CC002","1134","JPY","38368.37","GL posting 3585","ERP"
"3586","2026-03-03","41036","CC017","1062","CHF","19609.08","GL posting 3586","ERP"
"3587","2026-03-31","41041","CC010","1182","JPY","6929.02","GL posting 3587","ERP"
"3588","2026-05-17","41025","CC003","1044","EUR","48662.58","GL posting 3588","ERP"
"3589","2026-01-04","41033","CC020","1162","CHF","-1559.73","GL posting 3589","ERP"
"3590","2026-04-22","41038","CC006","1161","CHF","-2163.98","GL posting 3590","ERP"
"3591","2026-01-26","41036","CC005","1198","GBP","33938.06","GL posting 3591","ERP"
"3592","2026-07-08","41005","CC014","1172","EUR","-3809.43","GL posting 3592","ERP"
"3593","2026-05-22","41037","CC018","1083","EUR","2664.87","GL posting 3593","ERP"
"3594","2026-07-15","41021","CC014","1000","EUR","8223.24","GL posting 3594","ERP"
"3595","2026-04-01","41021","CC014","1150","GBP","14345.78","GL posting 3595","ERP"
"3596","2026-03-25","41047","CC019","1054","CHF","33414.09","GL posting 3596","ERP"
"3597","2026-03-09","41005","CC007","1149","EUR","-824.02","GL posting 3597","ERP"
"3598","2026-03-19","41000","CC019","1083","EUR","25779.37","GL posting 3598","ERP"
"3599","2026-03-05","41015","CC020","1026","JPY","18951.45","GL posting 3599","ERP"
"3600","2026-02-20","41009","CC013","1026","JPY","19840.48","GL posting 3600","ERP"
"3601","2026-07-17","41030","CC009","1115","JPY","18186.28","GL posting 3601","ERP"
"3602","2026-02-19","41006","CC019","1014","GBP","14569.03","GL posting 3602","ERP"
"3603","2026-01-23","41023","CC009","1181","USD","42716.36","GL posting 3603","ERP"
"3604","2026-07-06","41043","CC004","1041","EUR","2063.3","GL posting 3604","ERP"
"3605","2026-03-01","41025","CC005","1044","EUR","36160","GL posting 3605","ERP"
"3606","2026-03-19","41031","CC018","1001","GBP","44404.87","GL posting 3606","ERP"
"3607","2026-01-25","41036","CC010","1130","USD","42663.56","GL posting 3607","ERP"
"3608","2026-03-07","41014","CC004","1036","GBP","26106.89","GL posting 3608","ERP"
"3609","2026-02-16","41007","CC013","1055","USD","28985.67","GL posting 3609","ERP"
"3610","2026-02-07","41027","CC017","1156","GBP","13974.07","GL posting 3610","ERP"
"3611","2026-05-29","41015","CC003","1179","EUR","24799.9","GL posting 3611","ERP"
"3612","2026-05-09","41031","CC014","1146","GBP","36977.37","GL posting 3612","ERP"
"3613","2026-06-06","41013","CC009","1161","EUR","30166","GL posting 3613","ERP"
"3614","2026-07-25","41006","CC001","1026","JPY","-2491.91","GL posting 3614","ERP"
"3615","2026-04-07","41032","CC012","1128","JPY","30496.03","GL posting 3615","ERP"
"3616","2026-05-04","41042","CC004","1186","JPY","22238.36","GL posting 3616","ERP"
"3617","2026-07-04","41010","CC004","1108","USD","3379.52","GL posting 3617","ERP"
"3618","2026-05-11","41002","CC016","1039","USD","12035.53","GL posting 3618","ERP"
"3619","2026-04-25","41002","CC007","1006","JPY","27378.06","GL posting 3619","ERP"
"3620","2026-06-21","41046","CC011","1184","EUR","26503.27","GL posting 3620","ERP"
"3621","2026-03-14","41042","CC016","1174","USD","-4780.3","GL posting 3621","ERP"
"3622","2026-06-25","41013","CC007","1096","CHF","36162.62","GL posting 3622","ERP"
"3623","2026-06-13","41029","CC020","1113","EUR","30926.52","GL posting 3623","ERP"
"3624","2026-02-08","41028","CC008","1064","JPY","1817.07","GL posting 3624","ERP"
"3625","2026-03-23","41037","CC014","1061","GBP","20255.56","GL posting 3625","ERP"
"3626","2026-05-17","41029","CC002","1173","GBP","30450.73","GL posting 3626","ERP"
"3627","2026-02-02","41044","CC002","1037","EUR","15580.65","GL posting 3627","ERP"
"3628","2026-02-02","41032","CC006","1128","GBP","21462.24","GL posting 3628","ERP"
"3629","2026-02-06","41042","CC004","1058","EUR","42646.92","GL posting 3629","ERP"
"3630","2026-07-02","41017","CC014","1133","JPY","3898.3","GL posting 3630","ERP"
"3631","2026-03-30","41000","CC004","1006","JPY","35055.54","GL posting 3631","ERP"
"3632","2026-03-20","41010","CC015","1053","CHF","-3148.07","GL posting 3632","ERP"
"3633","2026-01-02","41010","CC001","1105","USD","24518.98","GL posting 3633","ERP"
"3634","2026-03-28","41046","CC016","1119","USD","7579.28","GL posting 3634","ERP"
"3635","2026-07-23","41028","CC018","1162","JPY","29715.37","GL posting 3635","ERP"
"3636","2026-04-26","41007","CC006","1100","CHF","34263.41","GL posting 3636","ERP"
"3637","2026-02-16","41007","CC001","1109","USD","18407.28","GL posting 3637","ERP"
"3638","2026-03-24","41046","CC018","1112","EUR","45384.8","GL posting 3638","ERP"
"3639","2026-04-17","41003","CC012","1189","JPY","-3810.22","GL posting 3639","ERP"
"3640","2026-02-17","41014","CC001","1151","EUR","32475.97","GL posting 3640","ERP"
"3641","2026-01-18","41017","CC012","1027","USD","19008.54","GL posting 3641","ERP"
"3642","2026-01-25","41047","CC003","1106","USD","42629.86","GL posting 3642","ERP"
"3643","2026-06-15","41013","CC001","1005","EUR","-2283.95","GL posting 3643","ERP"
"3644","2026-04-29","41017","CC007","1028","EUR","26853.58","GL posting 3644","ERP"
"3645","2026-07-13","41021","CC018","1042","GBP","11694.75","GL posting 3645","ERP"
"3646","2026-07-22","41034","CC013","1068","CHF","14468.59","GL posting 3646","ERP"
"3647","2026-02-26","41049","CC008","1122","EUR","4228.04","GL posting 3647","ERP"
"3648","2026-04-13","41000","CC020","1189","GBP","49024.99","GL posting 3648","ERP"
"3649","2026-02-22","41040","CC003","1198","CHF","38929.99","GL posting 3649","ERP"
"3650","2026-05-02","41034","CC004","1009","GBP","47264.62","GL posting 3650","ERP"
"3651","2026-01-28","41008","CC019","1144","EUR","-4817.86","GL posting 3651","ERP"
"3652","2026-03-25","41043","CC018","1010","CHF","-2959.45","GL posting 3652","ERP"
"3653","2026-07-06","41041","CC008","1182","CHF","-2633.27","GL posting 3653","ERP"
"3654","2026-07-01","41020","CC008","1146","EUR","26704.67","GL posting 3654","ERP"
"3655","2026-07-23","41048","CC018","1071","JPY","7569.24","GL posting 3655","ERP"
"3656","2026-04-26","41004","CC014","1131","CHF","21527.99","GL posting 3656","ERP"
"3657","2026-02-01","41007","CC017","1065","CHF","42138.91","GL posting 3657","ERP"
"3658","2026-02-11","41018","CC004","1128","CHF","47745.04","GL posting 3658","ERP"
"3659","2026-03-18","41031","CC019","1113","USD","-655.64","GL posting 3659","ERP"
"3660","2026-07-31","41043","CC004","1180","CHF","1253.16","GL posting 3660","ERP"
"3661","2026-03-08","41025","CC005","1071","EUR","29130.47","GL posting 3661","ERP"
"3662","2026-03-27","41044","CC010","1110","EUR","29708.22","GL posting 3662","ERP"
"3663","2026-06-05","41028","CC020","1121","EUR","30173.47","GL posting 3663","ERP"
"3664","2026-01-15","41036","CC013","1043","USD","9072.56","GL posting 3664","ERP"
"3665","2026-05-14","41028","CC006","1004","GBP","25194.84","GL posting 3665","ERP"
"3666","2026-03-04","41015","CC010","1179","JPY","21384.12","GL posting 3666","ERP"
"3667","2026-06-17","41026","CC013","1195","EUR","35065.78","GL posting 3667","ERP"
"3668","2026-04-20","41047","CC010","1190","JPY","1459.08","GL posting 3668","ERP"
"3669","2026-04-06","41045","CC020","1152","USD","5554.77","GL posting 3669","ERP"
"3670","2026-07-26","41024","CC019","1005","GBP","45967.4","GL posting 3670","ERP"
"3671","2026-02-07","41045","CC005","1197","JPY","27614.84","GL posting 3671","ERP"
"3672","2026-02-22","41006","CC008","1123","EUR","1076.69","GL posting 3672","ERP"
"3673","2026-06-26","41015","CC011","1150","USD","49382.07","GL posting 3673","ERP"
"3674","2026-05-07","41034","CC020","1108","EUR","27820.18","GL posting 3674","ERP"
"3675","2026-01-29","41044","CC012","1040","EUR","21788.45","GL posting 3675","ERP"
"3676","2026-01-09","41043","CC015","1068","GBP","47538.33","GL posting 3676","ERP"
"3677","2026-02-22","41046","CC003","1179","CHF","2056.7","GL posting 3677","ERP"
"3678","2026-02-11","41031","CC001","1081","EUR","29021.87","GL posting 3678","ERP"
"3679","2026-06-02","41044","CC013","1179","EUR","44073.78","GL posting 3679","ERP"
"3680","2026-05-27","41027","CC010","1089","USD","47667.13","GL posting 3680","ERP"
"3681","2026-01-22","41042","CC020","1129","CHF","16894.32","GL posting 3681","ERP"
"3682","2026-06-18","41048","CC003","1133","USD","41917.43","GL posting 3682","ERP"
"3683","2026-03-15","41042","CC004","1088","CHF","15805.41","GL posting 3683","ERP"
"3684","2026-01-04","41009","CC015","1189","EUR","14701.1","GL posting 3684","ERP"
"3685","2026-07-02","41030","CC016","1192","JPY","15831.23","GL posting 3685","ERP"
"3686","2026-07-13","41037","CC013","1137","JPY","33819.3","GL posting 3686","ERP"
"3687","2026-01-28","41005","CC006","1060","JPY","48471.74","GL posting 3687","ERP"
"3688","2026-07-27","41029","CC013","1194","JPY","46884.4","GL posting 3688","ERP"
"3689","2026-02-03","41038","CC012","1004","USD","14206.54","GL posting 3689","ERP"
"3690","2026-02-05","41023","CC001","1049","CHF","22328.02","GL posting 3690","ERP"
"3691","2026-01-20","41036","CC017","1168","EUR","24653.5","GL posting 3691","ERP"
"3692","2026-06-20","41042","CC015","1135","GBP","-3769.55","GL posting 3692","ERP"
"3693","2026-05-27","41014","CC003","1022","USD","44182.25","GL posting 3693","ERP"
"3694","2026-04-05","41039","CC016","1198","CHF","16048.04","GL posting 3694","ERP"
"3695","2026-07-28","41005","CC019","1037","CHF","17778.1","GL posting 3695","ERP"
"3696","2026-01-08","41027","CC009","1114","GBP","12191.21","GL posting 3696","ERP"
"3697","2026-01-14","41006","CC003","1018","GBP","22969","GL posting 3697","ERP"
"3698","2026-05-29","41022","CC005","1042","EUR","8208.69","GL posting 3698","ERP"
"3699","2026-03-28","41014","CC003","1070","GBP","40676.91","GL posting 3699","ERP"
"3700","2026-01-22","41041","CC019","1019","JPY","11152.59","GL posting 3700","ERP"
"3701","2026-04-18","41014","CC003","1070","EUR","43950.71","GL posting 3701","ERP"
"3702","2026-04-10","41034","CC018","1138","CHF","14686.86","GL posting 3702","ERP"
"3703","2026-03-15","41030","CC014","1151","GBP","21996.93","GL posting 3703","ERP"
"3704","2026-04-01","41042","CC003","1152","EUR","7404.53","GL posting 3704","ERP"
"3705","2026-01-22","41016","CC017","1118","JPY","36248.2","GL posting 3705","ERP"
"3706","2026-03-04","41038","CC013","1155","EUR","4915.81","GL posting 3706","ERP"
"3707","2026-05-01","41022","CC001","1007","CHF","8670.53","GL posting 3707","ERP"
"3708","2026-04-17","41044","CC006","1161","USD","12252.55","GL posting 3708","ERP"
"3709","2026-07-02","41005","CC013","1198","GBP","5002.85","GL posting 3709","ERP"
"3710","2026-05-10","41025","CC010","1169","GBP","40402","GL posting 3710","ERP"
"3711","2026-06-04","41043","CC001","1132","EUR","21341.39","GL posting 3711","ERP"
"3712","2026-07-04","41026","CC006","1044","USD","23375.41","GL posting 3712","ERP"
"3713","2026-01-20","41022","CC004","1105","USD","43973.57","GL posting 3713","ERP"
"3714","2026-03-24","41008","CC004","1171","USD","-767.25","GL posting 3714","ERP"
"3715","2026-05-16","41038","CC006","1154","GBP","36801.77","GL posting 3715","ERP"
"3716","2026-05-15","41006","CC020","1052","USD","40737.23","GL posting 3716","ERP"
"3717","2026-04-04","41028","CC012","1097","USD","27721.37","GL posting 3717","ERP"
"3718","2026-05-12","41047","CC017","1023","EUR","19700.65","GL posting 3718","ERP"
"3719","2026-06-15","41025","CC018","1022","CHF","-1264.42","GL posting 3719","ERP"
"3720","2026-04-27","41017","CC005","1097","JPY","29811.46","GL posting 3720","ERP"
"3721","2026-05-11","41029","CC007","1033","USD","41216.88","GL posting 3721","ERP"
"3722","2026-05-08","41040","CC013","1113","USD","7835.97","GL posting 3722","ERP"
"3723","2026-06-08","41045","CC015","1090","JPY","45362.43","GL posting 3723","ERP"
"3724","2026-01-14","41046","CC012","1146","JPY","29976.18","GL posting 3724","ERP"
"3725","2026-01-20","41049","CC010","","GBP","42352.08","GL posting 3725","ERP"
"3726","2026-03-08","41032","CC018","1049","USD","3205.41","GL posting 3726","ERP"
"3727","2026-03-16","41015","CC009","1193","GBP","36990.01","GL posting 3727","ERP"
"3728","2026-06-11","41034","CC010","1082","GBP","24577.35","GL posting 3728","ERP"
"3729","2026-05-22","41038","CC008","1061","GBP","27490.49","GL posting 3729","ERP"
"3730","2026-01-15","41027","CC009","1127","USD","45739.88","GL posting 3730","ERP"
"3731","2026-07-16","41040","CC018","1003","GBP","-4620.62","GL posting 3731","ERP"
"3732","2026-06-23","41047","CC010","1180","EUR","48542.94","GL posting 3732","ERP"
"3733","2026-05-09","41014","CC006","1142","USD","14107.82","GL posting 3733","ERP"
"3734","2026-06-15","41024","CC007","1078","JPY","28546.51","GL posting 3734","ERP"
"3735","2026-02-16","41024","CC008","1102","JPY","44003.11","GL posting 3735","ERP"
"3736","2026-07-26","41018","CC017","1052","ZZZ","46636.67","GL posting 3736","ERP"
"3737","2026-04-09","41003","CC009","1067","USD","24755.35","GL posting 3737","ERP"
"3738","2026-03-12","41013","CC003","1181","EUR","25125.2","GL posting 3738","ERP"
"3739","2026-05-10","41029","CC010","1017","USD","31190.37","GL posting 3739","ERP"
"3740","2026-03-03","41017","CC009","1168","GBP","20112.57","GL posting 3740","ERP"
"3741","2026-07-11","41039","CC001","1065","EUR","47896.88","GL posting 3741","ERP"
"3742","2026-02-10","41041","CC019","1129","JPY","2760.07","GL posting 3742","ERP"
"3743","2026-01-24","41007","CC015","1167","GBP","32409.03","GL posting 3743","ERP"
"3744","2026-06-21","41047","CC013","1134","USD","30087.9","GL posting 3744","ERP"
"3745","2026-07-13","41007","CC004","1044","JPY","5971.09","GL posting 3745","ERP"
"3746","2026-03-01","41017","CC013","1118","USD","4085.07","GL posting 3746","ERP"
"3747","2026-06-20","41036","CC005","1064","CHF","15712.79","GL posting 3747","ERP"
"3748","2026-03-28","41020","CC017","1082","EUR","2495.78","GL posting 3748","ERP"
"3749","2026-06-29","41036","CC019","1161","CHF","6752.19","GL posting 3749","ERP"
"3750","2026-02-22","41027","CC008","1178","JPY","21705.76","GL posting 3750","ERP"
"3751","2026-04-23","41011","CC009","1199","GBP","16181.21","GL posting 3751","ERP"
"3752","2026-04-21","41002","CC004","1187","JPY","7284.77","GL posting 3752","ERP"
"3753","2026-07-03","41021","CC010","1171","JPY","5459.88","GL posting 3753","ERP"
"3754","2026-03-07","41036","CC004","1035","EUR","40990.26","GL posting 3754","ERP"
"3755","2026-05-22","41022","CC006","1171","USD","13824.6","GL posting 3755","ERP"
"3756","2026-07-18","41034","CC008","1122","JPY","10021.22","GL posting 3756","ERP"
"3757","2026-02-19","41009","CC003","1136","JPY","2736.24","GL posting 3757","ERP"
"3758","2026-05-04","41029","CC013","1140","EUR","49982.91","GL posting 3758","ERP"
"3759","2026-01-08","41041","CC004","1006","EUR","43238.99","GL posting 3759","ERP"
"3760","2026-07-27","41010","CC005","1071","CHF","12249.52","GL posting 3760","ERP"
"3761","2026-01-09","41001","CC013","1164","GBP","34961.04","GL posting 3761","ERP"
"3762","2026-05-01","41013","CC001","1022","EUR","947.16","GL posting 3762","ERP"
"3763","2026-06-14","41024","CC013","1017","CHF","49664.58","GL posting 3763","ERP"
"3764","2026-05-23","41040","CC015","1193","EUR","23155.86","GL posting 3764","ERP"
"3765","2026-04-25","41044","CC020","1078","USD","28507","GL posting 3765","ERP"
"3766","2026-01-18","41003","CC016","1079","USD","34422.95","GL posting 3766","ERP"
"3767","2026-03-14","41012","CC001","1116","JPY","25765.47","GL posting 3767","ERP"
"3768","2026-06-02","41005","CC009","1137","USD","33765.5","GL posting 3768","ERP"
"3769","2026-04-03","41020","CC011","1144","JPY","22683.62","GL posting 3769","ERP"
"3770","2026-01-29","41046","CC018","1008","EUR","48223.75","GL posting 3770","ERP"
"3771","2026-04-01","41007","CC001","1066","EUR","8152.57","GL posting 3771","ERP"
"3772","2026-05-01","41014","CC014","1014","GBP","19640.46","GL posting 3772","ERP"
"3773","2026-03-01","41014","CC003","1044","USD","34890.07","GL posting 3773","ERP"
"3774","2026-05-03","41003","CC011","1056","CHF","42900.25","GL posting 3774","ERP"
"3775","2026-03-03","41009","CC006","1082","USD","49805.43","GL posting 3775","ERP"
"3776","2026-01-30","41004","CC010","1090","USD","10545.61","GL posting 3776","ERP"
"3777","2026-06-21","41007","CC001","1027","CHF","22170.96","GL posting 3777","ERP"
"3778","2026-01-05","41008","CC010","1053","EUR","-192.56","GL posting 3778","ERP"
"3779","2026-01-29","41033","CC019","1193","JPY","26599.55","GL posting 3779","ERP"
"3780","2026-06-20","41042","CC003","1034","USD","26195.38","GL posting 3780","ERP"
"3781","2026-04-11","41002","CC013","1158","CHF","2154.03","GL posting 3781","ERP"
"3782","2026-06-29","41010","CC009","1014","CHF","36538.09","GL posting 3782","ERP"
"3783","2026-07-04","41044","CC001","1026","USD","10095.32","GL posting 3783","ERP"
"3784","2026-06-04","41024","CC010","1025","EUR","2965.15","GL posting 3784","ERP"
"3785","2026-01-23","41018","CC010","1147","USD","-3706.41","GL posting 3785","ERP"
"3786","2026-02-25","41008","CC007","1111","USD","8419.03","GL posting 3786","ERP"
"3787","2026-02-08","41043","CC019","1030","USD","10608.93","GL posting 3787","ERP"
"3788","2026-07-12","41022","CC007","1195","CHF","-2463.57","GL posting 3788","ERP"
"3789","2026-07-27","41020","CC001","1093","EUR","10341.6","GL posting 3789","ERP"
"3790","2026-02-26","41037","CC018","1172","GBP","34158.47","GL posting 3790","ERP"
"3791","2026-01-29","41008","CC011","1068","GBP","19515.32","GL posting 3791","ERP"
"3792","2026-06-09","41021","CC013","1105","JPY","4036.7","GL posting 3792","ERP"
"3793","2026-06-22","41002","CC004","1163","CHF","26835.77","GL posting 3793","ERP"
"3794","2026-07-01","41010","CC014","1169","USD","-1788.98","GL posting 3794","ERP"
"3795","2026-04-27","41044","CC007","1047","GBP","45534.72","GL posting 3795","ERP"
"3796","2026-03-21","41042","CC003","1050","GBP","35006.74","GL posting 3796","ERP"
"3797","2026-07-19","41014","CC011","1121","EUR","580.04","GL posting 3797","ERP"
"3798","2026-07-17","41024","CC014","1010","CHF","30315.71","GL posting 3798","ERP"
"3799","2026-04-15","41036","CC006","1090","EUR","21203.02","GL posting 3799","ERP"
"3800","2026-03-30","41022","CC010","1186","CHF","48507.75","GL posting 3800","ERP"
"3801","2026-03-07","41029","CC006","1081","USD","31019.82","GL posting 3801","ERP"
"3802","2026-05-31","41034","CC007","1160","JPY","21614.05","GL posting 3802","ERP"
"3803","2026-06-13","41031","CC003","1130","GBP","26991.81","GL posting 3803","ERP"
"3804","2026-06-28","41027","CC013","1151","CHF","15739.03","GL posting 3804","ERP"
"3805","2026-07-12","41000","CC003","1075","JPY","10761.15","GL posting 3805","ERP"
"3806","2026-05-13","41038","CC005","1192","EUR","28027","GL posting 3806","ERP"
"3807","2026-02-27","41044","CC013","1030","USD","8024.34","GL posting 3807","ERP"
"3808","2026-03-13","41045","CC019","1153","EUR","13516.45","GL posting 3808","ERP"
"3809","2026-04-02","41001","CC015","1039","USD","46252.79","GL posting 3809","ERP"
"3810","2026-07-10","41025","CC003","1032","GBP","21410.5","GL posting 3810","ERP"
"3811","2026-06-09","41019","CC003","1034","JPY","-2443.91","GL posting 3811","ERP"
"3812","2026-03-06","41040","CC013","1145","GBP","-604.86","GL posting 3812","ERP"
"3813","2026-07-09","41013","CC015","1117","USD","44608.06","GL posting 3813","ERP"
"3814","2026-06-19","41007","CC018","1043","GBP","-2335.97","GL posting 3814","ERP"
"3815","2026-06-16","41045","CC009","1005","JPY","7328.88","GL posting 3815","ERP"
"3816","2026-03-01","41032","CC018","1173","JPY","46726.57","GL posting 3816","ERP"
"3817","2026-02-04","41011","CC006","1049","JPY","15090.1","GL posting 3817","ERP"
"3818","2026-02-13","41002","CC019","1097","USD","1457.45","GL posting 3818","ERP"
"3819","2026-02-17","41019","CC016","1010","JPY","37066.8","GL posting 3819","ERP"
"3820","2026-04-16","41038","CC019","1088","GBP","35228.59","GL posting 3820","ERP"
"3821","2026-01-03","41024","CC018","1080","JPY","11482.28","GL posting 3821","ERP"
"3822","2026-07-14","41016","CC014","1096","USD","42939.33","GL posting 3822","ERP"
"3823","2026-03-01","41004","CC001","1113","USD","25790.11","GL posting 3823","ERP"
"3824","2026-07-19","41027","CC020","1041","JPY","32187.87","GL posting 3824","ERP"
"3825","2026-05-10","41031","CC020","1123","CHF","9179.61","GL posting 3825","ERP"
"3826","2026-04-30","41046","CC011","1026","CHF","2465.61","GL posting 3826","ERP"
"3827","2026-04-10","41018","CC003","1155","CHF","34125.92","GL posting 3827","ERP"
"3828","2026-02-17","41009","CC011","1137","CHF","12380.66","GL posting 3828","ERP"
"3829","2026-07-28","41019","CC019","1143","GBP","12989.65","GL posting 3829","ERP"
"3830","2026-05-05","41044","CC013","1125","JPY","16043.66","GL posting 3830","ERP"
"3831","2026-01-13","41013","CC003","1157","GBP","6958.62","GL posting 3831","ERP"
"3832","2026-01-06","41033","CC019","1122","EUR","15479.57","GL posting 3832","ERP"
"3833","2026-01-08","41009","CC016","1135","USD","13940.36","GL posting 3833","ERP"
"3834","2026-05-23","41036","CC002","1089","JPY","11046.84","GL posting 3834","ERP"
"3835","2026-03-15","41016","CC014","1009","EUR","34871.42","GL posting 3835","ERP"
"3836","2026-01-15","41028","CC012","1166","GBP","12762.44","GL posting 3836","ERP"
"3837","2026-06-29","41015","CC015","1026","USD","38318.83","GL posting 3837","ERP"
"3838","2026-03-19","41042","CC019","1196","JPY","5189.01","GL posting 3838","ERP"
"3839","2026-04-22","41009","CC007","1147","EUR","6410.51","GL posting 3839","ERP"
"3840","2026-03-13","41023","CC008","1007","GBP","36374.58","GL posting 3840","ERP"
"3841","2026-06-01","41015","CC005","1039","USD","30099.78","GL posting 3841","ERP"
"3842","2026-07-05","41023","CC010","1059","GBP","47430","GL posting 3842","ERP"
"3843","2026-06-19","41019","CC013","1044","USD","38354.27","GL posting 3843","ERP"
"3844","2026-01-07","41049","CC013","1017","JPY","30238.33","GL posting 3844","ERP"
"3845","2026-06-26","41014","CC001","1049","GBP","27038.95","GL posting 3845","ERP"
"3846","2026-02-05","41018","CC004","1052","GBP","14679.59","GL posting 3846","ERP"
"3847","2026-05-31","41029","CC008","1138","JPY","6764.55","GL posting 3847","ERP"
"3848","2026-05-22","41027","CC006","1179","GBP","35133.58","GL posting 3848","ERP"
"3849","2026-04-29","41043","CC008","1016","EUR","29563.36","GL posting 3849","ERP"
"3850","2026-02-23","41012","CC019","1009","GBP","12252.91","GL posting 3850","ERP"
"3851","2026-05-05","41021","CC011","1069","CHF","48728.31","GL posting 3851","ERP"
"3852","2026-03-21","41014","CC012","1086","CHF","44051.06","GL posting 3852","ERP"
"3853","2026-04-02","41026","CC003","1104","USD","17061.65","GL posting 3853","ERP"
"3854","2026-07-06","41004","CC013","1175","JPY","6488.79","GL posting 3854","ERP"
"3855","2026-05-22","41014","CC010","1188","GBP","34222.51","GL posting 3855","ERP"
"3856","2026-04-11","41024","CC014","1022","USD","24788.17","GL posting 3856","ERP"
"3857","2026-03-31","41025","CC019","1165","CHF","5987.03","GL posting 3857","ERP"
"3858","2026-03-08","41016","CC012","1058","CHF","7414.04","GL posting 3858","ERP"
"3859","2026-03-22","41043","CC018","1155","USD","38636.89","GL posting 3859","ERP"
"3860","2026-06-10","41029","CC008","1188","EUR","45872.68","GL posting 3860","ERP"
"3861","2026-07-29","41021","CC011","1033","JPY","32663.32","GL posting 3861","ERP"
"3862","2026-07-26","41013","CC016","1102","JPY","30220.27","GL posting 3862","ERP"
"3863","2026-05-14","41044","CC009","","CHF","-4981.84","GL posting 3863","ERP"
"3864","2026-03-15","41049","CC011","1006","USD","33816.37","GL posting 3864","ERP"
"3865","2026-01-06","41043","CC016","1049","JPY","-3622.45","GL posting 3865","ERP"
"3866","2026-07-30","41010","CC020","1189","CHF","36941.75","GL posting 3866","ERP"
"3867","2026-03-31","41019","CC011","1057","CHF","36113.69","GL posting 3867","ERP"
"3868","2026-06-18","41040","CC004","1162","CHF","40716.88","GL posting 3868","ERP"
"3869","2026-06-04","41038","CC018","1136","GBP","40409.31","GL posting 3869","ERP"
"3870","2026-06-09","41033","CC001","1018","USD","9747.87","GL posting 3870","ERP"
"3871","2026-01-05","41039","CC017","1026","GBP","-664.38","GL posting 3871","ERP"
"3872","2026-04-21","41047","CC003","1047","JPY","36735.88","GL posting 3872","ERP"
"3873","2026-02-12","41006","CC012","1031","GBP","14505.18","GL posting 3873","ERP"
"3874","2026-03-17","41013","CC002","1030","USD","5808.79","GL posting 3874","ERP"
"3875","2026-01-04","41004","CC014","1036","USD","19137.83","GL posting 3875","ERP"
"3876","2026-05-08","41005","CC012","1061","CHF","49720.57","GL posting 3876","ERP"
"3877","2026-07-31","41034","CC019","1057","GBP","11597.94","GL posting 3877","ERP"
"3878","2026-02-26","41031","CC018","1013","CHF","2902.87","GL posting 3878","ERP"
"3879","2026-03-08","41035","CC003","1068","JPY","12125.1","GL posting 3879","ERP"
"3880","2026-07-14","41028","CC011","1022","JPY","18602.62","GL posting 3880","ERP"
"3881","2026-02-11","41037","CC004","1055","USD","21284.4","GL posting 3881","ERP"
"3882","2026-03-26","41025","CC001","1110","USD","15944.98","GL posting 3882","ERP"
"3883","2026-05-05","41012","CC020","1037","CHF","28437.2","GL posting 3883","ERP"
"3884","2026-01-31","41025","CC003","1075","JPY","29320.3","GL posting 3884","ERP"
"3885","2026-04-19","41020","CC003","1048","GBP","-2944.01","GL posting 3885","ERP"
"3886","2026-01-15","41037","CC015","1188","CHF","36129.7","GL posting 3886","ERP"
"3887","2026-02-22","41047","CC014","1057","USD","-2509.08","GL posting 3887","ERP"
"3888","2026-02-21","41027","CC009","1010","USD","8033.94","GL posting 3888","ERP"
"3889","2026-05-24","41049","CC014","1157","EUR","48961.13","GL posting 3889","ERP"
"3890","2026-02-18","41011","CC007","1099","JPY","28561.04","GL posting 3890","ERP"
"3891","2026-07-24","41005","CC020","1197","USD","38376.12","GL posting 3891","ERP"
"3892","2026-05-21","41045","CC014","1029","JPY","37355.89","GL posting 3892","ERP"
"3893","2026-04-09","41036","CC013","1050","EUR","31733.92","GL posting 3893","ERP"
"3894","2026-01-31","41003","CC017","1069","JPY","42905.58","GL posting 3894","ERP"
"3895","2026-02-28","41030","CC017","1007","EUR","-3890.62","GL posting 3895","ERP"
"3896","2026-02-16","41045","CC017","1064","EUR","44128.04","GL posting 3896","ERP"
"3897","2026-07-09","41032","CC011","1166","JPY","48894.29","GL posting 3897","ERP"
"3898","2026-06-16","41005","CC001","1103","JPY","45497.16","GL posting 3898","ERP"
"3899","2026-07-14","41033","CC020","1132","CHF","44726.68","GL posting 3899","ERP"
"3900","2026-04-13","41035","CC003","","EUR","12594.87","GL posting 3900","ERP"
"3901","2026-01-08","41042","CC003","1156","USD","27644.28","GL posting 3901","ERP"
"3902","2026-04-18","41044","CC011","1160","USD","13386.79","GL posting 3902","ERP"
"3903","2026-05-01","41046","CC019","1058","GBP","21436.45","GL posting 3903","ERP"
"3904","2026-03-22","41009","CC001","1004","EUR","43882.61","GL posting 3904","ERP"
"3905","2026-07-18","41020","CC013","1182","CHF","11163.13","GL posting 3905","ERP"
"3906","2026-02-26","41032","CC009","1023","EUR","18983.85","GL posting 3906","ERP"
"3907","2026-06-15","41032","CC005","1107","EUR","44064.55","GL posting 3907","ERP"
"3908","2026-03-04","41012","CC009","1059","EUR","47644.78","GL posting 3908","ERP"
"3909","2026-02-12","41012","CC008","1010","EUR","4521.32","GL posting 3909","ERP"
"3910","2026-02-26","41023","CC016","1147","CHF","-3685.47","GL posting 3910","ERP"
"3911","2026-01-04","41006","CC003","1188","JPY","17711.49","GL posting 3911","ERP"
"3912","2026-03-24","41033","CC017","1034","GBP","37627.94","GL posting 3912","ERP"
"3913","2026-01-27","41013","CC007","1069","GBP","37271.77","GL posting 3913","ERP"
"3914","2026-06-11","41009","CC001","1046","JPY","47963.31","GL posting 3914","ERP"
"3915","2026-06-27","41049","CC001","1022","EUR","10106.15","GL posting 3915","ERP"
"3916","2026-04-23","41028","CC007","1063","USD","38687.82","GL posting 3916","ERP"
"3917","2026-04-14","41049","CC017","1062","CHF","31186.79","GL posting 3917","ERP"
"3918","2026-02-15","41008","CC009","1071","JPY","26390.11","GL posting 3918","ERP"
"3919","2026-03-13","41027","CC011","1190","USD","11570.96","GL posting 3919","ERP"
"3920","2026-02-18","41026","CC015","1027","EUR","37734.95","GL posting 3920","ERP"
"3921","2026-03-03","41018","CC013","1007","GBP","7014.96","GL posting 3921","ERP"
"3922","2026-02-12","41023","CC003","1085","USD","30861.33","GL posting 3922","ERP"
"3923","2026-02-14","41002","CC020","1042","CHF","46255.87","GL posting 3923","ERP"
"3924","2026-05-05","41001","CC003","1090","GBP","40010.28","GL posting 3924","ERP"
"3925","2026-02-10","41009","CC014","1030","EUR","28123.07","GL posting 3925","ERP"
"3926","2026-07-23","41042","CC019","1000","CHF","15122.59","GL posting 3926","ERP"
"3927","2026-01-25","41038","CC017","1021","EUR","2099.88","GL posting 3927","ERP"
"3928","2026-03-02","41040","CC017","1012","JPY","24364.27","GL posting 3928","ERP"
"3929","2026-07-31","41024","CC001","1050","CHF","19211.78","GL posting 3929","ERP"
"3930","2026-01-05","41030","CC010","1149","EUR","9787.84","GL posting 3930","ERP"
"3931","2026-02-09","41049","CC001","1036","CHF","17241.91","GL posting 3931","ERP"
"3932","2026-01-03","41005","CC015","1144","CHF","31915.8","GL posting 3932","ERP"
"3933","2026-05-26","41024","CC003","1033","GBP","23993.86","GL posting 3933","ERP"
"3934","2026-06-22","41027","CC001","1014","GBP","33621.96","GL posting 3934","ERP"
"3935","2026-04-28","41021","CC002","","GBP","11765.15","GL posting 3935","ERP"
"3936","2026-04-25","41017","CC015","1171","EUR","27626.04","GL posting 3936","ERP"
"3937","2026-01-19","41047","CC010","1066","JPY","8585.14","GL posting 3937","ERP"
"3938","2026-03-08","41016","CC019","1067","CHF","-428.11","GL posting 3938","ERP"
"3939","2026-03-28","41020","CC013","1076","USD","-4538.16","GL posting 3939","ERP"
"3940","2026-07-29","41025","CC011","1136","JPY","7796.81","GL posting 3940","ERP"
"3941","2026-03-25","41039","CC020","1165","USD","-3789.69","GL posting 3941","ERP"
"3942","2026-02-10","41048","CC011","1016","EUR","15687.43","GL posting 3942","ERP"
"3943","2026-06-01","41035","CC019","1013","EUR","28840.43","GL posting 3943","ERP"
"3944","2026-06-26","41013","CC007","1057","GBP","17957.69","GL posting 3944","ERP"
"3945","2026-03-11","41044","CC020","1071","JPY","48006.95","GL posting 3945","ERP"
"3946","2026-07-27","41011","CC010","1114","CHF","-3208.75","GL posting 3946","ERP"
"3947","2026-03-02","41045","CC003","1148","GBP","42404.19","GL posting 3947","ERP"
"3948","2026-02-25","41026","CC005","1132","EUR","45242.18","GL posting 3948","ERP"
"3949","2026-02-27","41028","CC015","1049","GBP","37728.01","GL posting 3949","ERP"
"3950","2026-02-16","41044","CC007","1135","GBP","3673.91","GL posting 3950","ERP"
"3951","2026-05-03","41024","CC002","1190","CHF","37457.98","GL posting 3951","ERP"
"3952","2026-01-08","41003","CC007","1147","USD","28310.68","GL posting 3952","ERP"
"3953","2026-04-18","41035","CC010","1088","USD","44694.72","GL posting 3953","ERP"
"3954","2026-02-27","41047","CC009","1113","USD","28904.73","GL posting 3954","ERP"
"3955","2026-02-22","41023","CC014","1109","EUR","20311.39","GL posting 3955","ERP"
"3956","2026-01-09","41006","CC013","1111","GBP","7192.33","GL posting 3956","ERP"
"3957","2026-07-08","41019","CC009","1014","USD","47959.54","GL posting 3957","ERP"
"3958","2026-06-11","41022","CC010","1058","USD","26089.34","GL posting 3958","ERP"
"3959","2026-02-02","41042","CC004","1072","JPY","2299.21","GL posting 3959","ERP"
"3960","2026-02-20","41012","CC011","1167","EUR","23114.09","GL posting 3960","ERP"
"3961","2026-01-22","41023","CC014","1036","USD","-1381.64","GL posting 3961","ERP"
"3962","2026-01-05","41005","CC016","1003","EUR","23782.5","GL posting 3962","ERP"
"3963","2026-07-20","41024","CC019","1110","EUR","-2152.9","GL posting 3963","ERP"
"3964","2026-04-17","41046","CC002","1104","GBP","19146.35","GL posting 3964","ERP"
"3965","2026-02-13","41019","CC006","1019","USD","1479.38","GL posting 3965","ERP"
"3966","2026-06-02","41033","CC017","1027","USD","23924.87","GL posting 3966","ERP"
"3967","2026-05-14","41023","CC005","1098","JPY","1928.55","GL posting 3967","ERP"
"3968","2026-01-22","41010","CC011","1178","JPY","-765.99","GL posting 3968","ERP"
"3969","2026-07-14","41033","CC007","1110","EUR","36253.71","GL posting 3969","ERP"
"3970","2026-06-27","41019","CC016","1029","CHF","37799.34","GL posting 3970","ERP"
"3971","2026-07-21","41046","CC010","1071","USD","3164.28","GL posting 3971","ERP"
"3972","2026-03-15","41009","CC001","1149","GBP","20806.28","GL posting 3972","ERP"
"3973","2026-03-15","41002","CC012","1023","JPY","33224.96","GL posting 3973","ERP"
"3974","2026-06-08","41022","CC001","1005","GBP","3597.12","GL posting 3974","ERP"
"3975","2026-04-04","41018","CC013","1066","CHF","7110.39","GL posting 3975","ERP"
"3976","2026-02-28","41043","CC016","1131","EUR","28967.08","GL posting 3976","ERP"
"3977","2026-04-05","41005","CC001","1136","EUR","34832.24","GL posting 3977","ERP"
"3978","2026-05-19","41015","CC020","1031","USD","1649.62","GL posting 3978","ERP"
"3979","2026-03-09","41040","CC014","1117","USD","30874.8","GL posting 3979","ERP"
"3980","2026-03-15","41047","CC015","1057","EUR","37218.23","GL posting 3980","ERP"
"3981","2026-03-11","41016","CC018","1026","GBP","2820.91","GL posting 3981","ERP"
"3982","2026-02-18","41023","CC020","1168","JPY","30917.2","GL posting 3982","ERP"
"3983","2026-03-14","41007","CC008","1050","EUR","6863.27","GL posting 3983","ERP"
"3984","2026-07-25","41011","CC017","1127","CHF","3265.82","GL posting 3984","ERP"
"3985","2026-05-06","41042","CC006","","GBP","-1757.86","GL posting 3985","ERP"
"3986","2026-07-11","41001","CC002","1188","GBP","28815.73","GL posting 3986","ERP"
"3987","2026-05-06","41024","CC016","1006","USD","6808.87","GL posting 3987","ERP"
"3988","2026-01-24","41036","CC018","1178","USD","21737.01","GL posting 3988","ERP"
"3989","2026-03-23","41047","CC014","1090","CHF","7034.52","GL posting 3989","ERP"
"3990","2026-02-08","41037","CC015","1149","CHF","30224.75","GL posting 3990","ERP"
"3991","2026-01-13","41029","CC016","1183","JPY","-214.23","GL posting 3991","ERP"
"3992","2026-05-15","41038","CC017","1115","USD","22955.41","GL posting 3992","ERP"
"3993","2026-04-04","41041","CC013","1089","CHF","14094.55","GL posting 3993","ERP"
"3994","2026-04-08","41007","CC014","1071","USD","3809.86","GL posting 3994","ERP"
"3995","2026-07-06","41038","CC008","1100","USD","46316.48","GL posting 3995","ERP"
"3996","2026-01-26","41007","CC003","","JPY","4664.42","GL posting 3996","ERP"
"3997","2026-01-04","41018","CC010","1022","JPY","31598.04","GL posting 3997","ERP"
"3998","2026-02-25","41030","CC003","1192","EUR","29423.22","GL posting 3998","ERP"
"3999","2026-01-15","41044","CC012","1014","EUR","13409.45","GL posting 3999","ERP"
"4000","2026-06-27","41023","CC005","1012","GBP","18879.79","GL posting 4000","ERP"
"4001","2026-03-15","41001","CC010","1015","USD","42336.61","GL posting 4001","ERP"
"4002","2026-07-13","41038","CC001","1198","CHF","16001.05","GL posting 4002","ERP"
"4003","2026-01-01","41038","CC001","1038","CHF","38668.16","GL posting 4003","ERP"
"4004","2026-06-24","41001","CC003","1145","GBP","27182.72","GL posting 4004","ERP"
"4005","2026-01-12","41012","CC015","1011","USD","-2926.61","GL posting 4005","ERP"
"4006","2026-04-14","41008","CC003","1096","CHF","12918.33","GL posting 4006","ERP"
"4007","2026-06-21","41022","CC002","1074","EUR","44837.58","GL posting 4007","ERP"
"4008","2026-04-16","41044","CC004","1112","GBP","28396.11","GL posting 4008","ERP"
"4009","2026-04-09","41049","CC003","1161","JPY","1942.51","GL posting 4009","ERP"
"4010","2026-02-27","41035","CC005","1128","USD","40841.6","GL posting 4010","ERP"
"4011","2026-04-15","41010","CC006","1173","EUR","20162.04","GL posting 4011","ERP"
"4012","2026-04-02","41005","CC020","1165","JPY","7201.06","GL posting 4012","ERP"
"4013","2026-01-13","41001","CC019","1192","GBP","2827.62","GL posting 4013","ERP"
"4014","2026-04-16","41012","CC006","1082","USD","29167.89","GL posting 4014","ERP"
"4015","2026-05-31","41034","CC007","1093","EUR","13111.82","GL posting 4015","ERP"
"4016","2026-01-29","41045","CC005","1083","GBP","34948.22","GL posting 4016","ERP"
"4017","2026-01-04","41004","CC016","1018","USD","26214.67","GL posting 4017","ERP"
"4018","2026-04-19","41031","CC007","1115","USD","27303.56","GL posting 4018","ERP"
"4019","2026-01-22","41032","CC005","1095","EUR","20727.6","GL posting 4019","ERP"
"4020","2026-05-10","41008","CC006","1062","USD","36864.64","GL posting 4020","ERP"
"4021","2026-03-30","41036","CC009","1063","JPY","22704.69","GL posting 4021","ERP"
"4022","2026-04-11","41035","CC019","1101","GBP","46616.76","GL posting 4022","ERP"
"4023","2026-03-03","41036","CC020","1093","CHF","35846.49","GL posting 4023","ERP"
"4024","2026-01-09","41001","CC020","1112","JPY","35237.18","GL posting 4024","ERP"
"4025","2026-02-15","41041","CC002","1017","EUR","44892.93","GL posting 4025","ERP"
"4026","2026-05-05","41015","CC017","1147","CHF","30941.83","GL posting 4026","ERP"
"4027","2026-07-10","41026","CC001","1136","USD","31782.39","GL posting 4027","ERP"
"4028","2026-04-27","41035","CC010","1193","JPY","44785.07","GL posting 4028","ERP"
"4029","2026-06-26","41049","CC005","1025","EUR","25772.89","GL posting 4029","ERP"
"4030","2026-04-03","41016","CC020","1030","CHF","4242.52","GL posting 4030","ERP"
"4031","2026-02-23","41014","CC004","1089","JPY","19970.69","GL posting 4031","ERP"
"4032","2026-01-14","41007","CC004","1194","CHF","14532.2","GL posting 4032","ERP"
"4033","2026-07-03","41013","CC017","1046","JPY","28679.76","GL posting 4033","ERP"
"4034","2026-06-06","41042","CC011","1078","USD","14484.27","GL posting 4034","ERP"
"4035","2026-03-19","41000","CC018","1055","CHF","-2180.33","GL posting 4035","ERP"
"4036","2026-05-29","41044","CC002","1039","JPY","44596.33","GL posting 4036","ERP"
"4037","2026-02-06","41017","CC012","1148","USD","9109.89","GL posting 4037","ERP"
"4038","2026-04-18","41041","CC005","1079","JPY","28814.93","GL posting 4038","ERP"
"4039","2026-07-14","41006","CC018","1005","EUR","36308.7","GL posting 4039","ERP"
"4040","2026-05-09","41047","CC014","1131","USD","16302.89","GL posting 4040","ERP"
"4041","2026-03-15","41013","CC003","1090","EUR","4453.25","GL posting 4041","ERP"
"4042","2026-07-09","41013","CC014","1108","JPY","17580.53","GL posting 4042","ERP"
"4043","2026-04-01","41016","CC017","1192","USD","32314.93","GL posting 4043","ERP"
"4044","2026-04-23","41009","CC016","1047","JPY","5929.71","GL posting 4044","ERP"
"4045","2026-06-29","41002","CC014","1143","USD","20330.8","GL posting 4045","ERP"
"4046","2026-06-05","41022","CC016","1027","CHF","-545.62","GL posting 4046","ERP"
"4047","2026-04-05","41000","CC001","1008","USD","47876.72","GL posting 4047","ERP"
"4048","2026-03-08","41045","CC001","1043","USD","21894.21","GL posting 4048","ERP"
"4049","2026-02-11","41011","CC003","1110","GBP","7722.34","GL posting 4049","ERP"
"4050","2026-03-10","41036","CC011","1038","CHF","22561","GL posting 4050","ERP"
"4051","2026-01-11","41041","CC006","1049","GBP","31052.58","GL posting 4051","ERP"
"4052","2026-05-04","41009","CC017","1051","JPY","-36.41","GL posting 4052","ERP"
"4053","2026-03-07","41026","CC017","1003","CHF","-2673.58","GL posting 4053","ERP"
"4054","2026-02-23","41025","CC018","1012","JPY","-469.5","GL posting 4054","ERP"
"4055","2026-07-30","41017","CC010","1099","USD","17277.48","GL posting 4055","ERP"
"4056","2026-07-30","41000","CC013","1044","EUR","13804.54","GL posting 4056","ERP"
"4057","2026-05-30","41023","CC019","1156","EUR","41900.32","GL posting 4057","ERP"
"4058","2026-06-26","41009","CC001","1117","GBP","741.29","GL posting 4058","ERP"
"4059","2026-06-21","41020","CC001","1025","CHF","14769.46","GL posting 4059","ERP"
"4060","2026-07-18","41025","CC002","1115","CHF","18127.49","GL posting 4060","ERP"
"4061","2026-07-19","41001","CC016","1151","USD","23226.02","GL posting 4061","ERP"
"4062","2026-04-09","41019","CC008","1159","USD","2715.28","GL posting 4062","ERP"
"4063","2026-02-07","41012","CC020","1048","CHF","9216.35","GL posting 4063","ERP"
"4064","2026-06-28","41025","CC013","","JPY","44214.51","GL posting 4064","ERP"
"4065","2026-05-17","41024","CC004","1112","JPY","28430.73","GL posting 4065","ERP"
"4066","2026-01-16","41044","CC003","1186","CHF","-4754.87","GL posting 4066","ERP"
"4067","2026-01-27","41040","CC012","1117","EUR","20958.69","GL posting 4067","ERP"
"4068","2026-02-04","41044","CC019","1018","USD","46136.03","GL posting 4068","ERP"
"4069","2026-05-13","41039","CC012","1156","GBP","12823.36","GL posting 4069","ERP"
"4070","2026-02-07","41048","CC002","1080","USD","2090.96","GL posting 4070","ERP"
"4071","2026-07-28","41008","CC009","1166","CHF","20681.3","GL posting 4071","ERP"
"4072","2026-05-26","41012","CC016","1197","EUR","7675.67","GL posting 4072","ERP"
"4073","2026-04-23","41039","CC020","1010","GBP","10545.92","GL posting 4073","ERP"
"4074","2026-04-16","41022","CC019","1128","JPY","31540.21","GL posting 4074","ERP"
"4075","2026-03-30","41024","CC016","1059","USD","42563.8","GL posting 4075","ERP"
"4076","2026-04-02","41018","CC015","1198","USD","47471.96","GL posting 4076","ERP"
"4077","2026-01-25","41038","CC006","1004","JPY","43317.79","GL posting 4077","ERP"
"4078","2026-07-27","41038","CC010","1023","USD","41863.08","GL posting 4078","ERP"
"4079","2026-02-18","41044","CC013","1024","JPY","34311.85","GL posting 4079","ERP"
"4080","2026-01-06","41000","CC005","1125","EUR","3346.1","GL posting 4080","ERP"
"4081","2026-03-30","41001","CC004","1082","EUR","8158.78","GL posting 4081","ERP"
"4082","2026-06-17","41046","CC001","1117","JPY","26567.28","GL posting 4082","ERP"
"4083","2026-04-15","41049","CC016","1119","CHF","15432.82","GL posting 4083","ERP"
"4084","2026-06-30","41007","CC002","1162","JPY","8658.96","GL posting 4084","ERP"
"4085","2026-06-19","41012","CC015","1067","JPY","39636.39","GL posting 4085","ERP"
"4086","2026-03-20","41003","CC017","1145","CHF","12412.96","GL posting 4086","ERP"
"4087","2026-06-20","41041","CC019","1115","CHF","16461.1","GL posting 4087","ERP"
"4088","2026-05-22","41046","CC015","1085","USD","-4390.26","GL posting 4088","ERP"
"4089","2026-04-17","41009","CC016","1107","CHF","22946.74","GL posting 4089","ERP"
"4090","2026-07-23","41024","CC009","1132","CHF","6115.81","GL posting 4090","ERP"
"4091","2026-07-08","41035","CC011","1112","EUR","23642.91","GL posting 4091","ERP"
"4092","2026-05-13","41034","CC002","1163","USD","30317.41","GL posting 4092","ERP"
"4093","2026-01-28","41016","CC002","1192","EUR","4744.8","GL posting 4093","ERP"
"4094","2026-03-14","41035","CC010","1136","EUR","12989.9","GL posting 4094","ERP"
"4095","2026-04-26","41010","CC013","1180","JPY","43007.27","GL posting 4095","ERP"
"4096","2026-06-09","41007","CC001","1023","JPY","22119.04","GL posting 4096","ERP"
"4097","2026-07-28","41012","CC009","1047","EUR","20127.08","GL posting 4097","ERP"
"4098","2026-02-21","41010","CC010","1050","JPY","11335.05","GL posting 4098","ERP"
"4099","2026-02-24","41008","CC009","1132","EUR","26051","GL posting 4099","ERP"
"4100","2026-02-08","41028","CC019","1070","CHF","-4606.89","GL posting 4100","ERP"
"4101","2026-01-15","41000","CC019","1077","EUR","39221.24","GL posting 4101","ERP"
"4102","2026-02-18","41017","CC018","1093","JPY","41130.67","GL posting 4102","ERP"
"4103","2026-02-19","41023","CC020","1093","JPY","6213.14","GL posting 4103","ERP"
"4104","2026-06-07","41021","CC002","1050","GBP","28030.62","GL posting 4104","ERP"
"4105","2026-03-06","41033","CC012","1030","JPY","-4197.68","GL posting 4105","ERP"
"4106","2026-01-07","41028","CC003","1110","JPY","-1149.46","GL posting 4106","ERP"
"4107","2026-05-15","41036","CC004","1104","EUR","33494.48","GL posting 4107","ERP"
"4108","2026-03-28","41015","CC015","1017","USD","37670.11","GL posting 4108","ERP"
"4109","2026-05-09","41043","CC004","1041","GBP","29585.46","GL posting 4109","ERP"
"4110","2026-04-24","41045","CC005","1199","CHF","37762.92","GL posting 4110","ERP"
"4111","2026-01-15","41018","CC011","1113","GBP","32966.94","GL posting 4111","ERP"
"4112","2026-07-30","41040","CC003","1012","EUR","30926.81","GL posting 4112","ERP"
"4113","2026-04-19","41024","CC019","1065","JPY","-3108.73","GL posting 4113","ERP"
"4114","2026-02-02","41018","CC012","1130","CHF","7873.49","GL posting 4114","ERP"
"4115","2026-02-15","41001","CC003","1069","EUR","13111.12","GL posting 4115","ERP"
"4116","2026-01-21","41025","CC020","1152","EUR","47656.82","GL posting 4116","ERP"
"4117","2026-07-23","41009","CC002","1017","USD","39217.03","GL posting 4117","ERP"
"4118","2026-04-30","41014","CC019","1137","GBP","33585.16","GL posting 4118","ERP"
"4119","2026-02-14","41040","CC003","1013","GBP","43604.08","GL posting 4119","ERP"
"4120","2026-03-07","41047","CC011","1142","EUR","23400.05","GL posting 4120","ERP"
"4121","2026-03-12","41037","CC008","1079","USD","45199.85","GL posting 4121","ERP"
"4122","2026-02-19","41021","CC004","1049","GBP","37064.32","GL posting 4122","ERP"
"4123","2026-03-01","41005","CC018","1039","GBP","32060.78","GL posting 4123","ERP"
"4124","2026-05-14","41026","CC008","1092","GBP","37001.5","GL posting 4124","ERP"
"4125","2026-03-08","41049","CC015","1044","CHF","41545.08","GL posting 4125","ERP"
"4126","2026-05-18","41017","CC010","1070","GBP","10640.89","GL posting 4126","ERP"
"4127","2026-01-20","41043","CC003","1031","GBP","5518.86","GL posting 4127","ERP"
"4128","2026-04-25","41031","CC013","1052","CHF","49619.19","GL posting 4128","ERP"
"4129","2026-01-23","41017","CC018","1104","EUR","40794.21","GL posting 4129","ERP"
"4130","2026-03-02","41029","CC017","1018","USD","11875.85","GL posting 4130","ERP"
"4131","2026-01-23","41009","CC003","1158","CHF","9922.03","GL posting 4131","ERP"
"4132","2026-02-14","41037","CC017","1005","USD","38771.87","GL posting 4132","ERP"
"4133","2026-04-13","41031","CC002","1084","USD","34031.29","GL posting 4133","ERP"
"4134","2026-02-20","41040","CC020","1132","EUR","26669.6","GL posting 4134","ERP"
"4135","2026-07-02","41017","CC009","","JPY","21802.09","GL posting 4135","ERP"
"4136","2026-03-13","41004","CC018","1074","CHF","-2932.13","GL posting 4136","ERP"
"4137","2026-07-02","41004","CC006","1129","JPY","48621.39","GL posting 4137","ERP"
"4138","2026-03-20","41027","CC016","1047","CHF","37328.33","GL posting 4138","ERP"
"4139","2026-05-12","41016","CC012","1099","GBP","6583.79","GL posting 4139","ERP"
"4140","2026-01-21","41000","CC007","1002","CHF","30606.83","GL posting 4140","ERP"
"4141","2026-06-30","41000","CC008","1077","EUR","-3996.89","GL posting 4141","ERP"
"4142","2026-04-27","41032","CC020","1123","JPY","36706.89","GL posting 4142","ERP"
"4143","2026-01-01","41033","CC001","1051","GBP","26650.79","GL posting 4143","ERP"
"4144","2026-02-11","41032","CC003","1078","JPY","22369.46","GL posting 4144","ERP"
"4145","2026-05-26","41038","CC013","1199","JPY","6107.47","GL posting 4145","ERP"
"4146","2026-06-26","41039","CC010","1017","USD","35460.34","GL posting 4146","ERP"
"4147","2026-01-15","41037","CC008","1051","USD","-2193.67","GL posting 4147","ERP"
"4148","2026-07-15","41044","CC009","1159","GBP","45456.64","GL posting 4148","ERP"
"4149","2026-03-12","41039","CC012","1010","JPY","2363.06","GL posting 4149","ERP"
"4150","2026-02-04","41014","CC012","1056","EUR","23867.2","GL posting 4150","ERP"
"4151","2026-01-11","41004","CC019","1175","EUR","25402.89","GL posting 4151","ERP"
"4152","2026-03-30","41036","CC004","1007","GBP","6171.29","GL posting 4152","ERP"
"4153","2026-06-23","41016","CC019","1099","GBP","13164.45","GL posting 4153","ERP"
"4154","2026-04-27","41042","CC013","1114","GBP","6496.26","GL posting 4154","ERP"
"4155","2026-06-09","41043","CC020","1174","CHF","429.41","GL posting 4155","ERP"
"4156","2026-06-07","41018","CC018","1132","EUR","39298.41","GL posting 4156","ERP"
"4157","2026-03-04","41011","CC001","1138","JPY","33700.4","GL posting 4157","ERP"
"4158","2026-04-05","41035","CC010","1028","CHF","35105.11","GL posting 4158","ERP"
"4159","2026-02-28","41003","CC015","1035","CHF","46133.03","GL posting 4159","ERP"
"4160","2026-02-18","41005","CC017","1040","EUR","43429.19","GL posting 4160","ERP"
"4161","2026-03-26","41046","CC012","1142","EUR","41196.11","GL posting 4161","ERP"
"4162","2026-03-22","41013","CC005","1142","EUR","5292.93","GL posting 4162","ERP"
"4163","2026-01-20","41046","CC009","1177","EUR","25756.91","GL posting 4163","ERP"
"4164","2026-04-12","41008","CC019","1127","CHF","47855.51","GL posting 4164","ERP"
"4165","2026-02-11","41032","CC016","1158","JPY","21766.14","GL posting 4165","ERP"
"4166","2026-07-04","41027","CC017","1197","JPY","48381.62","GL posting 4166","ERP"
"4167","2026-02-14","41013","CC013","1038","GBP","11486.17","GL posting 4167","ERP"
"4168","2026-05-24","41030","CC005","1107","EUR","2577.09","GL posting 4168","ERP"
"4169","2026-01-01","41036","CC014","1055","USD","28458.64","GL posting 4169","ERP"
"4170","2026-04-04","41021","CC016","1161","GBP","23549.95","GL posting 4170","ERP"
"4171","2026-06-06","41030","CC012","1084","EUR","28544.41","GL posting 4171","ERP"
"4172","2026-06-15","41031","CC006","1097","GBP","11991.89","GL posting 4172","ERP"
"4173","2026-01-23","41010","CC004","1000","USD","20079.56","GL posting 4173","ERP"
"4174","2026-03-09","41004","CC002","1079","GBP","10400.42","GL posting 4174","ERP"
"4175","2026-06-13","41030","CC011","1021","GBP","29143.76","GL posting 4175","ERP"
"4176","2026-06-16","41018","CC001","1157","CHF","9611.25","GL posting 4176","ERP"
"4177","2026-07-02","41015","CC007","1103","JPY","7515.17","GL posting 4177","ERP"
"4178","2026-04-09","41014","CC004","1045","CHF","961.02","GL posting 4178","ERP"
"4179","2026-07-19","41033","CC005","1012","JPY","13145.89","GL posting 4179","ERP"
"4180","2026-06-11","41046","CC013","1148","JPY","2961.95","GL posting 4180","ERP"
"4181","2026-07-15","41043","CC005","1164","JPY","15517.97","GL posting 4181","ERP"
"4182","2026-02-10","41021","CC007","1165","GBP","12775.67","GL posting 4182","ERP"
"4183","2026-02-10","41034","CC012","1110","JPY","47561.15","GL posting 4183","ERP"
"4184","2026-05-26","41008","CC010","1192","JPY","-1537.77","GL posting 4184","ERP"
"4185","2026-05-17","41039","CC003","1191","CHF","40443.5","GL posting 4185","ERP"
"4186","2026-07-16","41045","CC011","1158","EUR","20421.71","GL posting 4186","ERP"
"4187","2026-03-06","41032","CC013","1049","EUR","15833.19","GL posting 4187","ERP"
"4188","2026-03-07","41009","CC003","1184","GBP","21853.16","GL posting 4188","ERP"
"4189","2026-07-16","41024","CC019","1195","GBP","26925.29","GL posting 4189","ERP"
"4190","2026-04-16","41005","CC001","1001","USD","40337.26","GL posting 4190","ERP"
"4191","2026-06-24","41004","CC013","1162","CHF","28991.6","GL posting 4191","ERP"
"4192","2026-01-28","41032","CC010","1038","CHF","47416.29","GL posting 4192","ERP"
"4193","2026-04-01","41048","CC007","1081","USD","2022.07","GL posting 4193","ERP"
"4194","2026-03-01","41039","CC009","1005","GBP","20969.41","GL posting 4194","ERP"
"4195","2026-05-08","41025","CC003","1193","JPY","-4818.46","GL posting 4195","ERP"
"4196","2026-06-04","41047","CC018","1189","GBP","13594.65","GL posting 4196","ERP"
"4197","2026-05-21","41044","CC008","1119","USD","10010.04","GL posting 4197","ERP"
"4198","2026-07-20","41008","CC019","1187","CHF","21565.26","GL posting 4198","ERP"
"4199","2026-01-12","41023","CC016","1037","GBP","10083.97","GL posting 4199","ERP"
"4200","2026-03-20","41049","CC006","1145","GBP","2247.51","GL posting 4200","ERP"
"4201","2026-02-14","41007","CC006","1044","EUR","12162.78","GL posting 4201","ERP"
"4202","2026-01-14","41033","CC020","1154","EUR","-4050.36","GL posting 4202","ERP"
"4203","2026-05-20","41030","CC011","1197","USD","45842.66","GL posting 4203","ERP"
"4204","2026-07-15","41012","CC012","1177","GBP","3511.52","GL posting 4204","ERP"
"4205","2026-01-12","41029","CC020","1001","USD","17460.3","GL posting 4205","ERP"
"4206","2026-04-08","41039","CC014","1006","EUR","16481.61","GL posting 4206","ERP"
"4207","2026-06-23","41017","CC012","1084","EUR","47895.89","GL posting 4207","ERP"
"4208","2026-07-21","41006","CC017","1173","GBP","13510","GL posting 4208","ERP"
"4209","2026-05-17","41028","CC019","","GBP","41094.2","GL posting 4209","ERP"
"4210","2026-06-20","41007","CC009","1159","EUR","2576.85","GL posting 4210","ERP"
"4211","2026-04-17","41029","CC004","1078","USD","45930.29","GL posting 4211","ERP"
"4212","2026-04-07","41032","CC002","1198","JPY","39890.75","GL posting 4212","ERP"
"4213","2026-01-19","41040","CC016","1075","JPY","19826.05","GL posting 4213","ERP"
"4214","2026-07-16","41021","CC002","1190","GBP","32734.65","GL posting 4214","ERP"
"4215","2026-04-17","41045","CC015","1172","CHF","4515.24","GL posting 4215","ERP"
"4216","2026-02-06","41005","CC007","1102","CHF","21379.2","GL posting 4216","ERP"
"4217","2026-07-02","41048","CC007","1158","GBP","8134.1","GL posting 4217","ERP"
"4218","2026-01-15","41025","CC002","1081","GBP","24842.85","GL posting 4218","ERP"
"4219","2026-04-21","41045","CC018","1048","GBP","33577.4","GL posting 4219","ERP"
"4220","2026-05-17","41014","CC016","1154","CHF","15337.88","GL posting 4220","ERP"
"4221","2026-07-25","41040","CC020","1196","JPY","44134.46","GL posting 4221","ERP"
"4222","2026-01-15","41009","CC009","1171","EUR","39735.28","GL posting 4222","ERP"
"4223","2026-01-23","41031","CC006","1062","JPY","29108.97","GL posting 4223","ERP"
"4224","2026-03-12","41046","CC016","1027","GBP","-580.08","GL posting 4224","ERP"
"4225","2026-07-03","41007","CC006","1142","CHF","12609.63","GL posting 4225","ERP"
"4226","2026-06-06","41002","CC014","1059","EUR","39256.54","GL posting 4226","ERP"
"4227","2026-07-16","41007","CC018","1131","USD","34140.37","GL posting 4227","ERP"
"4228","2026-03-29","41045","CC011","1005","EUR","10183.86","GL posting 4228","ERP"
"4229","2026-02-26","41005","CC009","1104","CHF","5537.86","GL posting 4229","ERP"
"4230","2026-03-22","41022","CC008","1102","JPY","47989.93","GL posting 4230","ERP"
"4231","2026-02-18","41002","CC016","1021","CHF","-4473.59","GL posting 4231","ERP"
"4232","2026-04-01","41049","CC018","1155","GBP","14887.09","GL posting 4232","ERP"
"4233","2026-02-05","41025","CC008","1130","JPY","9871.05","GL posting 4233","ERP"
"4234","2026-01-19","41045","CC013","1045","CHF","41678.11","GL posting 4234","ERP"
"4235","2026-02-06","41025","CC006","1004","GBP","31424.4","GL posting 4235","ERP"
"4236","2026-03-01","41004","CC002","1184","JPY","13707.89","GL posting 4236","ERP"
"4237","2026-05-11","41006","CC019","1133","GBP","30439.17","GL posting 4237","ERP"
"4238","2026-07-30","41046","CC014","1097","USD","-3521.4","GL posting 4238","ERP"
"4239","2026-06-01","41010","CC010","1022","USD","39192.7","GL posting 4239","ERP"
"4240","2026-03-11","41002","CC019","1024","EUR","-2523.09","GL posting 4240","ERP"
"4241","2026-04-30","41048","CC009","1160","GBP","32117.38","GL posting 4241","ERP"
"4242","2026-03-21","41013","CC019","1197","JPY","31236.63","GL posting 4242","ERP"
"4243","2026-06-25","41013","CC019","1153","EUR","20564.33","GL posting 4243","ERP"
"4244","2026-04-26","41044","CC004","1197","CHF","32703.19","GL posting 4244","ERP"
"4245","2026-02-28","41000","CC011","1065","EUR","27906.47","GL posting 4245","ERP"
"4246","2026-07-16","41040","CC015","1071","EUR","45341.07","GL posting 4246","ERP"
"4247","2026-01-05","41023","CC020","1037","GBP","8977.72","GL posting 4247","ERP"
"4248","2026-06-13","41036","CC009","1171","EUR","14123.4","GL posting 4248","ERP"
"4249","2026-03-17","41016","CC010","1160","JPY","-2772.64","GL posting 4249","ERP"
"4250","2026-02-03","41001","CC002","1087","EUR","25510.04","GL posting 4250","ERP"
"4251","2026-03-02","41045","CC007","","EUR","34631.91","GL posting 4251","ERP"
"4252","2026-02-28","41009","CC012","1019","USD","27967.83","GL posting 4252","ERP"
"4253","2026-06-04","41035","CC017","1138","CHF","47656.39","GL posting 4253","ERP"
"4254","2026-03-31","41020","CC014","1138","USD","14227.88","GL posting 4254","ERP"
"4255","2026-01-10","41035","CC011","1084","JPY","36925.09","GL posting 4255","ERP"
"4256","2026-02-06","41044","CC004","1148","JPY","11853.79","GL posting 4256","ERP"
"4257","2026-06-10","41004","CC009","1066","GBP","40757.1","GL posting 4257","ERP"
"4258","2026-02-07","41047","CC014","1156","GBP","1147.13","GL posting 4258","ERP"
"4259","2026-03-10","41040","CC013","1194","USD","31769.14","GL posting 4259","ERP"
"4260","2026-01-07","41026","CC011","1025","CHF","35523.33","GL posting 4260","ERP"
"4261","2026-05-28","41043","CC014","1093","GBP","-2134.86","GL posting 4261","ERP"
"4262","2026-03-13","41019","CC012","1107","USD","-2302.02","GL posting 4262","ERP"
"4263","2026-07-12","41024","CC001","1142","USD","19247.17","GL posting 4263","ERP"
"4264","2026-06-19","41033","CC015","1054","JPY","6821.95","GL posting 4264","ERP"
"4265","2026-05-28","41031","CC006","1132","EUR","38101.7","GL posting 4265","ERP"
"4266","2026-02-19","41029","CC016","1099","GBP","7420.28","GL posting 4266","ERP"
"4267","2026-05-02","41003","CC012","1085","CHF","12807.26","GL posting 4267","ERP"
"4268","2026-06-30","41022","CC015","1107","USD","717.96","GL posting 4268","ERP"
"4269","2026-03-05","41038","CC001","1109","USD","18313.15","GL posting 4269","ERP"
"4270","2026-01-06","41039","CC001","1140","EUR","20844.95","GL posting 4270","ERP"
"4271","2026-02-21","41020","CC002","1026","CHF","6388.71","GL posting 4271","ERP"
"4272","2026-03-04","41008","CC013","1084","USD","33674.62","GL posting 4272","ERP"
"4273","2026-01-07","41018","CC003","1125","JPY","11858.14","GL posting 4273","ERP"
"4274","2026-05-29","41004","CC011","1042","EUR","1499.54","GL posting 4274","ERP"
"4275","2026-02-15","41026","CC006","1122","CHF","9330.22","GL posting 4275","ERP"
"4276","2026-03-21","41015","CC009","1189","CHF","35597.12","GL posting 4276","ERP"
"4277","2026-07-13","41036","CC003","1056","CHF","762.86","GL posting 4277","ERP"
"4278","2026-04-24","41048","CC015","1089","EUR","23595.18","GL posting 4278","ERP"
"4279","2026-07-02","41019","CC009","1055","GBP","590.74","GL posting 4279","ERP"
"4280","2026-03-05","41019","CC017","1035","JPY","43488.97","GL posting 4280","ERP"
"4281","2026-03-09","41020","CC014","1055","USD","47339.11","GL posting 4281","ERP"
"4282","2026-07-11","41038","CC009","1046","GBP","5730.11","GL posting 4282","ERP"
"4283","2026-04-30","41014","CC009","1178","EUR","27263.59","GL posting 4283","ERP"
"4284","2026-02-26","41011","CC003","1086","USD","48980.39","GL posting 4284","ERP"
"4285","2026-05-20","41038","CC020","1016","GBP","46527.2","GL posting 4285","ERP"
"4286","2026-05-05","41010","CC006","1132","GBP","-4734.55","GL posting 4286","ERP"
"4287","2026-05-30","41012","CC015","1170","EUR","23089.85","GL posting 4287","ERP"
"4288","2026-07-14","41035","CC020","1005","GBP","34795.96","GL posting 4288","ERP"
"4289","2026-05-04","41023","CC005","1176","JPY","25292.77","GL posting 4289","ERP"
"4290","2026-03-03","41020","CC017","1134","CHF","-2245.37","GL posting 4290","ERP"
"4291","2026-06-13","41031","CC008","1025","USD","33153.3","GL posting 4291","ERP"
"4292","2026-02-02","41011","CC015","1189","JPY","37653.85","GL posting 4292","ERP"
"4293","2026-02-13","41036","CC006","1077","EUR","42999.66","GL posting 4293","ERP"
"4294","2026-06-10","41033","CC015","1013","USD","32499.43","GL posting 4294","ERP"
"4295","2026-02-25","41013","CC003","1155","GBP","10282.89","GL posting 4295","ERP"
"4296","2026-05-31","41022","CC011","1016","USD","17638.34","GL posting 4296","ERP"
"4297","2026-01-27","41048","CC019","1119","USD","3275.94","GL posting 4297","ERP"
"4298","2026-07-21","41034","CC004","1121","USD","49155.69","GL posting 4298","ERP"
"4299","2026-06-26","41023","CC003","1197","EUR","31807.12","GL posting 4299","ERP"
"4300","2026-06-21","41042","CC008","1056","GBP","2495.43","GL posting 4300","ERP"
"4301","2026-02-03","41029","CC013","1180","USD","30803.23","GL posting 4301","ERP"
"4302","2026-07-15","41005","CC003","1015","EUR","42969.65","GL posting 4302","ERP"
"4303","2026-06-02","41042","CC016","1131","CHF","34692.79","GL posting 4303","ERP"
"4304","2026-04-03","41039","CC016","1165","CHF","45317.79","GL posting 4304","ERP"
"4305","2026-03-04","41026","CC017","1107","GBP","42477.03","GL posting 4305","ERP"
"4306","2026-04-30","41012","CC008","1171","USD","-3073.91","GL posting 4306","ERP"
"4307","2026-07-04","41031","CC004","1185","GBP","43215.25","GL posting 4307","ERP"
"4308","2026-04-11","41036","CC013","1087","USD","46465.95","GL posting 4308","ERP"
"4309","2026-03-28","41013","CC008","1156","GBP","20684.95","GL posting 4309","ERP"
"4310","2026-06-05","41036","CC006","1071","GBP","-1539.79","GL posting 4310","ERP"
"4311","2026-04-24","41045","CC014","1147","CHF","25352.91","GL posting 4311","ERP"
"4312","2026-07-02","41044","CC008","1080","USD","34463.89","GL posting 4312","ERP"
"4313","2026-03-29","41044","CC011","1123","GBP","5654.21","GL posting 4313","ERP"
"4314","2026-02-24","41005","CC014","1163","EUR","35857.21","GL posting 4314","ERP"
"4315","2026-07-09","41004","CC005","1121","USD","10287.37","GL posting 4315","ERP"
"4316","2026-06-05","41031","CC010","1018","JPY","1923.18","GL posting 4316","ERP"
"4317","2026-05-28","41003","CC007","1046","JPY","17058.03","GL posting 4317","ERP"
"4318","2026-02-02","41045","CC003","1198","JPY","30039.72","GL posting 4318","ERP"
"4319","2026-06-22","41004","CC015","1034","EUR","45802.03","GL posting 4319","ERP"
"4320","2026-05-30","41019","CC002","1186","GBP","48482.41","GL posting 4320","ERP"
"4321","2026-01-14","41014","CC019","1179","EUR","21973.78","GL posting 4321","ERP"
"4322","2026-01-15","41030","CC019","1051","JPY","42518.87","GL posting 4322","ERP"
"4323","2026-02-20","41028","CC009","1160","USD","39015.27","GL posting 4323","ERP"
"4324","2026-05-04","41017","CC006","1132","GBP","36686.6","GL posting 4324","ERP"
"4325","2026-07-16","41032","CC003","1059","CHF","29351.24","GL posting 4325","ERP"
"4326","2026-04-17","41042","CC018","1058","GBP","35095.28","GL posting 4326","ERP"
"4327","2026-06-29","41013","CC014","1099","GBP","33045.28","GL posting 4327","ERP"
"4328","2026-07-29","41007","CC014","1170","GBP","46539.38","GL posting 4328","ERP"
"4329","2026-03-21","41015","CC018","1055","CHF","46329.84","GL posting 4329","ERP"
"4330","2026-02-26","41034","CC004","1129","CHF","32.83","GL posting 4330","ERP"
"4331","2026-05-22","41029","CC009","1037","USD","44300.47","GL posting 4331","ERP"
"4332","2026-02-13","41008","CC006","1136","EUR","27456.55","GL posting 4332","ERP"
"4333","2026-07-20","41046","CC003","1177","EUR","5778.7","GL posting 4333","ERP"
"4334","2026-04-17","41028","CC012","1139","CHF","27500.73","GL posting 4334","ERP"
"4335","2026-03-25","41038","CC013","1085","GBP","4652.13","GL posting 4335","ERP"
"4336","2026-06-19","41014","CC009","1045","CHF","49284.89","GL posting 4336","ERP"
"4337","2026-06-12","41047","CC005","1146","CHF","8189.98","GL posting 4337","ERP"
"4338","2026-06-18","41042","CC004","1069","JPY","29856.05","GL posting 4338","ERP"
"4339","2026-04-17","41006","CC010","1185","CHF","46895.11","GL posting 4339","ERP"
"4340","2026-04-10","41006","CC018","1141","EUR","33850.94","GL posting 4340","ERP"
"4341","2026-07-20","41016","CC014","1107","EUR","28168.07","GL posting 4341","ERP"
"4342","2026-05-27","41048","CC009","1044","GBP","12998.52","GL posting 4342","ERP"
"4343","2026-07-04","41024","CC005","1000","GBP","34181.04","GL posting 4343","ERP"
"4344","2026-05-12","41026","CC018","1168","EUR","-910.07","GL posting 4344","ERP"
"4345","2026-02-16","41028","CC020","1113","GBP","35217.13","GL posting 4345","ERP"
"4346","2026-05-17","41007","CC001","1095","EUR","4688.32","GL posting 4346","ERP"
"4347","2026-07-22","41008","CC014","1089","USD","46480.55","GL posting 4347","ERP"
"4348","2026-04-20","41029","CC013","1021","CHF","-3319.71","GL posting 4348","ERP"
"4349","2026-07-19","41034","CC016","1098","EUR","3013.13","GL posting 4349","ERP"
"4350","2026-05-02","41002","CC004","1100","EUR","32679.18","GL posting 4350","ERP"
"4351","2026-07-09","41046","CC013","1052","CHF","10518.28","GL posting 4351","ERP"
"4352","2026-03-22","41047","CC020","1010","CHF","17992.26","GL posting 4352","ERP"
"4353","2026-01-01","41043","CC011","1171","EUR","34692.35","GL posting 4353","ERP"
"4354","2026-07-10","41048","CC011","1114","EUR","8532.66","GL posting 4354","ERP"
"4355","2026-06-13","41016","CC012","1159","JPY","2230.26","GL posting 4355","ERP"
"4356","2026-06-21","41018","CC003","1105","USD","-4352.88","GL posting 4356","ERP"
"4357","2026-03-11","41023","CC006","1125","JPY","2659.14","GL posting 4357","ERP"
"4358","2026-04-30","41018","CC002","1009","CHF","36186.19","GL posting 4358","ERP"
"4359","2026-06-23","41041","CC002","1183","USD","19942.97","GL posting 4359","ERP"
"4360","2026-05-08","41024","CC016","1053","CHF","41706.58","GL posting 4360","ERP"
"4361","2026-07-05","41019","CC010","1039","GBP","20635.18","GL posting 4361","ERP"
"4362","2026-05-07","41042","CC020","1029","JPY","23885.15","GL posting 4362","ERP"
"4363","2026-04-28","41033","CC017","1192","GBP","33917.31","GL posting 4363","ERP"
"4364","2026-01-13","41020","CC009","1187","USD","1995.45","GL posting 4364","ERP"
"4365","2026-07-03","41031","CC001","1079","EUR","39455.25","GL posting 4365","ERP"
"4366","2026-05-02","41027","CC014","1010","JPY","35682.54","GL posting 4366","ERP"
"4367","2026-07-04","41002","CC013","1199","USD","8680.48","GL posting 4367","ERP"
"4368","2026-01-20","41016","CC002","1074","CHF","-2951.64","GL posting 4368","ERP"
"4369","2026-01-28","41007","CC002","1053","JPY","-1306.88","GL posting 4369","ERP"
"4370","2026-07-06","41003","CC008","1085","USD","44223.33","GL posting 4370","ERP"
"4371","2026-05-10","41009","CC011","1161","GBP","28155.07","GL posting 4371","ERP"
"4372","2026-04-21","41049","CC019","1088","CHF","11462.68","GL posting 4372","ERP"
"4373","2026-04-20","41029","CC018","1060","EUR","34468.66","GL posting 4373","ERP"
"4374","2026-07-27","41037","CC010","1018","USD","8659.01","GL posting 4374","ERP"
"4375","2026-04-06","41024","CC014","1179","USD","37864.81","GL posting 4375","ERP"
"4376","2026-03-04","41039","CC019","1089","USD","37815.8","GL posting 4376","ERP"
"4377","2026-07-23","41031","CC006","1065","JPY","15202.21","GL posting 4377","ERP"
"4378","2026-02-26","41013","CC010","1115","EUR","8112.48","GL posting 4378","ERP"
"4379","2026-01-28","41006","CC017","1029","CHF","6266.31","GL posting 4379","ERP"
"4380","2026-03-31","41004","CC016","1019","CHF","45600.14","GL posting 4380","ERP"
"4381","2026-04-01","41006","CC019","1118","EUR","6154.96","GL posting 4381","ERP"
"4382","2026-02-23","41020","CC004","1117","GBP","31207.71","GL posting 4382","ERP"
"4383","2026-05-29","41034","CC004","1012","GBP","13040.43","GL posting 4383","ERP"
"4384","2026-02-23","41018","CC004","1119","CHF","11282.81","GL posting 4384","ERP"
"4385","2026-06-07","41012","CC015","1074","CHF","31576.45","GL posting 4385","ERP"
"4386","2026-06-19","41009","CC017","1149","GBP","41011.13","GL posting 4386","ERP"
"4387","2026-02-05","41023","CC018","1089","EUR","16508.47","GL posting 4387","ERP"
"4388","2026-05-10","41031","CC007","1156","EUR","6323.59","GL posting 4388","ERP"
"4389","2026-05-19","41025","CC007","1135","GBP","28385.75","GL posting 4389","ERP"
"4390","2026-04-22","41018","CC016","1176","USD","6006.83","GL posting 4390","ERP"
"4391","2026-05-03","41037","CC005","1149","USD","46254.41","GL posting 4391","ERP"
"4392","2026-07-28","41025","CC003","1106","JPY","39422.76","GL posting 4392","ERP"
"4393","2026-04-22","41011","CC016","1080","GBP","41227.01","GL posting 4393","ERP"
"4394","2026-02-07","41034","CC006","1197","GBP","49288.48","GL posting 4394","ERP"
"4395","2026-06-25","41019","CC002","1008","GBP","24854.76","GL posting 4395","ERP"
"4396","2026-02-22","41025","CC018","1077","JPY","31355.31","GL posting 4396","ERP"
"4397","2026-05-22","41047","CC005","1161","GBP","-3552.31","GL posting 4397","ERP"
"4398","2026-05-25","41010","CC008","1027","USD","31734.15","GL posting 4398","ERP"
"4399","2026-05-25","41029","CC012","1014","JPY","19839.11","GL posting 4399","ERP"
"4400","2026-03-24","41006","CC015","1156","EUR","16366.4","GL posting 4400","ERP"
"4401","2026-05-20","41011","CC008","1099","GBP","10326.75","GL posting 4401","ERP"
"4402","2026-04-10","41021","CC015","1037","USD","49688.31","GL posting 4402","ERP"
"4403","2026-06-28","41021","CC003","1108","JPY","-3154.82","GL posting 4403","ERP"
"4404","2026-07-03","41041","CC015","1094","USD","14592.42","GL posting 4404","ERP"
"4405","2026-03-01","41003","CC009","1030","GBP","16999.48","GL posting 4405","ERP"
"4406","2026-03-10","41028","CC007","1103","CHF","49317.87","GL posting 4406","ERP"
"4407","2026-02-13","41034","CC013","1197","JPY","28888.99","GL posting 4407","ERP"
"4408","2026-05-08","41001","CC007","1116","GBP","17186.1","GL posting 4408","ERP"
"4409","2026-06-14","41015","CC006","1098","CHF","-3417.96","GL posting 4409","ERP"
"4410","2026-03-06","41006","CC003","1144","USD","14659.81","GL posting 4410","ERP"
"4411","2026-02-17","41006","CC019","1151","CHF","12301.69","GL posting 4411","ERP"
"4412","2026-01-26","41000","CC019","1083","JPY","39541.01","GL posting 4412","ERP"
"4413","2026-05-26","41013","CC004","1164","GBP","6466.01","GL posting 4413","ERP"
"4414","2026-04-16","41014","CC006","1061","USD","38915.53","GL posting 4414","ERP"
"4415","2026-02-27","41000","CC006","1007","USD","47441.63","GL posting 4415","ERP"
"4416","2026-01-15","41022","CC012","1165","GBP","33791.17","GL posting 4416","ERP"
"4417","2026-01-20","41046","CC002","1069","EUR","31343.43","GL posting 4417","ERP"
"4418","2026-07-04","41007","CC019","1135","EUR","13540.76","GL posting 4418","ERP"
"4419","2026-04-29","41047","CC011","1100","JPY","45433.93","GL posting 4419","ERP"
"4420","2026-01-09","41024","CC005","1034","USD","6622.68","GL posting 4420","ERP"
"4421","2026-01-22","41030","CC019","1172","USD","1591.05","GL posting 4421","ERP"
"4422","2026-07-28","41046","CC019","1079","GBP","40415.14","GL posting 4422","ERP"
"4423","2026-07-23","41033","CC016","1004","EUR","42612.11","GL posting 4423","ERP"
"4424","2026-07-09","41042","CC013","1108","CHF","42952.25","GL posting 4424","ERP"
"4425","2026-06-28","41039","CC008","1193","USD","47545.57","GL posting 4425","ERP"
"4426","2026-04-07","41035","CC004","1037","USD","37290.32","GL posting 4426","ERP"
"4427","2026-05-05","41018","CC018","1091","USD","11463.97","GL posting 4427","ERP"
"4428","2026-03-12","41003","CC010","1124","GBP","-384.11","GL posting 4428","ERP"
"4429","2026-07-07","41049","CC004","1058","GBP","40440.73","GL posting 4429","ERP"
"4430","2026-07-11","41000","CC002","1155","USD","42813.59","GL posting 4430","ERP"
"4431","2026-02-12","41016","CC008","1023","CHF","43371.51","GL posting 4431","ERP"
"4432","2026-04-18","41015","CC018","1169","USD","-818.13","GL posting 4432","ERP"
"4433","2026-01-22","41017","CC012","1037","EUR","45077.2","GL posting 4433","ERP"
"4434","2026-06-11","41001","CC015","1055","CHF","42734.73","GL posting 4434","ERP"
"4435","2026-04-10","41030","CC002","1022","JPY","22606.98","GL posting 4435","ERP"
"4436","2026-02-05","41005","CC006","1167","GBP","19997.64","GL posting 4436","ERP"
"4437","2026-03-28","41008","CC001","1006","CHF","17708.97","GL posting 4437","ERP"
"4438","2026-03-21","41025","CC002","1096","USD","12627.56","GL posting 4438","ERP"
"4439","2026-01-14","41017","CC015","1048","JPY","13503.71","GL posting 4439","ERP"
"4440","2026-06-18","41005","CC003","1198","EUR","13056.79","GL posting 4440","ERP"
"4441","2026-06-09","41015","CC015","1147","JPY","13593.06","GL posting 4441","ERP"
"4442","2026-05-02","41038","CC010","1104","GBP","2869.15","GL posting 4442","ERP"
"4443","2026-06-01","41046","CC020","1135","JPY","19800.89","GL posting 4443","ERP"
"4444","2026-04-02","41034","CC014","1102","JPY","29441.78","GL posting 4444","ERP"
"4445","2026-04-16","41037","CC010","1029","USD","19962.21","GL posting 4445","ERP"
"4446","2026-01-24","41028","CC009","1083","GBP","11336.41","GL posting 4446","ERP"
"4447","2026-03-21","41032","CC001","1128","USD","21109.72","GL posting 4447","ERP"
"4448","2026-03-03","41003","CC002","1141","CHF","20325.67","GL posting 4448","ERP"
"4449","2026-01-15","41049","CC004","1096","GBP","9322.14","GL posting 4449","ERP"
"4450","2026-06-08","41033","CC008","1193","CHF","41243.53","GL posting 4450","ERP"
"4451","2026-01-11","41010","CC016","1027","CHF","15234.77","GL posting 4451","ERP"
"4452","2026-01-24","41001","CC003","","USD","-4998.44","GL posting 4452","ERP"
"4453","2026-05-18","41007","CC012","1189","JPY","-4007.5","GL posting 4453","ERP"
"4454","2026-02-16","41008","CC020","1066","CHF","-2307.31","GL posting 4454","ERP"
"4455","2026-06-15","41035","CC009","1056","GBP","45170.09","GL posting 4455","ERP"
"4456","2026-04-16","41008","CC017","1176","USD","-1301.9","GL posting 4456","ERP"
"4457","2026-04-08","41018","CC010","1162","USD","-2253.6","GL posting 4457","ERP"
"4458","2026-05-01","41036","CC007","1148","CHF","15746.25","GL posting 4458","ERP"
"4459","2026-04-06","41010","CC004","1023","GBP","29077.4","GL posting 4459","ERP"
"4460","2026-02-08","41024","CC017","1015","USD","10566.24","GL posting 4460","ERP"
"4461","2026-01-27","41045","CC017","1145","CHF","34461.02","GL posting 4461","ERP"
"4462","2026-02-20","41002","CC007","1146","GBP","39467.7","GL posting 4462","ERP"
"4463","2026-02-28","41011","CC008","1121","GBP","10225.74","GL posting 4463","ERP"
"4464","2026-05-25","41010","CC012","1199","USD","1380.06","GL posting 4464","ERP"
"4465","2026-07-05","41031","CC020","1062","GBP","35264.46","GL posting 4465","ERP"
"4466","2026-01-24","41017","CC017","1030","USD","28423.54","GL posting 4466","ERP"
"4467","2026-04-13","41027","CC009","1044","GBP","13460.62","GL posting 4467","ERP"
"4468","2026-01-26","41035","CC001","1121","EUR","3452.43","GL posting 4468","ERP"
"4469","2026-04-17","41028","CC015","1160","USD","21629.27","GL posting 4469","ERP"
"4470","2026-05-09","41037","CC018","1080","CHF","743.87","GL posting 4470","ERP"
"4471","2026-07-20","41010","CC017","1010","GBP","27262.68","GL posting 4471","ERP"
"4472","2026-02-23","41041","CC001","1118","USD","-4128.97","GL posting 4472","ERP"
"4473","2026-05-25","41017","CC015","1139","GBP","12544.31","GL posting 4473","ERP"
"4474","2026-05-24","41016","CC020","1093","USD","28724.77","GL posting 4474","ERP"
"4475","2026-05-14","41022","CC017","1147","CHF","26052.03","GL posting 4475","ERP"
"4476","2026-03-10","41035","CC003","1014","CHF","25480.79","GL posting 4476","ERP"
"4477","2026-04-02","41027","CC007","1003","CHF","38057.6","GL posting 4477","ERP"
"4478","2026-06-06","41010","CC019","1158","CHF","-274.44","GL posting 4478","ERP"
"4479","2026-06-23","41023","CC002","1196","CHF","43092.36","GL posting 4479","ERP"
"4480","2026-02-08","41008","CC003","1135","CHF","27919.94","GL posting 4480","ERP"
"4481","2026-03-18","41010","CC007","1133","JPY","21897.04","GL posting 4481","ERP"
"4482","2026-02-21","41038","CC007","1085","GBP","-4287.86","GL posting 4482","ERP"
"4483","2026-05-23","41013","CC004","1151","GBP","39103.19","GL posting 4483","ERP"
"4484","2026-02-13","41035","CC013","1076","GBP","5244.99","GL posting 4484","ERP"
"4485","2026-04-05","41021","CC013","1135","EUR","9984.84","GL posting 4485","ERP"
"4486","2026-06-05","41002","CC009","1149","USD","27208.54","GL posting 4486","ERP"
"4487","2026-04-30","41017","CC020","1043","CHF","48813.29","GL posting 4487","ERP"
"4488","2026-03-28","41005","CC005","1088","USD","-1999.73","GL posting 4488","ERP"
"4489","2026-03-24","41003","CC007","1069","JPY","32753.82","GL posting 4489","ERP"
"4490","2026-04-08","41030","CC013","1151","EUR","-1643.72","GL posting 4490","ERP"
"4491","2026-03-03","41031","CC003","1014","CHF","27720.38","GL posting 4491","ERP"
"4492","2026-01-12","41027","CC007","1026","EUR","-2079.73","GL posting 4492","ERP"
"4493","2026-04-19","41037","CC017","1020","USD","32168.63","GL posting 4493","ERP"
"4494","2026-06-10","41046","CC020","1169","USD","33632.15","GL posting 4494","ERP"
"4495","2026-06-27","41031","CC002","1132","JPY","40127.4","GL posting 4495","ERP"
"4496","2026-01-13","41012","CC014","1001","CHF","20022.61","GL posting 4496","ERP"
"4497","2026-05-20","41048","CC012","1007","EUR","49470.55","GL posting 4497","ERP"
"4498","2026-02-20","41020","CC008","1027","JPY","28437.05","GL posting 4498","ERP"
"4499","2026-03-22","41025","CC006","1129","CHF","36675.98","GL posting 4499","ERP"
"4500","2026-05-13","41018","CC016","1155","EUR","371.56","GL posting 4500","ERP"
"4501","2026-02-25","41049","CC020","1011","CHF","9978.5","GL posting 4501","ERP"
"4502","2026-03-12","41022","CC016","1156","JPY","16899.66","GL posting 4502","ERP"
"4503","2026-07-19","41046","CC014","1111","GBP","34087.95","GL posting 4503","ERP"
"4504","2026-02-22","41023","CC011","1003","USD","34073.26","GL posting 4504","ERP"
"4505","2026-02-18","41005","CC008","1077","JPY","43972.89","GL posting 4505","ERP"
"4506","2026-04-06","41043","CC009","1194","USD","13841.36","GL posting 4506","ERP"
"4507","2026-07-05","41003","CC003","1195","GBP","3018.83","GL posting 4507","ERP"
"4508","2026-03-29","41014","CC011","1010","JPY","15051.39","GL posting 4508","ERP"
"4509","2026-06-25","41043","CC007","1055","EUR","388.22","GL posting 4509","ERP"
"4510","2026-07-13","41015","CC012","1189","GBP","17550.93","GL posting 4510","ERP"
"4511","2026-03-27","41018","CC011","1071","EUR","-914.98","GL posting 4511","ERP"
"4512","2026-01-11","41000","CC012","1118","GBP","-1011.76","GL posting 4512","ERP"
"4513","2026-01-27","41016","CC003","1012","GBP","37184.29","GL posting 4513","ERP"
"4514","2026-05-31","41035","CC003","1060","CHF","13472.08","GL posting 4514","ERP"
"4515","2026-06-10","41022","CC018","1075","EUR","39311.11","GL posting 4515","ERP"
"4516","2026-05-24","41012","CC018","1030","GBP","9388.85","GL posting 4516","ERP"
"4517","2026-04-16","41040","CC005","1015","CHF","4238.16","GL posting 4517","ERP"
"4518","2026-03-09","41008","CC018","1023","EUR","10594.07","GL posting 4518","ERP"
"4519","2026-01-24","41037","CC007","1085","EUR","14168.39","GL posting 4519","ERP"
"4520","2026-03-19","41043","CC013","1111","CHF","48215.94","GL posting 4520","ERP"
"4521","2026-03-04","41048","CC018","1122","USD","17566.84","GL posting 4521","ERP"
"4522","2026-02-19","41029","CC017","1159","EUR","23811.31","GL posting 4522","ERP"
"4523","2026-06-12","41027","CC020","1000","USD","41836.59","GL posting 4523","ERP"
"4524","2026-02-13","41013","CC016","1048","CHF","40546","GL posting 4524","ERP"
"4525","2026-06-24","41023","CC003","1118","JPY","14079.55","GL posting 4525","ERP"
"4526","2026-03-28","41039","CC007","1091","CHF","12669.33","GL posting 4526","ERP"
"4527","2026-01-10","41038","CC017","1058","CHF","39691.74","GL posting 4527","ERP"
"4528","2026-05-24","41002","CC012","1139","GBP","19282.45","GL posting 4528","ERP"
"4529","2026-04-24","41024","CC004","1042","GBP","28812.95","GL posting 4529","ERP"
"4530","2026-05-21","41032","CC017","1165","EUR","-1112.88","GL posting 4530","ERP"
"4531","2026-05-03","41047","CC011","","EUR","28770.46","GL posting 4531","ERP"
"4532","2026-01-11","41034","CC016","1169","JPY","34430.43","GL posting 4532","ERP"
"4533","2026-07-03","41035","CC016","1181","GBP","31195.44","GL posting 4533","ERP"
"4534","2026-07-03","41038","CC001","1069","EUR","31433.81","GL posting 4534","ERP"
"4535","2026-01-12","41048","CC013","1072","USD","32140.1","GL posting 4535","ERP"
"4536","2026-01-31","41023","CC016","1019","USD","4294.95","GL posting 4536","ERP"
"4537","2026-03-18","41008","CC007","","JPY","49769.74","GL posting 4537","ERP"
"4538","2026-04-28","41044","CC020","1168","USD","33936.59","GL posting 4538","ERP"
"4539","2026-06-15","41005","CC017","1001","USD","41718.58","GL posting 4539","ERP"
"4540","2026-07-03","41029","CC005","1029","GBP","38663.97","GL posting 4540","ERP"
"4541","2026-06-21","41001","CC020","1193","GBP","42183.48","GL posting 4541","ERP"
"4542","2026-06-13","41046","CC011","1019","CHF","17306.08","GL posting 4542","ERP"
"4543","2026-01-04","41045","CC020","1064","GBP","3677.27","GL posting 4543","ERP"
"4544","2026-06-03","41027","CC020","1102","GBP","4509.35","GL posting 4544","ERP"
"4545","2026-06-25","41005","CC004","1134","EUR","45236.21","GL posting 4545","ERP"
"4546","2026-05-23","41021","CC008","1062","CHF","33807.11","GL posting 4546","ERP"
"4547","2026-06-10","41002","CC019","1021","JPY","-2919.58","GL posting 4547","ERP"
"4548","2026-01-15","41041","CC008","1036","JPY","49807.24","GL posting 4548","ERP"
"4549","2026-03-09","41031","CC010","1060","GBP","24030.1","GL posting 4549","ERP"
"4550","2026-07-15","41012","CC017","1198","JPY","31532.09","GL posting 4550","ERP"
"4551","2026-07-02","41046","CC019","1147","EUR","27244.42","GL posting 4551","ERP"
"4552","2026-04-01","41010","CC005","1081","USD","10114.74","GL posting 4552","ERP"
"4553","2026-04-12","41042","CC016","1034","CHF","45127.39","GL posting 4553","ERP"
"4554","2026-07-05","41013","CC006","1004","JPY","8163.98","GL posting 4554","ERP"
"4555","2026-03-04","41039","CC009","1084","JPY","6771.78","GL posting 4555","ERP"
"4556","2026-03-24","41010","CC012","1036","CHF","43985.58","GL posting 4556","ERP"
"4557","2026-05-21","41045","CC006","1086","USD","7349.77","GL posting 4557","ERP"
"4558","2026-04-21","41033","CC011","1119","GBP","3168.65","GL posting 4558","ERP"
"4559","2026-05-17","41001","CC018","1004","GBP","20730.95","GL posting 4559","ERP"
"4560","2026-05-12","41044","CC013","1038","USD","46021.09","GL posting 4560","ERP"
"4561","2026-05-06","41001","CC016","1085","GBP","43440.9","GL posting 4561","ERP"
"4562","2026-06-28","41014","CC014","1161","JPY","38568.2","GL posting 4562","ERP"
"4563","2026-05-21","41004","CC016","1038","GBP","26402.53","GL posting 4563","ERP"
"4564","2026-07-03","41016","CC020","1049","GBP","8311.98","GL posting 4564","ERP"
"4565","2026-05-29","41032","CC009","1032","CHF","24899.18","GL posting 4565","ERP"
"4566","2026-07-06","41004","CC007","1026","GBP","32447.78","GL posting 4566","ERP"
"4567","2026-02-07","41002","CC016","1195","JPY","17927.24","GL posting 4567","ERP"
"4568","2026-01-15","41025","CC019","1012","GBP","253.88","GL posting 4568","ERP"
"4569","2026-03-04","41005","CC010","1076","CHF","12790.34","GL posting 4569","ERP"
"4570","2026-03-11","41005","CC008","1075","JPY","45026.51","GL posting 4570","ERP"
"4571","2026-03-31","41027","CC020","","GBP","49887.22","GL posting 4571","ERP"
"4572","2026-07-08","41016","CC002","1165","JPY","48835.96","GL posting 4572","ERP"
"4573","2026-02-04","41001","CC014","1111","CHF","43942.81","GL posting 4573","ERP"
"4574","2026-04-27","41042","CC015","1130","USD","27331.58","GL posting 4574","ERP"
"4575","2026-01-07","41046","CC020","1017","USD","-1363.16","GL posting 4575","ERP"
"4576","2026-06-11","41025","CC010","1087","GBP","14937.97","GL posting 4576","ERP"
"4577","2026-03-29","41023","CC018","1087","EUR","46678.29","GL posting 4577","ERP"
"4578","2026-07-12","41019","CC006","1024","USD","43949.22","GL posting 4578","ERP"
"4579","2026-03-24","41049","CC011","1183","GBP","4716.89","GL posting 4579","ERP"
"4580","2026-04-08","41015","CC018","1177","EUR","-1469.93","GL posting 4580","ERP"
"4581","2026-06-11","41039","CC014","1175","GBP","27701.14","GL posting 4581","ERP"
"4582","2026-03-09","41003","CC011","1178","CHF","5858.31","GL posting 4582","ERP"
"4583","2026-07-08","41015","CC001","1122","CHF","22531.5","GL posting 4583","ERP"
"4584","2026-05-05","41040","CC014","1105","EUR","3625.44","GL posting 4584","ERP"
"4585","2026-03-12","41033","CC003","1004","CHF","33114.54","GL posting 4585","ERP"
"4586","2026-02-26","41016","CC012","1080","EUR","25864.86","GL posting 4586","ERP"
"4587","2026-01-31","41019","CC020","1073","JPY","39182.29","GL posting 4587","ERP"
"4588","2026-03-02","41025","CC006","1149","GBP","25197.79","GL posting 4588","ERP"
"4589","2026-02-17","41041","CC006","1004","GBP","26395.71","GL posting 4589","ERP"
"4590","2026-07-24","41024","CC006","1032","EUR","3210.44","GL posting 4590","ERP"
"4591","2026-05-05","41042","CC018","1024","JPY","11919.92","GL posting 4591","ERP"
"4592","2026-04-20","41029","CC003","1115","JPY","38596.96","GL posting 4592","ERP"
"4593","2026-01-16","41049","CC003","1014","EUR","25440.39","GL posting 4593","ERP"
"4594","2026-04-10","41041","CC016","1181","GBP","15678.85","GL posting 4594","ERP"
"4595","2026-01-20","41049","CC009","1139","USD","2755.06","GL posting 4595","ERP"
"4596","2026-03-08","41023","CC013","1062","CHF","1675.03","GL posting 4596","ERP"
"4597","2026-01-19","41035","CC001","1183","JPY","30392.16","GL posting 4597","ERP"
"4598","2026-04-30","41025","CC003","1133","GBP","23488.38","GL posting 4598","ERP"
"4599","2026-05-29","41048","CC020","1188","USD","21391.41","GL posting 4599","ERP"
"4600","2026-02-09","41000","CC012","1092","CHF","17047.84","GL posting 4600","ERP"
"4601","2026-01-28","41006","CC013","1106","EUR","29506.39","GL posting 4601","ERP"
"4602","2026-05-26","41045","CC015","1116","CHF","26260.84","GL posting 4602","ERP"
"4603","2026-07-25","41008","CC005","1065","EUR","21672.31","GL posting 4603","ERP"
"4604","2026-07-28","41032","CC010","1137","CHF","-4920.07","GL posting 4604","ERP"
"4605","2026-06-15","41023","CC017","1199","CHF","4885.88","GL posting 4605","ERP"
"4606","2026-06-27","41020","CC016","1039","USD","20201.63","GL posting 4606","ERP"
"4607","2026-02-17","41005","CC012","1195","USD","12092.74","GL posting 4607","ERP"
"4608","2026-03-21","41030","CC012","1050","GBP","43378.06","GL posting 4608","ERP"
"4609","2026-06-23","41028","CC011","1070","JPY","45395.34","GL posting 4609","ERP"
"4610","2026-05-25","41037","CC017","1020","GBP","-3134.78","GL posting 4610","ERP"
"4611","2026-06-22","41008","CC016","1092","EUR","26996.03","GL posting 4611","ERP"
"4612","2026-05-31","41046","CC017","1168","USD","35797.91","GL posting 4612","ERP"
"4613","2026-06-14","41042","CC004","1124","USD","33028.15","GL posting 4613","ERP"
"4614","2026-06-28","41026","CC012","1156","CHF","29459.24","GL posting 4614","ERP"
"4615","2026-07-19","41000","CC011","1084","GBP","27316.18","GL posting 4615","ERP"
"4616","2026-04-29","41039","CC008","1122","USD","48488.38","GL posting 4616","ERP"
"4617","2026-01-14","41007","CC014","1029","JPY","24720.89","GL posting 4617","ERP"
"4618","2026-07-15","41006","CC020","1126","JPY","-144.55","GL posting 4618","ERP"
"4619","2026-04-21","41011","CC014","1138","USD","17286.47","GL posting 4619","ERP"
"4620","2026-02-01","41008","CC005","1066","JPY","48870.61","GL posting 4620","ERP"
"4621","2026-06-26","41001","CC008","1012","USD","5753.48","GL posting 4621","ERP"
"4622","2026-03-03","41022","CC014","1008","JPY","-1974.93","GL posting 4622","ERP"
"4623","2026-02-23","41049","CC013","1049","CHF","48404.57","GL posting 4623","ERP"
"4624","2026-06-28","41034","CC010","1109","CHF","48613.15","GL posting 4624","ERP"
"4625","2026-03-02","41039","CC018","1092","JPY","40688.69","GL posting 4625","ERP"
"4626","2026-03-01","41031","CC001","1048","USD","36171.79","GL posting 4626","ERP"
"4627","2026-04-12","41012","CC017","1032","EUR","2148.62","GL posting 4627","ERP"
"4628","2026-01-21","41019","CC005","1071","EUR","20647.62","GL posting 4628","ERP"
"4629","2026-05-28","41042","CC020","1187","USD","29488.68","GL posting 4629","ERP"
"4630","2026-02-13","41043","CC006","1001","GBP","36448.23","GL posting 4630","ERP"
"4631","2026-04-22","41017","CC020","1070","USD","37778.1","GL posting 4631","ERP"
"4632","2026-05-02","41019","CC003","1086","CHF","48910.63","GL posting 4632","ERP"
"4633","2026-02-20","41020","CC010","1171","USD","38392.08","GL posting 4633","ERP"
"4634","2026-04-17","41002","CC004","1112","GBP","-3788.11","GL posting 4634","ERP"
"4635","2026-06-22","41021","CC009","1119","GBP","12887.76","GL posting 4635","ERP"
"4636","2026-04-14","41048","CC009","1191","EUR","11544.41","GL posting 4636","ERP"
"4637","2026-03-31","41023","CC003","1156","USD","14472.03","GL posting 4637","ERP"
"4638","2026-03-22","41047","CC019","1185","USD","14485.11","GL posting 4638","ERP"
"4639","2026-02-22","41040","CC001","1162","USD","33054.67","GL posting 4639","ERP"
"4640","2026-05-16","41008","CC002","1177","EUR","10475.26","GL posting 4640","ERP"
"4641","2026-05-07","41039","CC004","1026","JPY","28518.26","GL posting 4641","ERP"
"4642","2026-06-09","41002","CC012","1116","JPY","39114.84","GL posting 4642","ERP"
"4643","2026-01-10","41037","CC011","1112","GBP","34499.08","GL posting 4643","ERP"
"4644","2026-02-11","41041","CC006","1100","CHF","45753.98","GL posting 4644","ERP"
"4645","2026-02-22","41015","CC005","1028","CHF","5654.81","GL posting 4645","ERP"
"4646","2026-06-19","41011","CC003","1090","JPY","-3432.46","GL posting 4646","ERP"
"4647","2026-01-24","41017","CC002","1080","CHF","32220.26","GL posting 4647","ERP"
"4648","2026-07-08","41012","CC008","1005","JPY","-3848.55","GL posting 4648","ERP"
"4649","2026-04-02","41018","CC007","1190","CHF","6947.34","GL posting 4649","ERP"
"4650","2026-06-23","41024","CC014","1145","JPY","32725.45","GL posting 4650","ERP"
"4651","2026-05-03","41029","CC001","1127","EUR","21540.03","GL posting 4651","ERP"
"4652","2026-05-01","41009","CC012","1119","EUR","-3010.58","GL posting 4652","ERP"
"4653","2026-03-20","41045","CC020","1071","CHF","45694.4","GL posting 4653","ERP"
"4654","2026-02-19","41020","CC004","1113","EUR","22552.44","GL posting 4654","ERP"
"4655","2026-02-24","41044","CC008","1032","EUR","16085.85","GL posting 4655","ERP"
"4656","2026-06-28","41013","CC004","1069","CHF","39234.65","GL posting 4656","ERP"
"4657","2026-03-29","41038","CC006","1115","GBP","41127.06","GL posting 4657","ERP"
"4658","2026-05-25","41026","CC008","1110","EUR","-2243.77","GL posting 4658","ERP"
"4659","2026-05-12","41008","CC002","1009","EUR","19714.83","GL posting 4659","ERP"
"4660","2026-01-29","41008","CC015","1016","JPY","926.11","GL posting 4660","ERP"
"4661","2026-05-28","41016","CC015","1026","USD","20929.72","GL posting 4661","ERP"
"4662","2026-06-23","41015","CC014","1149","CHF","40472.5","GL posting 4662","ERP"
"4663","2026-06-09","41035","CC020","1063","CHF","20821.54","GL posting 4663","ERP"
"4664","2026-05-29","41007","CC009","1176","JPY","32166.53","GL posting 4664","ERP"
"4665","2026-01-17","41044","CC007","1075","JPY","13177.96","GL posting 4665","ERP"
"4666","2026-03-11","41013","CC006","1023","JPY","28164.96","GL posting 4666","ERP"
"4667","2026-06-22","41012","CC008","1062","GBP","17655.71","GL posting 4667","ERP"
"4668","2026-01-25","41003","CC001","1136","USD","-971.48","GL posting 4668","ERP"
"4669","2026-05-16","41016","CC005","1142","JPY","42829.91","GL posting 4669","ERP"
"4670","2026-01-24","41017","CC011","1003","USD","48600.43","GL posting 4670","ERP"
"4671","2026-07-20","41000","CC012","1078","USD","46557.66","GL posting 4671","ERP"
"4672","2026-01-18","41013","CC001","1093","EUR","22678.75","GL posting 4672","ERP"
"4673","2026-02-03","41019","CC014","1112","JPY","42038.04","GL posting 4673","ERP"
"4674","2026-03-27","41020","CC012","1149","EUR","26929.53","GL posting 4674","ERP"
"4675","2026-04-10","41005","CC016","1010","GBP","6390.25","GL posting 4675","ERP"
"4676","2026-03-27","41036","CC019","1121","CHF","30169.3","GL posting 4676","ERP"
"4677","2026-03-15","41034","CC005","1020","USD","7521.75","GL posting 4677","ERP"
"4678","2026-07-24","41048","CC002","1194","USD","36730.43","GL posting 4678","ERP"
"4679","2026-04-29","41039","CC002","1034","EUR","31444.83","GL posting 4679","ERP"
"4680","2026-01-21","41001","CC007","1127","GBP","22698.01","GL posting 4680","ERP"
"4681","2026-02-04","41016","CC015","1160","USD","1314.19","GL posting 4681","ERP"
"4682","2026-05-28","41000","CC013","1068","GBP","28448.34","GL posting 4682","ERP"
"4683","2026-02-24","41013","CC011","1189","EUR","23751.8","GL posting 4683","ERP"
"4684","2026-06-09","41036","CC018","1087","USD","47358.87","GL posting 4684","ERP"
"4685","2026-05-14","41047","CC001","1041","EUR","-3452.07","GL posting 4685","ERP"
"4686","2026-06-25","41023","CC019","1020","GBP","39194.77","GL posting 4686","ERP"
"4687","2026-06-25","41040","CC011","","JPY","48382.06","GL posting 4687","ERP"
"4688","2026-02-19","41037","CC012","1198","USD","25723.27","GL posting 4688","ERP"
"4689","2026-04-16","41030","CC007","1091","CHF","-730.1","GL posting 4689","ERP"
"4690","2026-06-18","41036","CC013","1131","GBP","1983.03","GL posting 4690","ERP"
"4691","2026-06-24","41044","CC008","1146","JPY","36064.71","GL posting 4691","ERP"
"4692","2026-01-07","41022","CC018","1143","GBP","34227.83","GL posting 4692","ERP"
"4693","2026-03-25","41043","CC013","1085","EUR","-1587.75","GL posting 4693","ERP"
"4694","2026-04-10","41020","CC004","1030","JPY","35024.17","GL posting 4694","ERP"
"4695","2026-04-29","41042","CC013","1133","USD","8845.51","GL posting 4695","ERP"
"4696","2026-07-27","41029","CC013","1000","USD","48540.81","GL posting 4696","ERP"
"4697","2026-06-25","41027","CC007","1136","USD","37193.93","GL posting 4697","ERP"
"4698","2026-01-10","41032","CC005","1162","USD","26134.5","GL posting 4698","ERP"
"4699","2026-04-28","41030","CC018","1135","USD","41768.43","GL posting 4699","ERP"
"4700","2026-07-03","41032","CC004","1141","USD","-4015.38","GL posting 4700","ERP"
"4701","2026-06-24","41021","CC017","1020","JPY","25159.94","GL posting 4701","ERP"
"4702","2026-06-17","41003","CC020","1153","CHF","23191.45","GL posting 4702","ERP"
"4703","2026-02-09","41038","CC003","1149","GBP","-4768.96","GL posting 4703","ERP"
"4704","2026-07-04","41015","CC019","1123","GBP","45571.42","GL posting 4704","ERP"
"4705","2026-02-02","41034","CC017","1141","CHF","42795.45","GL posting 4705","ERP"
"4706","2026-06-02","41017","CC019","1184","ZZZ","20948.37","GL posting 4706","ERP"
"4707","2026-01-03","41008","CC019","1066","CHF","24636.24","GL posting 4707","ERP"
"4708","2026-01-11","41045","CC018","1175","GBP","46580.7","GL posting 4708","ERP"
"4709","2026-01-29","41004","CC012","1107","GBP","41207.43","GL posting 4709","ERP"
"4710","2026-06-12","41032","CC018","1089","EUR","24642.01","GL posting 4710","ERP"
"4711","2026-04-02","41020","CC014","1140","CHF","46425.75","GL posting 4711","ERP"
"4712","2026-02-11","41045","CC018","1142","GBP","9688.65","GL posting 4712","ERP"
"4713","2026-06-02","41003","CC004","1046","JPY","23524.47","GL posting 4713","ERP"
"4714","2026-03-06","41018","CC003","1173","USD","10754.32","GL posting 4714","ERP"
"4715","2026-07-19","41047","CC002","1082","CHF","-4592.57","GL posting 4715","ERP"
"4716","2026-02-28","41015","CC005","1148","EUR","-947.31","GL posting 4716","ERP"
"4717","2026-03-08","41018","CC020","1114","CHF","11185.54","GL posting 4717","ERP"
"4718","2026-03-14","41019","CC009","1184","CHF","49511.06","GL posting 4718","ERP"
"4719","2026-07-21","41042","CC006","1134","CHF","16829.49","GL posting 4719","ERP"
"4720","2026-02-26","41006","CC012","1163","ZZZ","38223.86","GL posting 4720","ERP"
"4721","2026-05-07","41040","CC002","1006","GBP","31944.15","GL posting 4721","ERP"
"4722","2026-03-19","41005","CC008","1124","CHF","40558.33","GL posting 4722","ERP"
"4723","2026-01-10","41042","CC013","1023","EUR","42920.91","GL posting 4723","ERP"
"4724","2026-03-20","41009","CC013","1002","USD","34693.91","GL posting 4724","ERP"
"4725","2026-07-27","41036","CC002","1146","EUR","41504.21","GL posting 4725","ERP"
"4726","2026-05-28","41023","CC009","1031","USD","44785.07","GL posting 4726","ERP"
"4727","2026-01-02","41035","CC020","1054","GBP","2291.95","GL posting 4727","ERP"
"4728","2026-07-08","41018","CC005","1070","CHF","29697.33","GL posting 4728","ERP"
"4729","2026-03-08","41027","CC003","1126","EUR","39914.92","GL posting 4729","ERP"
"4730","2026-02-27","41035","CC007","1160","GBP","16335.06","GL posting 4730","ERP"
"4731","2026-07-18","41025","CC015","1178","EUR","21815.6","GL posting 4731","ERP"
"4732","2026-03-27","41021","CC006","1165","EUR","26126.3","GL posting 4732","ERP"
"4733","2026-02-04","41031","CC020","1190","EUR","9404.8","GL posting 4733","ERP"
"4734","2026-02-02","41030","CC002","1131","JPY","-2351.57","GL posting 4734","ERP"
"4735","2026-06-29","41037","CC014","1035","GBP","7977.78","GL posting 4735","ERP"
"4736","2026-05-05","41028","CC008","1179","JPY","42598.26","GL posting 4736","ERP"
"4737","2026-02-13","41002","CC015","1126","JPY","12578.31","GL posting 4737","ERP"
"4738","2026-04-05","41033","CC014","1180","JPY","21132.11","GL posting 4738","ERP"
"4739","2026-03-12","41001","CC002","1194","USD","47783.05","GL posting 4739","ERP"
"4740","2026-03-20","41004","CC002","1131","USD","32754.13","GL posting 4740","ERP"
"4741","2026-05-12","41037","CC020","1033","GBP","24446.72","GL posting 4741","ERP"
"4742","2026-01-04","41010","CC009","1008","JPY","48788.1","GL posting 4742","ERP"
"4743","2026-01-23","41021","CC006","1008","CHF","38771.84","GL posting 4743","ERP"
"4744","2026-04-18","41001","CC011","1133","EUR","27303.36","GL posting 4744","ERP"
"4745","2026-03-08","41006","CC007","1121","CHF","49991.08","GL posting 4745","ERP"
"4746","2026-04-14","41005","CC013","1123","CHF","1517.13","GL posting 4746","ERP"
"4747","2026-05-07","41013","CC002","1009","GBP","-564.01","GL posting 4747","ERP"
"4748","2026-05-29","41019","CC011","1128","GBP","11149.11","GL posting 4748","ERP"
"4749","2026-06-21","41022","CC015","1139","JPY","19016.31","GL posting 4749","ERP"
"4750","2026-02-11","41008","CC004","1136","CHF","32280.69","GL posting 4750","ERP"
"4751","2026-02-03","41022","CC001","","JPY","-4896.88","GL posting 4751","ERP"
"4752","2026-01-26","41002","CC019","1108","EUR","29334.4","GL posting 4752","ERP"
"4753","2026-07-19","41009","CC005","1088","CHF","25364.4","GL posting 4753","ERP"
"4754","2026-03-04","41019","CC009","1147","JPY","34146.48","GL posting 4754","ERP"
"4755","2026-07-25","41026","CC011","1197","EUR","32933.53","GL posting 4755","ERP"
"4756","2026-05-07","41005","CC012","1049","CHF","-3128.73","GL posting 4756","ERP"
"4757","2026-06-08","41031","CC010","1182","CHF","30717.99","GL posting 4757","ERP"
"4758","2026-03-08","41014","CC005","1099","JPY","47330.37","GL posting 4758","ERP"
"4759","2026-04-05","41011","CC010","1026","USD","23467.48","GL posting 4759","ERP"
"4760","2026-03-01","41010","CC003","1071","GBP","11888.72","GL posting 4760","ERP"
"4761","2026-05-07","41039","CC005","1135","JPY","36757.41","GL posting 4761","ERP"
"4762","2026-03-07","41029","CC019","1180","GBP","10737.7","GL posting 4762","ERP"
"4763","2026-07-31","41001","CC010","1127","USD","34689.32","GL posting 4763","ERP"
"4764","2026-07-31","41007","CC005","1151","GBP","25919.99","GL posting 4764","ERP"
"4765","2026-04-28","41024","CC011","1113","EUR","-22.81","GL posting 4765","ERP"
"4766","2026-03-06","41009","CC001","1110","JPY","13593.71","GL posting 4766","ERP"
"4767","2026-04-18","41020","CC014","1087","USD","21917.2","GL posting 4767","ERP"
"4768","2026-02-02","41033","CC018","1124","JPY","4082.82","GL posting 4768","ERP"
"4769","2026-03-01","41042","CC002","1198","CHF","36575.37","GL posting 4769","ERP"
"4770","2026-05-20","41006","CC009","1184","USD","38259.36","GL posting 4770","ERP"
"4771","2026-02-21","41036","CC002","1177","USD","-4667.24","GL posting 4771","ERP"
"4772","2026-06-16","41018","CC008","1026","CHF","25943.04","GL posting 4772","ERP"
"4773","2026-04-05","41014","CC004","1196","USD","47005.7","GL posting 4773","ERP"
"4774","2026-03-13","41044","CC020","","CHF","14691.48","GL posting 4774","ERP"
"4775","2026-03-17","41044","CC015","1129","EUR","47264.4","GL posting 4775","ERP"
"4776","2026-04-20","41025","CC003","1033","USD","27824.78","GL posting 4776","ERP"
"4777","2026-05-24","41024","CC009","1178","JPY","9158.6","GL posting 4777","ERP"
"4778","2026-04-14","41034","CC016","1019","GBP","8390.7","GL posting 4778","ERP"
"4779","2026-05-06","41022","CC013","1199","JPY","48429.96","GL posting 4779","ERP"
"4780","2026-03-29","41027","CC018","1085","JPY","40895.09","GL posting 4780","ERP"
"4781","2026-03-30","41035","CC020","1081","CHF","7644.48","GL posting 4781","ERP"
"4782","2026-06-20","41024","CC014","1009","USD","20043.79","GL posting 4782","ERP"
"4783","2026-04-16","41007","CC006","1122","CHF","40626.16","GL posting 4783","ERP"
"4784","2026-07-01","41030","CC014","1062","EUR","16799.17","GL posting 4784","ERP"
"4785","2026-01-20","41028","CC012","1100","GBP","2618.77","GL posting 4785","ERP"
"4786","2026-04-26","41008","CC013","1004","JPY","44776.16","GL posting 4786","ERP"
"4787","2026-05-25","41003","CC019","1034","JPY","23765","GL posting 4787","ERP"
"4788","2026-01-23","41028","CC004","1146","GBP","14921.03","GL posting 4788","ERP"
"4789","2026-01-27","41026","CC011","1157","GBP","1394.3","GL posting 4789","ERP"
"4790","2026-04-30","41019","CC016","1050","USD","24347.58","GL posting 4790","ERP"
"4791","2026-05-04","41007","CC017","1066","EUR","40045.12","GL posting 4791","ERP"
"4792","2026-06-24","41010","CC019","1190","JPY","39045.82","GL posting 4792","ERP"
"4793","2026-06-01","41025","CC001","1030","JPY","2940.14","GL posting 4793","ERP"
"4794","2026-07-22","41018","CC004","1013","EUR","40908.96","GL posting 4794","ERP"
"4795","2026-06-14","41018","CC005","1135","EUR","32789.74","GL posting 4795","ERP"
"4796","2026-04-07","41035","CC009","1170","EUR","21719.36","GL posting 4796","ERP"
"4797","2026-04-14","41030","CC013","1021","CHF","36458.77","GL posting 4797","ERP"
"4798","2026-07-21","41048","CC020","1188","USD","39613.15","GL posting 4798","ERP"
"4799","2026-03-02","41011","CC008","1082","EUR","17626.15","GL posting 4799","ERP"
"4800","2026-02-05","41028","CC013","1080","JPY","6441.94","GL posting 4800","ERP"
"4801","2026-05-10","41020","CC004","1164","USD","49713.03","GL posting 4801","ERP"
"4802","2026-01-17","41019","CC018","1183","JPY","-2264.74","GL posting 4802","ERP"
"4803","2026-04-04","41000","CC017","1122","EUR","-2493.05","GL posting 4803","ERP"
"4804","2026-01-14","41020","CC016","1142","EUR","18480.86","GL posting 4804","ERP"
"4805","2026-01-17","41049","CC017","1164","GBP","41690.68","GL posting 4805","ERP"
"4806","2026-07-14","41016","CC007","1013","USD","10806.02","GL posting 4806","ERP"
"4807","2026-04-27","41028","CC008","1044","GBP","8331.97","GL posting 4807","ERP"
"4808","2026-02-25","41037","CC017","1066","USD","8620.41","GL posting 4808","ERP"
"4809","2026-07-15","41002","CC011","1079","USD","28012.53","GL posting 4809","ERP"
"4810","2026-03-27","41026","CC016","1105","GBP","-790.46","GL posting 4810","ERP"
"4811","2026-06-01","41026","CC006","1053","GBP","1238.38","GL posting 4811","ERP"
"4812","2026-05-04","41027","CC017","1111","GBP","43468.93","GL posting 4812","ERP"
"4813","2026-03-25","41035","CC006","1095","EUR","17992.42","GL posting 4813","ERP"
"4814","2026-06-08","41014","CC019","1025","EUR","28606.98","GL posting 4814","ERP"
"4815","2026-04-16","41036","CC014","1151","EUR","13480.23","GL posting 4815","ERP"
"4816","2026-04-11","41032","CC019","1143","USD","38163.84","GL posting 4816","ERP"
"4817","2026-04-12","41018","CC018","1115","GBP","4902.11","GL posting 4817","ERP"
"4818","2026-03-27","41032","CC017","1065","JPY","25245.93","GL posting 4818","ERP"
"4819","2026-03-15","41023","CC020","1162","USD","19160.23","GL posting 4819","ERP"
"4820","2026-02-17","41025","CC014","1158","EUR","-4207.34","GL posting 4820","ERP"
"4821","2026-06-06","41037","CC006","1155","USD","17100.3","GL posting 4821","ERP"
"4822","2026-01-09","41006","CC007","1007","USD","15096.75","GL posting 4822","ERP"
"4823","2026-02-07","41025","CC005","1117","EUR","31226.84","GL posting 4823","ERP"
"4824","2026-02-09","41042","CC003","1134","USD","2236.78","GL posting 4824","ERP"
"4825","2026-02-07","41020","CC002","1024","EUR","42287.02","GL posting 4825","ERP"
"4826","2026-06-11","41030","CC015","1093","EUR","20816.75","GL posting 4826","ERP"
"4827","2026-07-18","41049","CC012","1084","GBP","24413.74","GL posting 4827","ERP"
"4828","2026-01-25","41007","CC017","1146","USD","47826.32","GL posting 4828","ERP"
"4829","2026-06-20","41022","CC009","1084","JPY","1379.23","GL posting 4829","ERP"
"4830","2026-03-13","41037","CC019","1032","JPY","35553","GL posting 4830","ERP"
"4831","2026-03-29","41028","CC004","1153","GBP","27408.85","GL posting 4831","ERP"
"4832","2026-03-21","41005","CC007","1098","USD","15347.59","GL posting 4832","ERP"
"4833","2026-06-03","41031","CC013","1081","EUR","4840.01","GL posting 4833","ERP"
"4834","2026-07-06","41042","CC008","1120","GBP","40114.57","GL posting 4834","ERP"
"4835","2026-01-11","41012","CC001","1114","CHF","44407.7","GL posting 4835","ERP"
"4836","2026-07-12","41001","CC016","1042","EUR","6254.79","GL posting 4836","ERP"
"4837","2026-01-14","41036","CC001","1103","JPY","27401.89","GL posting 4837","ERP"
"4838","2026-05-19","41018","CC013","1081","EUR","2125.96","GL posting 4838","ERP"
"4839","2026-02-08","41022","CC008","1094","USD","569.33","GL posting 4839","ERP"
"4840","2026-06-27","41020","CC014","1066","JPY","13196.64","GL posting 4840","ERP"
"4841","2026-05-31","41040","CC011","1031","EUR","4366.72","GL posting 4841","ERP"
"4842","2026-07-02","41043","CC012","1035","USD","25496.43","GL posting 4842","ERP"
"4843","2026-05-01","41034","CC007","1007","JPY","46298.96","GL posting 4843","ERP"
"4844","2026-07-20","41035","CC012","1064","USD","26933.09","GL posting 4844","ERP"
"4845","2026-03-08","41022","CC016","1037","CHF","8625.32","GL posting 4845","ERP"
"4846","2026-02-01","41040","CC010","1082","EUR","31302.66","GL posting 4846","ERP"
"4847","2026-03-30","41037","CC012","1174","CHF","23513.5","GL posting 4847","ERP"
"4848","2026-07-21","41046","CC005","1162","GBP","44160.4","GL posting 4848","ERP"
"4849","2026-02-20","41015","CC015","1108","CHF","29088.31","GL posting 4849","ERP"
"4850","2026-06-24","41033","CC004","1069","EUR","10399.53","GL posting 4850","ERP"
"4851","2026-02-03","41002","CC016","1111","USD","6252.83","GL posting 4851","ERP"
"4852","2026-05-13","41043","CC010","1009","JPY","26928.76","GL posting 4852","ERP"
"4853","2026-01-12","41042","CC013","1110","GBP","-3091.87","GL posting 4853","ERP"
"4854","2026-03-04","41015","CC020","1123","GBP","40365.96","GL posting 4854","ERP"
"4855","2026-02-26","41001","CC008","1081","EUR","48114.37","GL posting 4855","ERP"
"4856","2026-01-30","41007","CC015","1183","USD","17432.93","GL posting 4856","ERP"
"4857","2026-07-24","41006","CC010","1141","GBP","22369.5","GL posting 4857","ERP"
"4858","2026-01-20","41047","CC016","1100","USD","47454.79","GL posting 4858","ERP"
"4859","2026-03-09","41024","CC006","1070","CHF","14636.62","GL posting 4859","ERP"
"4860","2026-07-07","41010","CC010","1006","CHF","14362.93","GL posting 4860","ERP"
"4861","2026-01-18","41024","CC009","1176","EUR","15888.56","GL posting 4861","ERP"
"4862","2026-06-28","41021","CC017","1085","JPY","7180.67","GL posting 4862","ERP"
"4863","2026-01-27","41018","CC008","1080","CHF","15268.54","GL posting 4863","ERP"
"4864","2026-04-05","41007","CC013","1130","JPY","4115.62","GL posting 4864","ERP"
"4865","2026-02-24","41018","CC006","1029","EUR","41038.64","GL posting 4865","ERP"
"4866","2026-07-07","41003","CC004","1074","USD","9877.48","GL posting 4866","ERP"
"4867","2026-05-20","41005","CC016","1105","CHF","10034.63","GL posting 4867","ERP"
"4868","2026-07-17","41013","CC020","1023","CHF","44296.04","GL posting 4868","ERP"
"4869","2026-07-22","41048","CC003","1124","EUR","24037.47","GL posting 4869","ERP"
"4870","2026-06-13","41005","CC016","1115","USD","23975.2","GL posting 4870","ERP"
"4871","2026-06-07","41016","CC010","1115","CHF","3298.04","GL posting 4871","ERP"
"4872","2026-05-13","41018","CC009","1093","EUR","6804.62","GL posting 4872","ERP"
"4873","2026-03-28","41033","CC012","1010","JPY","18797.11","GL posting 4873","ERP"
"4874","2026-01-15","41011","CC007","1001","GBP","21172.99","GL posting 4874","ERP"
"4875","2026-01-20","41041","CC018","1154","USD","44974.48","GL posting 4875","ERP"
"4876","2026-01-03","41046","CC019","1019","CHF","27945.29","GL posting 4876","ERP"
"4877","2026-02-28","41016","CC004","1197","JPY","39058.64","GL posting 4877","ERP"
"4878","2026-03-29","41000","CC008","1066","EUR","44818.67","GL posting 4878","ERP"
"4879","2026-04-10","41026","CC020","1067","GBP","19812.19","GL posting 4879","ERP"
"4880","2026-05-28","41048","CC020","1159","GBP","6876.52","GL posting 4880","ERP"
"4881","2026-03-08","41027","CC010","1046","CHF","-538.9","GL posting 4881","ERP"
"4882","2026-06-26","41048","CC014","1192","GBP","45665.73","GL posting 4882","ERP"
"4883","2026-07-30","41024","CC011","1192","JPY","39738.59","GL posting 4883","ERP"
"4884","2026-07-02","41047","CC013","1043","GBP","24397.94","GL posting 4884","ERP"
"4885","2026-03-01","41015","CC001","1097","GBP","20359.23","GL posting 4885","ERP"
"4886","2026-01-16","41001","CC020","1094","JPY","44369.67","GL posting 4886","ERP"
"4887","2026-03-23","41009","CC005","1024","GBP","-1373.98","GL posting 4887","ERP"
"4888","2026-06-27","41047","CC002","1080","EUR","5858.38","GL posting 4888","ERP"
"4889","2026-07-22","41011","CC014","1013","CHF","-1600.14","GL posting 4889","ERP"
"4890","2026-01-12","41030","CC003","1097","JPY","-4174.41","GL posting 4890","ERP"
"4891","2026-04-23","41028","CC002","1199","GBP","14018.5","GL posting 4891","ERP"
"4892","2026-02-24","41041","CC013","1010","EUR","37361.01","GL posting 4892","ERP"
"4893","2026-03-04","41044","CC004","1153","CHF","511.77","GL posting 4893","ERP"
"4894","2026-01-18","41010","CC007","1168","CHF","9210.9","GL posting 4894","ERP"
"4895","2026-04-11","41037","CC011","1168","USD","8933.45","GL posting 4895","ERP"
"4896","2026-02-13","41044","CC005","1075","CHF","13797.46","GL posting 4896","ERP"
"4897","2026-05-18","41002","CC014","1159","EUR","32375.37","GL posting 4897","ERP"
"4898","2026-01-24","41042","CC019","1052","EUR","27777.07","GL posting 4898","ERP"
"4899","2026-06-16","41018","CC006","1063","USD","5389.66","GL posting 4899","ERP"
"4900","2026-03-20","41041","CC013","1027","CHF","25202.53","GL posting 4900","ERP"
"4901","2026-01-19","41033","CC004","1190","JPY","35671.67","GL posting 4901","ERP"
"4902","2026-02-22","41046","CC006","1066","USD","40945.64","GL posting 4902","ERP"
"4903","2026-04-16","41001","CC001","1006","CHF","-3795.48","GL posting 4903","ERP"
"4904","2026-06-23","41007","CC018","1024","GBP","-1444.41","GL posting 4904","ERP"
"4905","2026-01-17","41008","CC005","1120","GBP","19558.82","GL posting 4905","ERP"
"4906","2026-04-25","41022","CC018","1122","CHF","-4705.86","GL posting 4906","ERP"
"4907","2026-06-09","41030","CC009","1181","USD","3570.48","GL posting 4907","ERP"
"4908","2026-06-24","41005","CC011","1135","JPY","135.1","GL posting 4908","ERP"
"4909","2026-01-11","41040","CC020","1047","CHF","33016.23","GL posting 4909","ERP"
"4910","2026-02-18","41049","CC012","1132","CHF","18432.88","GL posting 4910","ERP"
"4911","2026-03-31","41036","CC017","1123","GBP","29445.96","GL posting 4911","ERP"
"4912","2026-04-15","41006","CC016","1080","GBP","18918","GL posting 4912","ERP"
"4913","2026-05-12","41009","CC018","1177","EUR","11516.89","GL posting 4913","ERP"
"4914","2026-05-05","41000","CC009","1103","USD","10809.59","GL posting 4914","ERP"
"4915","2026-03-22","41044","CC017","1133","GBP","43694.54","GL posting 4915","ERP"
"4916","2026-01-06","41026","CC004","1030","USD","40578.57","GL posting 4916","ERP"
"4917","2026-07-07","41013","CC020","1173","JPY","30870.86","GL posting 4917","ERP"
"4918","2026-05-01","41027","CC017","1183","GBP","14696.24","GL posting 4918","ERP"
"4919","2026-01-31","41044","CC011","1018","JPY","18227.78","GL posting 4919","ERP"
"4920","2026-05-11","41001","CC010","1137","JPY","5863.74","GL posting 4920","ERP"
"4921","2026-02-03","41039","CC016","1143","CHF","19458.39","GL posting 4921","ERP"
"4922","2026-04-15","41022","CC012","1158","GBP","3404.98","GL posting 4922","ERP"
"4923","2026-02-01","41036","CC015","1170","JPY","44634.61","GL posting 4923","ERP"
"4924","2026-03-21","41039","CC006","1159","JPY","45500.22","GL posting 4924","ERP"
"4925","2026-07-21","41018","CC019","1013","JPY","9260.02","GL posting 4925","ERP"
"4926","2026-01-21","41017","CC004","1005","USD","-1166.27","GL posting 4926","ERP"
"4927","2026-07-26","41029","CC012","1061","USD","1918.72","GL posting 4927","ERP"
"4928","2026-07-10","41043","CC009","1034","EUR","48588.9","GL posting 4928","ERP"
"4929","2026-01-01","41016","CC018","1059","JPY","39679.51","GL posting 4929","ERP"
"4930","2026-03-26","41032","CC014","1048","EUR","25868.44","GL posting 4930","ERP"
"4931","2026-02-13","41008","CC002","1059","CHF","12472.84","GL posting 4931","ERP"
"4932","2026-04-30","41047","CC002","1032","GBP","2621.44","GL posting 4932","ERP"
"4933","2026-07-18","41018","CC007","1098","GBP","15308.81","GL posting 4933","ERP"
"4934","2026-01-06","41000","CC016","1010","GBP","45280.7","GL posting 4934","ERP"
"4935","2026-03-10","41004","CC002","1192","GBP","12334.31","GL posting 4935","ERP"
"4936","2026-05-21","41037","CC014","1123","JPY","34597.36","GL posting 4936","ERP"
"4937","2026-03-17","41016","CC008","1120","CHF","14741.24","GL posting 4937","ERP"
"4938","2026-05-08","41008","CC003","1124","USD","42205.97","GL posting 4938","ERP"
"4939","2026-07-27","41038","CC004","1023","EUR","-1916.98","GL posting 4939","ERP"
"4940","2026-05-25","41029","CC008","1018","CHF","32956.82","GL posting 4940","ERP"
"4941","2026-05-12","41020","CC012","1083","JPY","47663.81","GL posting 4941","ERP"
"4942","2026-07-19","41011","CC001","1161","GBP","40915.65","GL posting 4942","ERP"
"4943","2026-06-06","41030","CC013","1092","GBP","47502.9","GL posting 4943","ERP"
"4944","2026-05-05","41033","CC019","1038","CHF","32383.56","GL posting 4944","ERP"
"4945","2026-02-19","41008","CC010","1140","GBP","29549.83","GL posting 4945","ERP"
"4946","2026-06-07","41016","CC004","1020","GBP","28986.11","GL posting 4946","ERP"
"4947","2026-03-22","41021","CC014","1144","JPY","449.45","GL posting 4947","ERP"
"4948","2026-07-31","41045","CC005","1009","USD","13549.28","GL posting 4948","ERP"
"4949","2026-01-10","41019","CC005","1098","EUR","6297.09","GL posting 4949","ERP"
"4950","2026-06-02","41000","CC009","1188","GBP","23729.63","GL posting 4950","ERP"
"4951","2026-01-19","41041","CC007","1115","GBP","12054.52","GL posting 4951","ERP"
"4952","2026-01-27","41007","CC003","1133","GBP","21192.46","GL posting 4952","ERP"
"4953","2026-05-06","41047","CC014","1038","GBP","17049.28","GL posting 4953","ERP"
"4954","2026-05-06","41007","CC007","1055","GBP","10052.38","GL posting 4954","ERP"
"4955","2026-07-11","41045","CC009","1071","USD","11582.78","GL posting 4955","ERP"
"4956","2026-01-24","41037","CC017","1117","GBP","44752.94","GL posting 4956","ERP"
"4957","2026-06-20","41002","CC020","1188","GBP","11819.94","GL posting 4957","ERP"
"4958","2026-06-25","41002","CC002","1036","GBP","19440.66","GL posting 4958","ERP"
"4959","2026-07-21","41040","CC006","1181","CHF","30199.24","GL posting 4959","ERP"
"4960","2026-06-19","41038","CC004","1019","GBP","23322.82","GL posting 4960","ERP"
"4961","2026-05-15","41001","CC011","1062","CHF","46329.24","GL posting 4961","ERP"
"4962","2026-05-18","41047","CC016","1052","EUR","3658.17","GL posting 4962","ERP"
"4963","2026-05-03","41008","CC020","1197","GBP","5293.27","GL posting 4963","ERP"
"4964","2026-05-23","41023","CC008","1040","USD","5654.88","GL posting 4964","ERP"
"4965","2026-06-13","41006","CC006","1053","EUR","36361.41","GL posting 4965","ERP"
"4966","2026-04-23","41006","CC009","1158","USD","45820.46","GL posting 4966","ERP"
"4967","2026-05-22","41048","CC015","1010","CHF","25046.11","GL posting 4967","ERP"
"4968","2026-06-04","41017","CC012","1133","GBP","6580.48","GL posting 4968","ERP"
"4969","2026-03-15","41000","CC005","","JPY","33472.72","GL posting 4969","ERP"
"4970","2026-01-08","41003","CC014","1175","CHF","31613.16","GL posting 4970","ERP"
"4971","2026-07-22","41041","CC012","1048","CHF","9757.3","GL posting 4971","ERP"
"4972","2026-05-02","41002","CC002","1121","USD","33313.17","GL posting 4972","ERP"
"4973","2026-04-28","41037","CC015","1004","USD","23914.19","GL posting 4973","ERP"
"4974","2026-02-05","41003","CC013","1172","GBP","14751.52","GL posting 4974","ERP"
"4975","2026-01-04","41015","CC002","1006","EUR","21870.97","GL posting 4975","ERP"
"4976","2026-03-14","41025","CC006","1162","EUR","16623.64","GL posting 4976","ERP"
"4977","2026-06-14","41007","CC014","1189","USD","46662.87","GL posting 4977","ERP"
"4978","2026-03-01","41011","CC009","1045","EUR","12315.89","GL posting 4978","ERP"
"4979","2026-06-23","41028","CC001","1031","USD","8529.46","GL posting 4979","ERP"
"4980","2026-02-26","41015","CC011","1000","GBP","26593.71","GL posting 4980","ERP"
"4981","2026-06-03","41034","CC006","1138","USD","15861.04","GL posting 4981","ERP"
"4982","2026-02-22","41038","CC011","1053","JPY","24424.28","GL posting 4982","ERP"
"4983","2026-02-16","41002","CC003","1033","EUR","34253.84","GL posting 4983","ERP"
"4984","2026-01-05","41005","CC020","1138","JPY","11510.36","GL posting 4984","ERP"
"4985","2026-01-29","41002","CC009","1043","CHF","31203.96","GL posting 4985","ERP"
"4986","2026-05-10","41023","CC016","1129","USD","39390.29","GL posting 4986","ERP"
"4987","2026-02-22","41039","CC010","1048","CHF","46822.79","GL posting 4987","ERP"
"4988","2026-06-10","41047","CC005","1059","EUR","16161.97","GL posting 4988","ERP"
"4989","2026-06-19","41043","CC001","1107","GBP","42255.52","GL posting 4989","ERP"
"4990","2026-04-05","41015","CC002","1098","CHF","5613.58","GL posting 4990","ERP"
"4991","2026-01-18","41000","CC020","1062","EUR","-1050.03","GL posting 4991","ERP"
"4992","2026-04-07","41002","CC018","1034","CHF","34435.58","GL posting 4992","ERP"
"4993","2026-07-12","41044","CC009","1085","JPY","42921.75","GL posting 4993","ERP"
"4994","2026-04-08","41013","CC018","1017","CHF","40215.03","GL posting 4994","ERP"
"4995","2026-05-09","41008","CC009","1038","USD","-1017.05","GL posting 4995","ERP"
"4996","2026-05-31","41015","CC001","1008","JPY","2029.65","GL posting 4996","ERP"
"4997","2026-04-29","41010","CC009","1171","EUR","15357.88","GL posting 4997","ERP"
"4998","2026-07-24","41007","CC015","1137","USD","24576.27","GL posting 4998","ERP"
"4999","2026-02-21","41040","CC017","1130","CHF","4224.11","GL posting 4999","ERP"
"5000","2026-07-23","41015","CC008","1124","JPY","23093.03","GL posting 5000","ERP"
